2026-05-08 14:43:36,864 - spark session - INFO - Start to connecting to Spark...
2026-05-08 14:43:42,094 - spark session - INFO - Connected To Spark
2026-05-08 14:47:33,986 - spark session - INFO - Start to connecting to Spark...
2026-05-08 14:47:40,179 - spark session - INFO - Connected To Spark
2026-05-08 14:54:03,598 - spark session - INFO - Start to connecting to Spark...
2026-05-08 14:54:09,910 - spark session - INFO - Connected To Spark
2026-05-08 14:55:16,467 - spark session - INFO - Start to connecting to Spark...
2026-05-08 14:55:21,965 - spark session - INFO - Connected To Spark
2026-05-08 14:55:22,314 - transform - INFO - count of rows before cleaning and duplicating : 150000
2026-05-08 14:56:01,809 - spark session - INFO - Start to connecting to Spark...
2026-05-08 14:56:06,820 - spark session - INFO - Connected To Spark
2026-05-08 14:56:07,140 - transform - INFO - count of rows before cleaning and duplicating : 150000
2026-05-08 14:56:18,936 - spark session - INFO - Start to connecting to Spark...
2026-05-08 14:56:24,068 - spark session - INFO - Connected To Spark
2026-05-08 14:56:24,401 - transform - INFO - count of rows before cleaning and duplicating : 150000
2026-05-08 14:56:24,407 - transform - INFO - type of columns [('Date', 'string'), ('Time', 'timestamp'), ('Booking ID', 'string'), ('Booking Status', 'string'), ('Customer ID', 'string'), ('Vehicle Type', 'string'), ('Pickup Location', 'string'), ('Drop Location', 'string'), ('Cancelled Rides by Customer', 'int'), ('Reason for cancelling by Customer', 'string'), ('Cancelled Rides by Driver', 'int'), ('Driver Cancellation Reason', 'string'), ('Incomplete Rides', 'int'), ('Incomplete Rides Reason', 'string'), ('Booking Value', 'int'), ('Ride Distance', 'double'), ('Driver Ratings', 'double'), ('Customer Rating', 'double'), ('Payment Method', 'string')]
2026-05-08 14:59:19,710 - spark session - INFO - Start to connecting to Spark...
2026-05-08 14:59:25,860 - spark session - INFO - Connected To Spark
2026-05-08 14:59:26,220 - transform - INFO - count of rows before cleaning and duplicating : 150000
2026-05-08 14:59:26,220 - transform - INFO - type of columns [('Date', 'string'), ('Time', 'timestamp'), ('Booking ID', 'string'), ('Booking Status', 'string'), ('Customer ID', 'string'), ('Vehicle Type', 'string'), ('Pickup Location', 'string'), ('Drop Location', 'string'), ('Cancelled Rides by Customer', 'int'), ('Reason for cancelling by Customer', 'string'), ('Cancelled Rides by Driver', 'int'), ('Driver Cancellation Reason', 'string'), ('Incomplete Rides', 'int'), ('Incomplete Rides Reason', 'string'), ('Booking Value', 'int'), ('Ride Distance', 'double'), ('Driver Ratings', 'double'), ('Customer Rating', 'double'), ('Payment Method', 'string')]
2026-05-08 15:00:36,556 - spark session - INFO - Start to connecting to Spark...
2026-05-08 15:00:42,002 - spark session - INFO - Connected To Spark
2026-05-08 15:00:42,383 - transform - INFO - count of rows before cleaning and duplicating : 150000
2026-05-08 15:00:42,383 - transform - INFO - type of columns [('Date', 'string'), ('Time', 'timestamp'), ('Booking ID', 'string'), ('Booking Status', 'string'), ('Customer ID', 'string'), ('Vehicle Type', 'string'), ('Pickup Location', 'string'), ('Drop Location', 'string'), ('Cancelled Rides by Customer', 'int'), ('Reason for cancelling by Customer', 'string'), ('Cancelled Rides by Driver', 'int'), ('Driver Cancellation Reason', 'string'), ('Incomplete Rides', 'int'), ('Incomplete Rides Reason', 'string'), ('Booking Value', 'int'), ('Ride Distance', 'double'), ('Driver Ratings', 'double'), ('Customer Rating', 'double'), ('Payment Method', 'string')]
2026-05-08 15:00:43,833 - spark session - INFO - Start to connecting to Spark...
2026-05-08 15:00:49,183 - spark session - INFO - Connected To Spark
2026-05-08 15:00:49,501 - transform - INFO - count of rows before cleaning and duplicating : 150000
2026-05-08 15:00:49,501 - transform - INFO - type of columns [('Date', 'string'), ('Time', 'timestamp'), ('Booking ID', 'string'), ('Booking Status', 'string'), ('Customer ID', 'string'), ('Vehicle Type', 'string'), ('Pickup Location', 'string'), ('Drop Location', 'string'), ('Cancelled Rides by Customer', 'int'), ('Reason for cancelling by Customer', 'string'), ('Cancelled Rides by Driver', 'int'), ('Driver Cancellation Reason', 'string'), ('Incomplete Rides', 'int'), ('Incomplete Rides Reason', 'string'), ('Booking Value', 'int'), ('Ride Distance', 'double'), ('Driver Ratings', 'double'), ('Customer Rating', 'double'), ('Payment Method', 'string')]
2026-05-08 15:01:24,060 - spark session - INFO - Start to connecting to Spark...
2026-05-08 15:01:29,158 - spark session - INFO - Connected To Spark
2026-05-08 15:01:29,482 - transform - INFO - count of rows before cleaning and duplicating : 150000
2026-05-08 15:01:29,482 - transform - INFO - type of columns [('Date', 'string'), ('Time', 'timestamp'), ('Booking ID', 'string'), ('Booking Status', 'string'), ('Customer ID', 'string'), ('Vehicle Type', 'string'), ('Pickup Location', 'string'), ('Drop Location', 'string'), ('Cancelled Rides by Customer', 'int'), ('Reason for cancelling by Customer', 'string'), ('Cancelled Rides by Driver', 'int'), ('Driver Cancellation Reason', 'string'), ('Incomplete Rides', 'int'), ('Incomplete Rides Reason', 'string'), ('Booking Value', 'int'), ('Ride Distance', 'double'), ('Driver Ratings', 'double'), ('Customer Rating', 'double'), ('Payment Method', 'string')]
2026-05-08 15:04:13,410 - spark session - INFO - Start to connecting to Spark...
2026-05-08 15:04:20,038 - spark session - INFO - Connected To Spark
2026-05-08 15:04:20,397 - transform - INFO - count of rows before cleaning and duplicating : 150000
2026-05-08 15:04:20,398 - transform - INFO - type of columns [('Date', 'string'), ('Time', 'timestamp'), ('Booking ID', 'string'), ('Booking Status', 'string'), ('Customer ID', 'string'), ('Vehicle Type', 'string'), ('Pickup Location', 'string'), ('Drop Location', 'string'), ('Cancelled Rides by Customer', 'int'), ('Reason for cancelling by Customer', 'string'), ('Cancelled Rides by Driver', 'int'), ('Driver Cancellation Reason', 'string'), ('Incomplete Rides', 'int'), ('Incomplete Rides Reason', 'string'), ('Booking Value', 'int'), ('Ride Distance', 'double'), ('Driver Ratings', 'double'), ('Customer Rating', 'double'), ('Payment Method', 'string')]
2026-05-08 15:04:32,660 - spark session - INFO - Start to connecting to Spark...
2026-05-08 15:04:37,700 - spark session - INFO - Connected To Spark
2026-05-08 15:04:38,103 - transform - INFO - count of rows before cleaning and duplicating : 150000
2026-05-08 15:04:38,103 - transform - INFO - type of columns [('Date', 'string'), ('Time', 'timestamp'), ('Booking ID', 'string'), ('Booking Status', 'string'), ('Customer ID', 'string'), ('Vehicle Type', 'string'), ('Pickup Location', 'string'), ('Drop Location', 'string'), ('Cancelled Rides by Customer', 'int'), ('Reason for cancelling by Customer', 'string'), ('Cancelled Rides by Driver', 'int'), ('Driver Cancellation Reason', 'string'), ('Incomplete Rides', 'int'), ('Incomplete Rides Reason', 'string'), ('Booking Value', 'int'), ('Ride Distance', 'double'), ('Driver Ratings', 'double'), ('Customer Rating', 'double'), ('Payment Method', 'string')]
2026-05-08 15:05:01,352 - spark session - INFO - Start to connecting to Spark...
2026-05-08 15:05:06,424 - spark session - INFO - Connected To Spark
2026-05-08 15:05:06,775 - transform - INFO - count of rows before cleaning and duplicating : 150000
2026-05-08 15:05:06,775 - transform - INFO - type of columns [('Date', 'string'), ('Time', 'timestamp'), ('Booking ID', 'string'), ('Booking Status', 'string'), ('Customer ID', 'string'), ('Vehicle Type', 'string'), ('Pickup Location', 'string'), ('Drop Location', 'string'), ('Cancelled Rides by Customer', 'int'), ('Reason for cancelling by Customer', 'string'), ('Cancelled Rides by Driver', 'int'), ('Driver Cancellation Reason', 'string'), ('Incomplete Rides', 'int'), ('Incomplete Rides Reason', 'string'), ('Booking Value', 'int'), ('Ride Distance', 'double'), ('Driver Ratings', 'double'), ('Customer Rating', 'double'), ('Payment Method', 'string')]
2026-05-08 15:05:13,117 - spark session - INFO - Start to connecting to Spark...
2026-05-08 15:05:17,903 - spark session - INFO - Connected To Spark
2026-05-08 15:05:18,246 - transform - INFO - count of rows before cleaning and duplicating : 150000
2026-05-08 15:05:18,246 - transform - INFO - type of columns [('Date', 'string'), ('Time', 'timestamp'), ('Booking ID', 'string'), ('Booking Status', 'string'), ('Customer ID', 'string'), ('Vehicle Type', 'string'), ('Pickup Location', 'string'), ('Drop Location', 'string'), ('Cancelled Rides by Customer', 'int'), ('Reason for cancelling by Customer', 'string'), ('Cancelled Rides by Driver', 'int'), ('Driver Cancellation Reason', 'string'), ('Incomplete Rides', 'int'), ('Incomplete Rides Reason', 'string'), ('Booking Value', 'int'), ('Ride Distance', 'double'), ('Driver Ratings', 'double'), ('Customer Rating', 'double'), ('Payment Method', 'string')]
2026-05-08 15:06:34,003 - spark session - INFO - Start to connecting to Spark...
2026-05-08 15:06:39,336 - spark session - INFO - Connected To Spark
2026-05-08 15:06:39,697 - transform - INFO - count of rows before cleaning and duplicating : 150000
2026-05-08 15:06:39,697 - transform - INFO - type of columns [('Date', 'string'), ('Time', 'timestamp'), ('Booking ID', 'string'), ('Booking Status', 'string'), ('Customer ID', 'string'), ('Vehicle Type', 'string'), ('Pickup Location', 'string'), ('Drop Location', 'string'), ('Cancelled Rides by Customer', 'int'), ('Reason for cancelling by Customer', 'string'), ('Cancelled Rides by Driver', 'int'), ('Driver Cancellation Reason', 'string'), ('Incomplete Rides', 'int'), ('Incomplete Rides Reason', 'string'), ('Booking Value', 'int'), ('Ride Distance', 'double'), ('Driver Ratings', 'double'), ('Customer Rating', 'double'), ('Payment Method', 'string')]
2026-05-08 15:06:40,575 - transform - INFO - 1224 row was removed because is duplicated
2026-05-08 15:07:07,919 - spark session - INFO - Start to connecting to Spark...
2026-05-08 15:07:12,748 - spark session - INFO - Connected To Spark
2026-05-08 15:07:13,068 - transform - INFO - count of rows before cleaning and duplicating : 150000
2026-05-08 15:07:13,068 - transform - INFO - type of columns [('Date', 'string'), ('Time', 'timestamp'), ('Booking ID', 'string'), ('Booking Status', 'string'), ('Customer ID', 'string'), ('Vehicle Type', 'string'), ('Pickup Location', 'string'), ('Drop Location', 'string'), ('Cancelled Rides by Customer', 'int'), ('Reason for cancelling by Customer', 'string'), ('Cancelled Rides by Driver', 'int'), ('Driver Cancellation Reason', 'string'), ('Incomplete Rides', 'int'), ('Incomplete Rides Reason', 'string'), ('Booking Value', 'int'), ('Ride Distance', 'double'), ('Driver Ratings', 'double'), ('Customer Rating', 'double'), ('Payment Method', 'string')]
2026-05-08 15:07:13,955 - transform - INFO - 1224 row was removed because is duplicated
2026-05-08 15:07:14,331 - transform - INFO - 148767 unique rows
2026-05-08 15:12:43,146 - spark session - INFO - Start to connecting to Spark...
2026-05-08 15:12:50,134 - spark session - INFO - Connected To Spark
2026-05-08 15:12:50,471 - transform - INFO - count of rows before cleaning and duplicating : 150000
2026-05-08 15:12:50,471 - transform - INFO - type of columns [('Date', 'string'), ('Time', 'timestamp'), ('Booking ID', 'string'), ('Booking Status', 'string'), ('Customer ID', 'string'), ('Vehicle Type', 'string'), ('Pickup Location', 'string'), ('Drop Location', 'string'), ('Cancelled Rides by Customer', 'int'), ('Reason for cancelling by Customer', 'string'), ('Cancelled Rides by Driver', 'int'), ('Driver Cancellation Reason', 'string'), ('Incomplete Rides', 'int'), ('Incomplete Rides Reason', 'string'), ('Booking Value', 'int'), ('Ride Distance', 'double'), ('Driver Ratings', 'double'), ('Customer Rating', 'double'), ('Payment Method', 'string')]
2026-05-08 15:12:51,445 - transform - INFO - 1224 row was removed because is duplicated
2026-05-08 15:12:51,819 - transform - INFO - 148767 unique rows
2026-05-08 15:13:51,623 - spark session - INFO - Start to connecting to Spark...
2026-05-08 15:13:57,978 - spark session - INFO - Connected To Spark
2026-05-08 15:13:58,348 - transform - INFO - count of rows before cleaning and duplicating : 150000
2026-05-08 15:13:58,348 - transform - INFO - type of columns [('Date', 'string'), ('Time', 'timestamp'), ('Booking ID', 'string'), ('Booking Status', 'string'), ('Customer ID', 'string'), ('Vehicle Type', 'string'), ('Pickup Location', 'string'), ('Drop Location', 'string'), ('Cancelled Rides by Customer', 'int'), ('Reason for cancelling by Customer', 'string'), ('Cancelled Rides by Driver', 'int'), ('Driver Cancellation Reason', 'string'), ('Incomplete Rides', 'int'), ('Incomplete Rides Reason', 'string'), ('Booking Value', 'int'), ('Ride Distance', 'double'), ('Driver Ratings', 'double'), ('Customer Rating', 'double'), ('Payment Method', 'string')]
2026-05-08 15:13:59,288 - transform - INFO - 1224 row was removed because is duplicated
2026-05-08 15:13:59,640 - transform - INFO - 148767 unique rows
2026-05-08 15:15:06,053 - spark session - INFO - Start to connecting to Spark...
2026-05-08 15:15:12,190 - spark session - INFO - Connected To Spark
2026-05-08 15:15:12,574 - transform - INFO - count of rows before cleaning and duplicating : 150000
2026-05-08 15:15:12,574 - transform - INFO - type of columns [('Date', 'string'), ('Time', 'timestamp'), ('Booking ID', 'string'), ('Booking Status', 'string'), ('Customer ID', 'string'), ('Vehicle Type', 'string'), ('Pickup Location', 'string'), ('Drop Location', 'string'), ('Cancelled Rides by Customer', 'int'), ('Reason for cancelling by Customer', 'string'), ('Cancelled Rides by Driver', 'int'), ('Driver Cancellation Reason', 'string'), ('Incomplete Rides', 'int'), ('Incomplete Rides Reason', 'string'), ('Booking Value', 'int'), ('Ride Distance', 'double'), ('Driver Ratings', 'double'), ('Customer Rating', 'double'), ('Payment Method', 'string')]
2026-05-08 15:15:13,492 - transform - INFO - 1224 row was removed because is duplicated
2026-05-08 15:15:13,878 - transform - INFO - 148767 unique rows
2026-05-08 15:20:09,754 - spark session - INFO - Start to connecting to Spark...
2026-05-08 15:20:16,029 - spark session - INFO - Connected To Spark
2026-05-08 15:20:16,193 - transform - INFO - get information about dataset...
2026-05-08 15:20:16,561 - transform - INFO - count of rows before cleaning and duplicating : 150000
2026-05-08 15:20:16,561 - transform - INFO - type of columns [('Date', 'string'), ('Time', 'timestamp'), ('Booking ID', 'string'), ('Booking Status', 'string'), ('Customer ID', 'string'), ('Vehicle Type', 'string'), ('Pickup Location', 'string'), ('Drop Location', 'string'), ('Cancelled Rides by Customer', 'int'), ('Reason for cancelling by Customer', 'string'), ('Cancelled Rides by Driver', 'int'), ('Driver Cancellation Reason', 'string'), ('Incomplete Rides', 'int'), ('Incomplete Rides Reason', 'string'), ('Booking Value', 'int'), ('Ride Distance', 'double'), ('Driver Ratings', 'double'), ('Customer Rating', 'double'), ('Payment Method', 'string')]
2026-05-08 15:20:16,561 - transform - INFO - remove duplicate rows...
2026-05-08 15:20:17,263 - transform - INFO - 1224 row was removed because is duplicated
2026-05-08 15:20:17,621 - transform - INFO - 148767 unique rows
2026-05-08 15:20:17,621 - transform - INFO - update null values...
2026-05-08 15:20:17,621 - spark session - INFO - Start to using sql Spark...
2026-05-08 15:20:59,495 - spark session - INFO - Start to connecting to Spark...
2026-05-08 15:21:04,835 - spark session - INFO - Connected To Spark
2026-05-08 15:21:04,994 - transform - INFO - get information about dataset...
2026-05-08 15:21:05,338 - transform - INFO - count of rows before cleaning and duplicating : 150000
2026-05-08 15:21:05,338 - transform - INFO - type of columns [('Date', 'string'), ('Time', 'timestamp'), ('Booking ID', 'string'), ('Booking Status', 'string'), ('Customer ID', 'string'), ('Vehicle Type', 'string'), ('Pickup Location', 'string'), ('Drop Location', 'string'), ('Cancelled Rides by Customer', 'int'), ('Reason for cancelling by Customer', 'string'), ('Cancelled Rides by Driver', 'int'), ('Driver Cancellation Reason', 'string'), ('Incomplete Rides', 'int'), ('Incomplete Rides Reason', 'string'), ('Booking Value', 'int'), ('Ride Distance', 'double'), ('Driver Ratings', 'double'), ('Customer Rating', 'double'), ('Payment Method', 'string')]
2026-05-08 15:21:05,338 - transform - INFO - remove duplicate rows...
2026-05-08 15:21:06,053 - transform - INFO - 1224 row was removed because is duplicated
2026-05-08 15:21:06,410 - transform - INFO - 148767 unique rows
2026-05-08 15:21:06,410 - transform - INFO - update null values...
2026-05-08 15:21:06,410 - spark session - INFO - Start to using sql Spark...
2026-05-08 15:21:22,127 - spark session - INFO - Start to connecting to Spark...
2026-05-08 15:21:26,982 - spark session - INFO - Connected To Spark
2026-05-08 15:21:27,138 - transform - INFO - get information about dataset...
2026-05-08 15:21:27,461 - transform - INFO - count of rows before cleaning and duplicating : 150000
2026-05-08 15:21:27,461 - transform - INFO - type of columns [('Date', 'string'), ('Time', 'timestamp'), ('Booking ID', 'string'), ('Booking Status', 'string'), ('Customer ID', 'string'), ('Vehicle Type', 'string'), ('Pickup Location', 'string'), ('Drop Location', 'string'), ('Cancelled Rides by Customer', 'int'), ('Reason for cancelling by Customer', 'string'), ('Cancelled Rides by Driver', 'int'), ('Driver Cancellation Reason', 'string'), ('Incomplete Rides', 'int'), ('Incomplete Rides Reason', 'string'), ('Booking Value', 'int'), ('Ride Distance', 'double'), ('Driver Ratings', 'double'), ('Customer Rating', 'double'), ('Payment Method', 'string')]
2026-05-08 15:21:27,461 - transform - INFO - remove duplicate rows...
2026-05-08 15:21:28,164 - transform - INFO - 1224 row was removed because is duplicated
2026-05-08 15:21:28,506 - transform - INFO - 148767 unique rows
2026-05-08 15:21:28,506 - transform - INFO - update null values...
2026-05-08 15:21:28,506 - spark session - INFO - Start to using sql Spark...
2026-05-08 15:21:37,754 - spark session - INFO - Start to connecting to Spark...
2026-05-08 15:21:42,693 - spark session - INFO - Connected To Spark
2026-05-08 15:21:42,853 - transform - INFO - get information about dataset...
2026-05-08 15:21:43,209 - transform - INFO - count of rows before cleaning and duplicating : 150000
2026-05-08 15:21:43,209 - transform - INFO - type of columns [('Date', 'string'), ('Time', 'timestamp'), ('Booking ID', 'string'), ('Booking Status', 'string'), ('Customer ID', 'string'), ('Vehicle Type', 'string'), ('Pickup Location', 'string'), ('Drop Location', 'string'), ('Cancelled Rides by Customer', 'int'), ('Reason for cancelling by Customer', 'string'), ('Cancelled Rides by Driver', 'int'), ('Driver Cancellation Reason', 'string'), ('Incomplete Rides', 'int'), ('Incomplete Rides Reason', 'string'), ('Booking Value', 'int'), ('Ride Distance', 'double'), ('Driver Ratings', 'double'), ('Customer Rating', 'double'), ('Payment Method', 'string')]
2026-05-08 15:21:43,209 - transform - INFO - remove duplicate rows...
2026-05-08 15:21:44,002 - transform - INFO - 1224 row was removed because is duplicated
2026-05-08 15:21:44,357 - transform - INFO - 148767 unique rows
2026-05-08 15:21:44,357 - transform - INFO - update null values...
2026-05-08 15:21:44,357 - spark session - INFO - Start to using sql Spark...
2026-05-08 15:22:10,330 - spark session - INFO - Start to connecting to Spark...
2026-05-08 15:22:15,609 - spark session - INFO - Connected To Spark
2026-05-08 15:22:15,767 - transform - INFO - get information about dataset...
2026-05-08 15:22:16,097 - transform - INFO - count of rows before cleaning and duplicating : 150000
2026-05-08 15:22:16,097 - transform - INFO - type of columns [('Date', 'string'), ('Time', 'timestamp'), ('Booking ID', 'string'), ('Booking Status', 'string'), ('Customer ID', 'string'), ('Vehicle Type', 'string'), ('Pickup Location', 'string'), ('Drop Location', 'string'), ('Cancelled Rides by Customer', 'int'), ('Reason for cancelling by Customer', 'string'), ('Cancelled Rides by Driver', 'int'), ('Driver Cancellation Reason', 'string'), ('Incomplete Rides', 'int'), ('Incomplete Rides Reason', 'string'), ('Booking Value', 'int'), ('Ride Distance', 'double'), ('Driver Ratings', 'double'), ('Customer Rating', 'double'), ('Payment Method', 'string')]
2026-05-08 15:22:16,097 - transform - INFO - remove duplicate rows...
2026-05-08 15:22:16,864 - transform - INFO - 1224 row was removed because is duplicated
2026-05-08 15:22:17,219 - transform - INFO - 148767 unique rows
2026-05-08 15:22:17,219 - transform - INFO - update null values...
2026-05-08 15:22:17,219 - spark session - INFO - Start to using sql Spark...
2026-05-08 15:22:32,868 - spark session - INFO - Start to connecting to Spark...
2026-05-08 15:22:37,581 - spark session - INFO - Connected To Spark
2026-05-08 15:22:37,735 - transform - INFO - get information about dataset...
2026-05-08 15:22:38,059 - transform - INFO - count of rows before cleaning and duplicating : 150000
2026-05-08 15:22:38,059 - transform - INFO - type of columns [('Date', 'string'), ('Time', 'timestamp'), ('Booking ID', 'string'), ('Booking Status', 'string'), ('Customer ID', 'string'), ('Vehicle Type', 'string'), ('Pickup Location', 'string'), ('Drop Location', 'string'), ('Cancelled Rides by Customer', 'int'), ('Reason for cancelling by Customer', 'string'), ('Cancelled Rides by Driver', 'int'), ('Driver Cancellation Reason', 'string'), ('Incomplete Rides', 'int'), ('Incomplete Rides Reason', 'string'), ('Booking Value', 'int'), ('Ride Distance', 'double'), ('Driver Ratings', 'double'), ('Customer Rating', 'double'), ('Payment Method', 'string')]
2026-05-08 15:22:38,059 - transform - INFO - remove duplicate rows...
2026-05-08 15:22:38,740 - transform - INFO - 1224 row was removed because is duplicated
2026-05-08 15:22:39,068 - transform - INFO - 148767 unique rows
2026-05-08 15:22:39,068 - transform - INFO - update null values...
2026-05-08 15:22:39,068 - spark session - INFO - Start to using sql Spark...
2026-05-08 15:23:14,540 - spark session - INFO - Start to connecting to Spark...
2026-05-08 15:23:20,209 - spark session - INFO - Connected To Spark
2026-05-08 15:23:20,397 - transform - INFO - get information about dataset...
2026-05-08 15:23:20,712 - transform - INFO - count of rows before cleaning and duplicating : 150000
2026-05-08 15:23:20,712 - transform - INFO - type of columns [('Date', 'string'), ('Time', 'timestamp'), ('Booking ID', 'string'), ('Booking Status', 'string'), ('Customer ID', 'string'), ('Vehicle Type', 'string'), ('Pickup Location', 'string'), ('Drop Location', 'string'), ('Cancelled Rides by Customer', 'int'), ('Reason for cancelling by Customer', 'string'), ('Cancelled Rides by Driver', 'int'), ('Driver Cancellation Reason', 'string'), ('Incomplete Rides', 'int'), ('Incomplete Rides Reason', 'string'), ('Booking Value', 'int'), ('Ride Distance', 'double'), ('Driver Ratings', 'double'), ('Customer Rating', 'double'), ('Payment Method', 'string')]
2026-05-08 15:23:20,712 - transform - INFO - remove duplicate rows...
2026-05-08 15:23:22,578 - spark session - INFO - Start to connecting to Spark...
2026-05-08 15:23:27,585 - spark session - INFO - Connected To Spark
2026-05-08 15:23:27,744 - transform - INFO - get information about dataset...
2026-05-08 15:23:28,103 - transform - INFO - count of rows before cleaning and duplicating : 150000
2026-05-08 15:23:28,103 - transform - INFO - type of columns [('Date', 'string'), ('Time', 'timestamp'), ('Booking ID', 'string'), ('Booking Status', 'string'), ('Customer ID', 'string'), ('Vehicle Type', 'string'), ('Pickup Location', 'string'), ('Drop Location', 'string'), ('Cancelled Rides by Customer', 'int'), ('Reason for cancelling by Customer', 'string'), ('Cancelled Rides by Driver', 'int'), ('Driver Cancellation Reason', 'string'), ('Incomplete Rides', 'int'), ('Incomplete Rides Reason', 'string'), ('Booking Value', 'int'), ('Ride Distance', 'double'), ('Driver Ratings', 'double'), ('Customer Rating', 'double'), ('Payment Method', 'string')]
2026-05-08 15:23:28,103 - transform - INFO - remove duplicate rows...
2026-05-08 15:23:28,809 - transform - INFO - 1224 row was removed because is duplicated
2026-05-08 15:23:29,146 - transform - INFO - 148767 unique rows
2026-05-08 15:23:29,146 - transform - INFO - update null values...
2026-05-08 15:23:29,146 - spark session - INFO - Start to using sql Spark...
2026-05-08 15:23:36,690 - spark session - INFO - Start to connecting to Spark...
2026-05-08 15:23:41,504 - spark session - INFO - Connected To Spark
2026-05-08 15:23:41,668 - transform - INFO - get information about dataset...
2026-05-08 15:23:41,994 - transform - INFO - count of rows before cleaning and duplicating : 150000
2026-05-08 15:23:41,995 - transform - INFO - type of columns [('Date', 'string'), ('Time', 'timestamp'), ('Booking ID', 'string'), ('Booking Status', 'string'), ('Customer ID', 'string'), ('Vehicle Type', 'string'), ('Pickup Location', 'string'), ('Drop Location', 'string'), ('Cancelled Rides by Customer', 'int'), ('Reason for cancelling by Customer', 'string'), ('Cancelled Rides by Driver', 'int'), ('Driver Cancellation Reason', 'string'), ('Incomplete Rides', 'int'), ('Incomplete Rides Reason', 'string'), ('Booking Value', 'int'), ('Ride Distance', 'double'), ('Driver Ratings', 'double'), ('Customer Rating', 'double'), ('Payment Method', 'string')]
2026-05-08 15:23:41,995 - transform - INFO - remove duplicate rows...
2026-05-08 15:23:42,762 - transform - INFO - 1224 row was removed because is duplicated
2026-05-08 15:23:43,127 - transform - INFO - 148767 unique rows
2026-05-08 15:23:43,127 - transform - INFO - update null values...
2026-05-08 15:23:43,127 - spark session - INFO - Start to using sql Spark...
2026-05-08 15:25:00,886 - spark session - INFO - Start to connecting to Spark...
2026-05-08 15:25:07,061 - spark session - INFO - Connected To Spark
2026-05-08 15:25:07,224 - transform - INFO - get information about dataset...
2026-05-08 15:25:07,592 - transform - INFO - count of rows before cleaning and duplicating : 150000
2026-05-08 15:25:07,592 - transform - INFO - type of columns [('Date', 'string'), ('Time', 'timestamp'), ('Booking ID', 'string'), ('Booking Status', 'string'), ('Customer ID', 'string'), ('Vehicle Type', 'string'), ('Pickup Location', 'string'), ('Drop Location', 'string'), ('Cancelled Rides by Customer', 'int'), ('Reason for cancelling by Customer', 'string'), ('Cancelled Rides by Driver', 'int'), ('Driver Cancellation Reason', 'string'), ('Incomplete Rides', 'int'), ('Incomplete Rides Reason', 'string'), ('Booking Value', 'int'), ('Ride Distance', 'double'), ('Driver Ratings', 'double'), ('Customer Rating', 'double'), ('Payment Method', 'string')]
2026-05-08 15:25:07,592 - transform - INFO - remove duplicate rows...
2026-05-08 15:25:08,376 - transform - INFO - 1224 row was removed because is duplicated
2026-05-08 15:25:08,734 - transform - INFO - 148767 unique rows
2026-05-08 15:25:08,734 - transform - INFO - update null values...
2026-05-08 15:25:08,734 - spark session - INFO - Start to using sql Spark...
2026-05-08 15:25:20,474 - spark session - INFO - Start to connecting to Spark...
2026-05-08 15:25:25,454 - spark session - INFO - Connected To Spark
2026-05-08 15:25:25,610 - transform - INFO - get information about dataset...
2026-05-08 15:25:25,940 - transform - INFO - count of rows before cleaning and duplicating : 150000
2026-05-08 15:25:25,940 - transform - INFO - type of columns [('Date', 'string'), ('Time', 'timestamp'), ('Booking ID', 'string'), ('Booking Status', 'string'), ('Customer ID', 'string'), ('Vehicle Type', 'string'), ('Pickup Location', 'string'), ('Drop Location', 'string'), ('Cancelled Rides by Customer', 'int'), ('Reason for cancelling by Customer', 'string'), ('Cancelled Rides by Driver', 'int'), ('Driver Cancellation Reason', 'string'), ('Incomplete Rides', 'int'), ('Incomplete Rides Reason', 'string'), ('Booking Value', 'int'), ('Ride Distance', 'double'), ('Driver Ratings', 'double'), ('Customer Rating', 'double'), ('Payment Method', 'string')]
2026-05-08 15:25:25,940 - transform - INFO - remove duplicate rows...
2026-05-08 15:25:26,650 - transform - INFO - 1224 row was removed because is duplicated
2026-05-08 15:25:27,002 - transform - INFO - 148767 unique rows
2026-05-08 15:25:27,002 - transform - INFO - update null values...
2026-05-08 15:25:27,002 - spark session - INFO - Start to using sql Spark...
2026-05-08 15:25:31,260 - spark session - INFO - Start to connecting to Spark...
2026-05-08 15:25:36,194 - spark session - INFO - Connected To Spark
2026-05-08 15:25:36,356 - transform - INFO - get information about dataset...
2026-05-08 15:25:36,710 - transform - INFO - count of rows before cleaning and duplicating : 150000
2026-05-08 15:25:36,710 - transform - INFO - type of columns [('Date', 'string'), ('Time', 'timestamp'), ('Booking ID', 'string'), ('Booking Status', 'string'), ('Customer ID', 'string'), ('Vehicle Type', 'string'), ('Pickup Location', 'string'), ('Drop Location', 'string'), ('Cancelled Rides by Customer', 'int'), ('Reason for cancelling by Customer', 'string'), ('Cancelled Rides by Driver', 'int'), ('Driver Cancellation Reason', 'string'), ('Incomplete Rides', 'int'), ('Incomplete Rides Reason', 'string'), ('Booking Value', 'int'), ('Ride Distance', 'double'), ('Driver Ratings', 'double'), ('Customer Rating', 'double'), ('Payment Method', 'string')]
2026-05-08 15:25:36,710 - transform - INFO - remove duplicate rows...
2026-05-08 15:25:37,493 - transform - INFO - 1224 row was removed because is duplicated
2026-05-08 15:25:37,842 - transform - INFO - 148767 unique rows
2026-05-08 15:25:37,842 - transform - INFO - update null values...
2026-05-08 15:25:37,842 - spark session - INFO - Start to using sql Spark...
2026-05-08 15:27:52,606 - spark session - INFO - Start to connecting to Spark...
2026-05-08 15:27:58,785 - spark session - INFO - Connected To Spark
2026-05-08 15:27:58,956 - transform - INFO - get information about dataset...
2026-05-08 15:27:59,291 - transform - INFO - count of rows before cleaning and duplicating : 150000
2026-05-08 15:27:59,291 - transform - INFO - type of columns [('Date', 'string'), ('Time', 'timestamp'), ('Booking ID', 'string'), ('Booking Status', 'string'), ('Customer ID', 'string'), ('Vehicle Type', 'string'), ('Pickup Location', 'string'), ('Drop Location', 'string'), ('Cancelled Rides by Customer', 'int'), ('Reason for cancelling by Customer', 'string'), ('Cancelled Rides by Driver', 'int'), ('Driver Cancellation Reason', 'string'), ('Incomplete Rides', 'int'), ('Incomplete Rides Reason', 'string'), ('Booking Value', 'int'), ('Ride Distance', 'double'), ('Driver Ratings', 'double'), ('Customer Rating', 'double'), ('Payment Method', 'string')]
2026-05-08 15:27:59,291 - transform - INFO - remove duplicate rows...
2026-05-08 15:28:00,062 - transform - INFO - 1224 row was removed because is duplicated
2026-05-08 15:28:00,433 - transform - INFO - 148767 unique rows
2026-05-08 15:28:00,433 - transform - INFO - update null values...
2026-05-08 15:28:00,433 - spark session - INFO - Start to using sql Spark...
2026-05-08 15:28:08,556 - spark session - INFO - Start to connecting to Spark...
2026-05-08 15:28:13,616 - spark session - INFO - Connected To Spark
2026-05-08 15:28:13,771 - transform - INFO - get information about dataset...
2026-05-08 15:28:14,094 - transform - INFO - count of rows before cleaning and duplicating : 150000
2026-05-08 15:28:14,094 - transform - INFO - type of columns [('Date', 'string'), ('Time', 'timestamp'), ('Booking ID', 'string'), ('Booking Status', 'string'), ('Customer ID', 'string'), ('Vehicle Type', 'string'), ('Pickup Location', 'string'), ('Drop Location', 'string'), ('Cancelled Rides by Customer', 'int'), ('Reason for cancelling by Customer', 'string'), ('Cancelled Rides by Driver', 'int'), ('Driver Cancellation Reason', 'string'), ('Incomplete Rides', 'int'), ('Incomplete Rides Reason', 'string'), ('Booking Value', 'int'), ('Ride Distance', 'double'), ('Driver Ratings', 'double'), ('Customer Rating', 'double'), ('Payment Method', 'string')]
2026-05-08 15:28:14,094 - transform - INFO - remove duplicate rows...
2026-05-08 15:28:14,836 - transform - INFO - 1224 row was removed because is duplicated
2026-05-08 15:28:15,177 - transform - INFO - 148767 unique rows
2026-05-08 15:28:15,177 - transform - INFO - update null values...
2026-05-08 15:28:15,177 - spark session - INFO - Start to using sql Spark...
2026-05-08 15:28:28,585 - spark session - INFO - Start to connecting to Spark...
2026-05-08 15:28:33,737 - spark session - INFO - Connected To Spark
2026-05-08 15:28:33,903 - transform - INFO - get information about dataset...
2026-05-08 15:28:34,295 - transform - INFO - count of rows before cleaning and duplicating : 150000
2026-05-08 15:28:34,296 - transform - INFO - type of columns [('Date', 'string'), ('Time', 'timestamp'), ('Booking ID', 'string'), ('Booking Status', 'string'), ('Customer ID', 'string'), ('Vehicle Type', 'string'), ('Pickup Location', 'string'), ('Drop Location', 'string'), ('Cancelled Rides by Customer', 'int'), ('Reason for cancelling by Customer', 'string'), ('Cancelled Rides by Driver', 'int'), ('Driver Cancellation Reason', 'string'), ('Incomplete Rides', 'int'), ('Incomplete Rides Reason', 'string'), ('Booking Value', 'int'), ('Ride Distance', 'double'), ('Driver Ratings', 'double'), ('Customer Rating', 'double'), ('Payment Method', 'string')]
2026-05-08 15:28:34,296 - transform - INFO - remove duplicate rows...
2026-05-08 15:28:35,048 - transform - INFO - 1224 row was removed because is duplicated
2026-05-08 15:28:35,432 - transform - INFO - 148767 unique rows
2026-05-08 15:28:35,432 - transform - INFO - update null values...
2026-05-08 15:28:35,432 - spark session - INFO - Start to using sql Spark...
2026-05-08 15:29:46,483 - spark session - INFO - Start to connecting to Spark...
2026-05-08 15:29:53,207 - spark session - INFO - Connected To Spark
2026-05-08 15:29:53,371 - transform - INFO - get information about dataset...
2026-05-08 15:29:53,733 - transform - INFO - count of rows before cleaning and duplicating : 150000
2026-05-08 15:29:53,733 - transform - INFO - type of columns [('Date', 'string'), ('Time', 'timestamp'), ('Booking ID', 'string'), ('Booking Status', 'string'), ('Customer ID', 'string'), ('Vehicle Type', 'string'), ('Pickup Location', 'string'), ('Drop Location', 'string'), ('Cancelled Rides by Customer', 'int'), ('Reason for cancelling by Customer', 'string'), ('Cancelled Rides by Driver', 'int'), ('Driver Cancellation Reason', 'string'), ('Incomplete Rides', 'int'), ('Incomplete Rides Reason', 'string'), ('Booking Value', 'int'), ('Ride Distance', 'double'), ('Driver Ratings', 'double'), ('Customer Rating', 'double'), ('Payment Method', 'string')]
2026-05-08 15:29:53,733 - transform - INFO - remove duplicate rows...
2026-05-08 15:29:54,489 - transform - INFO - 1224 row was removed because is duplicated
2026-05-08 15:29:54,839 - transform - INFO - 148767 unique rows
2026-05-08 15:29:54,839 - transform - INFO - update null values...
2026-05-08 15:29:54,839 - spark session - INFO - Start to using sql Spark...
2026-05-08 15:30:18,799 - spark session - INFO - Start to connecting to Spark...
2026-05-08 15:30:24,165 - spark session - INFO - Connected To Spark
2026-05-08 15:30:24,336 - transform - INFO - get information about dataset...
2026-05-08 15:30:24,700 - transform - INFO - count of rows before cleaning and duplicating : 150000
2026-05-08 15:30:24,700 - transform - INFO - type of columns [('Date', 'string'), ('Time', 'timestamp'), ('Booking ID', 'string'), ('Booking Status', 'string'), ('Customer ID', 'string'), ('Vehicle Type', 'string'), ('Pickup Location', 'string'), ('Drop Location', 'string'), ('Cancelled Rides by Customer', 'int'), ('Reason for cancelling by Customer', 'string'), ('Cancelled Rides by Driver', 'int'), ('Driver Cancellation Reason', 'string'), ('Incomplete Rides', 'int'), ('Incomplete Rides Reason', 'string'), ('Booking Value', 'int'), ('Ride Distance', 'double'), ('Driver Ratings', 'double'), ('Customer Rating', 'double'), ('Payment Method', 'string')]
2026-05-08 15:30:24,700 - transform - INFO - remove duplicate rows...
2026-05-08 15:30:25,427 - transform - INFO - 1224 row was removed because is duplicated
2026-05-08 15:30:25,796 - transform - INFO - 148767 unique rows
2026-05-08 15:30:25,797 - transform - INFO - update null values...
2026-05-08 15:30:25,797 - spark session - INFO - Start to using sql Spark...
2026-05-08 15:30:41,104 - spark session - INFO - Start to connecting to Spark...
2026-05-08 15:30:45,931 - spark session - INFO - Connected To Spark
2026-05-08 15:30:46,089 - transform - INFO - get information about dataset...
2026-05-08 15:30:46,430 - transform - INFO - count of rows before cleaning and duplicating : 150000
2026-05-08 15:30:46,430 - transform - INFO - type of columns [('Date', 'string'), ('Time', 'timestamp'), ('Booking ID', 'string'), ('Booking Status', 'string'), ('Customer ID', 'string'), ('Vehicle Type', 'string'), ('Pickup Location', 'string'), ('Drop Location', 'string'), ('Cancelled Rides by Customer', 'int'), ('Reason for cancelling by Customer', 'string'), ('Cancelled Rides by Driver', 'int'), ('Driver Cancellation Reason', 'string'), ('Incomplete Rides', 'int'), ('Incomplete Rides Reason', 'string'), ('Booking Value', 'int'), ('Ride Distance', 'double'), ('Driver Ratings', 'double'), ('Customer Rating', 'double'), ('Payment Method', 'string')]
2026-05-08 15:30:46,430 - transform - INFO - remove duplicate rows...
2026-05-08 15:30:47,125 - transform - INFO - 1224 row was removed because is duplicated
2026-05-08 15:30:47,454 - transform - INFO - 148767 unique rows
2026-05-08 15:30:47,454 - transform - INFO - update null values...
2026-05-08 15:30:47,454 - spark session - INFO - Start to using sql Spark...
2026-05-08 15:31:03,376 - spark session - INFO - Start to connecting to Spark...
2026-05-08 15:31:08,507 - spark session - INFO - Connected To Spark
2026-05-08 15:31:08,663 - transform - INFO - get information about dataset...
2026-05-08 15:31:08,987 - transform - INFO - count of rows before cleaning and duplicating : 150000
2026-05-08 15:31:08,987 - transform - INFO - type of columns [('Date', 'string'), ('Time', 'timestamp'), ('Booking ID', 'string'), ('Booking Status', 'string'), ('Customer ID', 'string'), ('Vehicle Type', 'string'), ('Pickup Location', 'string'), ('Drop Location', 'string'), ('Cancelled Rides by Customer', 'int'), ('Reason for cancelling by Customer', 'string'), ('Cancelled Rides by Driver', 'int'), ('Driver Cancellation Reason', 'string'), ('Incomplete Rides', 'int'), ('Incomplete Rides Reason', 'string'), ('Booking Value', 'int'), ('Ride Distance', 'double'), ('Driver Ratings', 'double'), ('Customer Rating', 'double'), ('Payment Method', 'string')]
2026-05-08 15:31:08,987 - transform - INFO - remove duplicate rows...
2026-05-08 15:31:09,679 - transform - INFO - 1224 row was removed because is duplicated
2026-05-08 15:31:10,057 - transform - INFO - 148767 unique rows
2026-05-08 15:31:10,057 - transform - INFO - update null values...
2026-05-08 15:31:10,057 - spark session - INFO - Start to using sql Spark...
2026-05-08 15:31:18,275 - spark session - INFO - Start to connecting to Spark...
2026-05-08 15:31:22,989 - spark session - INFO - Connected To Spark
2026-05-08 15:31:23,147 - transform - INFO - get information about dataset...
2026-05-08 15:31:23,491 - transform - INFO - count of rows before cleaning and duplicating : 150000
2026-05-08 15:31:23,491 - transform - INFO - type of columns [('Date', 'string'), ('Time', 'timestamp'), ('Booking ID', 'string'), ('Booking Status', 'string'), ('Customer ID', 'string'), ('Vehicle Type', 'string'), ('Pickup Location', 'string'), ('Drop Location', 'string'), ('Cancelled Rides by Customer', 'int'), ('Reason for cancelling by Customer', 'string'), ('Cancelled Rides by Driver', 'int'), ('Driver Cancellation Reason', 'string'), ('Incomplete Rides', 'int'), ('Incomplete Rides Reason', 'string'), ('Booking Value', 'int'), ('Ride Distance', 'double'), ('Driver Ratings', 'double'), ('Customer Rating', 'double'), ('Payment Method', 'string')]
2026-05-08 15:31:23,491 - transform - INFO - remove duplicate rows...
2026-05-08 15:31:24,235 - transform - INFO - 1224 row was removed because is duplicated
2026-05-08 15:31:24,603 - transform - INFO - 148767 unique rows
2026-05-08 15:31:24,603 - transform - INFO - update null values...
2026-05-08 15:31:24,603 - spark session - INFO - Start to using sql Spark...
2026-05-08 15:32:10,299 - spark session - INFO - Start to connecting to Spark...
2026-05-08 15:32:15,846 - spark session - INFO - Connected To Spark
2026-05-08 15:32:16,009 - transform - INFO - get information about dataset...
2026-05-08 15:32:16,340 - transform - INFO - count of rows before cleaning and duplicating : 150000
2026-05-08 15:32:16,340 - transform - INFO - type of columns [('Date', 'string'), ('Time', 'timestamp'), ('Booking ID', 'string'), ('Booking Status', 'string'), ('Customer ID', 'string'), ('Vehicle Type', 'string'), ('Pickup Location', 'string'), ('Drop Location', 'string'), ('Cancelled Rides by Customer', 'int'), ('Reason for cancelling by Customer', 'string'), ('Cancelled Rides by Driver', 'int'), ('Driver Cancellation Reason', 'string'), ('Incomplete Rides', 'int'), ('Incomplete Rides Reason', 'string'), ('Booking Value', 'int'), ('Ride Distance', 'double'), ('Driver Ratings', 'double'), ('Customer Rating', 'double'), ('Payment Method', 'string')]
2026-05-08 15:32:16,341 - transform - INFO - remove duplicate rows...
2026-05-08 15:32:17,104 - transform - INFO - 1224 row was removed because is duplicated
2026-05-08 15:32:17,457 - transform - INFO - 148767 unique rows
2026-05-08 15:32:17,458 - transform - INFO - update null values...
2026-05-08 15:32:17,458 - spark session - INFO - Start to using sql Spark...
2026-05-08 15:32:22,578 - spark session - INFO - Start to connecting to Spark...
2026-05-08 15:32:27,475 - spark session - INFO - Connected To Spark
2026-05-08 15:32:27,634 - transform - INFO - get information about dataset...
2026-05-08 15:32:27,959 - transform - INFO - count of rows before cleaning and duplicating : 150000
2026-05-08 15:32:27,959 - transform - INFO - type of columns [('Date', 'string'), ('Time', 'timestamp'), ('Booking ID', 'string'), ('Booking Status', 'string'), ('Customer ID', 'string'), ('Vehicle Type', 'string'), ('Pickup Location', 'string'), ('Drop Location', 'string'), ('Cancelled Rides by Customer', 'int'), ('Reason for cancelling by Customer', 'string'), ('Cancelled Rides by Driver', 'int'), ('Driver Cancellation Reason', 'string'), ('Incomplete Rides', 'int'), ('Incomplete Rides Reason', 'string'), ('Booking Value', 'int'), ('Ride Distance', 'double'), ('Driver Ratings', 'double'), ('Customer Rating', 'double'), ('Payment Method', 'string')]
2026-05-08 15:32:27,959 - transform - INFO - remove duplicate rows...
2026-05-08 15:32:28,641 - transform - INFO - 1224 row was removed because is duplicated
2026-05-08 15:32:28,983 - transform - INFO - 148767 unique rows
2026-05-08 15:32:28,983 - transform - INFO - update null values...
2026-05-08 15:32:28,983 - spark session - INFO - Start to using sql Spark...
2026-05-08 15:32:59,392 - spark session - INFO - Start to connecting to Spark...
2026-05-08 15:33:04,803 - spark session - INFO - Connected To Spark
2026-05-08 15:33:04,957 - transform - INFO - get information about dataset...
2026-05-08 15:33:05,311 - transform - INFO - count of rows before cleaning and duplicating : 150000
2026-05-08 15:33:05,311 - transform - INFO - type of columns [('Date', 'string'), ('Time', 'timestamp'), ('Booking ID', 'string'), ('Booking Status', 'string'), ('Customer ID', 'string'), ('Vehicle Type', 'string'), ('Pickup Location', 'string'), ('Drop Location', 'string'), ('Cancelled Rides by Customer', 'int'), ('Reason for cancelling by Customer', 'string'), ('Cancelled Rides by Driver', 'int'), ('Driver Cancellation Reason', 'string'), ('Incomplete Rides', 'int'), ('Incomplete Rides Reason', 'string'), ('Booking Value', 'int'), ('Ride Distance', 'double'), ('Driver Ratings', 'double'), ('Customer Rating', 'double'), ('Payment Method', 'string')]
2026-05-08 15:33:05,311 - transform - INFO - remove duplicate rows...
2026-05-08 15:33:05,978 - transform - INFO - 1224 row was removed because is duplicated
2026-05-08 15:33:06,316 - transform - INFO - 148767 unique rows
2026-05-08 15:33:06,316 - transform - INFO - update null values...
2026-05-08 15:33:06,316 - spark session - INFO - Start to using sql Spark...
2026-05-08 15:33:20,175 - spark session - INFO - Start to connecting to Spark...
2026-05-08 15:33:25,068 - spark session - INFO - Connected To Spark
2026-05-08 15:33:25,225 - transform - INFO - get information about dataset...
2026-05-08 15:33:25,564 - transform - INFO - count of rows before cleaning and duplicating : 150000
2026-05-08 15:33:25,564 - transform - INFO - type of columns [('Date', 'string'), ('Time', 'timestamp'), ('Booking ID', 'string'), ('Booking Status', 'string'), ('Customer ID', 'string'), ('Vehicle Type', 'string'), ('Pickup Location', 'string'), ('Drop Location', 'string'), ('Cancelled Rides by Customer', 'int'), ('Reason for cancelling by Customer', 'string'), ('Cancelled Rides by Driver', 'int'), ('Driver Cancellation Reason', 'string'), ('Incomplete Rides', 'int'), ('Incomplete Rides Reason', 'string'), ('Booking Value', 'int'), ('Ride Distance', 'double'), ('Driver Ratings', 'double'), ('Customer Rating', 'double'), ('Payment Method', 'string')]
2026-05-08 15:33:25,564 - transform - INFO - remove duplicate rows...
2026-05-08 15:33:26,324 - transform - INFO - 1224 row was removed because is duplicated
2026-05-08 15:33:26,684 - transform - INFO - 148767 unique rows
2026-05-08 15:33:26,684 - transform - INFO - update null values...
2026-05-08 15:33:26,684 - spark session - INFO - Start to using sql Spark...
2026-05-08 15:33:33,402 - spark session - INFO - Start to connecting to Spark...
2026-05-08 15:33:38,298 - spark session - INFO - Connected To Spark
2026-05-08 15:33:38,456 - transform - INFO - get information about dataset...
2026-05-08 15:33:38,797 - transform - INFO - count of rows before cleaning and duplicating : 150000
2026-05-08 15:33:38,797 - transform - INFO - type of columns [('Date', 'string'), ('Time', 'timestamp'), ('Booking ID', 'string'), ('Booking Status', 'string'), ('Customer ID', 'string'), ('Vehicle Type', 'string'), ('Pickup Location', 'string'), ('Drop Location', 'string'), ('Cancelled Rides by Customer', 'int'), ('Reason for cancelling by Customer', 'string'), ('Cancelled Rides by Driver', 'int'), ('Driver Cancellation Reason', 'string'), ('Incomplete Rides', 'int'), ('Incomplete Rides Reason', 'string'), ('Booking Value', 'int'), ('Ride Distance', 'double'), ('Driver Ratings', 'double'), ('Customer Rating', 'double'), ('Payment Method', 'string')]
2026-05-08 15:33:38,797 - transform - INFO - remove duplicate rows...
2026-05-08 15:33:39,528 - transform - INFO - 1224 row was removed because is duplicated
2026-05-08 15:33:39,863 - transform - INFO - 148767 unique rows
2026-05-08 15:33:39,864 - transform - INFO - update null values...
2026-05-08 15:33:39,864 - spark session - INFO - Start to using sql Spark...
2026-05-08 15:34:28,144 - spark session - INFO - Start to connecting to Spark...
2026-05-08 15:34:33,538 - spark session - INFO - Connected To Spark
2026-05-08 15:34:33,708 - transform - INFO - get information about dataset...
2026-05-08 15:34:34,076 - transform - INFO - count of rows before cleaning and duplicating : 150000
2026-05-08 15:34:34,076 - transform - INFO - type of columns [('Date', 'string'), ('Time', 'timestamp'), ('Booking ID', 'string'), ('Booking Status', 'string'), ('Customer ID', 'string'), ('Vehicle Type', 'string'), ('Pickup Location', 'string'), ('Drop Location', 'string'), ('Cancelled Rides by Customer', 'int'), ('Reason for cancelling by Customer', 'string'), ('Cancelled Rides by Driver', 'int'), ('Driver Cancellation Reason', 'string'), ('Incomplete Rides', 'int'), ('Incomplete Rides Reason', 'string'), ('Booking Value', 'int'), ('Ride Distance', 'double'), ('Driver Ratings', 'double'), ('Customer Rating', 'double'), ('Payment Method', 'string')]
2026-05-08 15:34:34,076 - transform - INFO - remove duplicate rows...
2026-05-08 15:34:34,821 - transform - INFO - 1224 row was removed because is duplicated
2026-05-08 15:34:35,157 - transform - INFO - 148767 unique rows
2026-05-08 15:34:35,157 - transform - INFO - update null values...
2026-05-08 15:34:35,157 - spark session - INFO - Start to using sql Spark...
2026-05-08 15:34:56,955 - spark session - INFO - Start to connecting to Spark...
2026-05-08 15:35:01,912 - spark session - INFO - Connected To Spark
2026-05-08 15:35:02,078 - transform - INFO - get information about dataset...
2026-05-08 15:35:02,426 - transform - INFO - count of rows before cleaning and duplicating : 150000
2026-05-08 15:35:02,426 - transform - INFO - type of columns [('Date', 'string'), ('Time', 'timestamp'), ('Booking ID', 'string'), ('Booking Status', 'string'), ('Customer ID', 'string'), ('Vehicle Type', 'string'), ('Pickup Location', 'string'), ('Drop Location', 'string'), ('Cancelled Rides by Customer', 'int'), ('Reason for cancelling by Customer', 'string'), ('Cancelled Rides by Driver', 'int'), ('Driver Cancellation Reason', 'string'), ('Incomplete Rides', 'int'), ('Incomplete Rides Reason', 'string'), ('Booking Value', 'int'), ('Ride Distance', 'double'), ('Driver Ratings', 'double'), ('Customer Rating', 'double'), ('Payment Method', 'string')]
2026-05-08 15:35:02,426 - transform - INFO - remove duplicate rows...
2026-05-08 15:35:03,141 - transform - INFO - 1224 row was removed because is duplicated
2026-05-08 15:35:03,466 - transform - INFO - 148767 unique rows
2026-05-08 15:35:03,466 - transform - INFO - update null values...
2026-05-08 15:35:03,467 - spark session - INFO - Start to using sql Spark...
2026-05-08 15:35:16,559 - spark session - INFO - Start to connecting to Spark...
2026-05-08 15:35:21,459 - spark session - INFO - Connected To Spark
2026-05-08 15:35:21,615 - transform - INFO - get information about dataset...
2026-05-08 15:35:21,993 - transform - INFO - count of rows before cleaning and duplicating : 150000
2026-05-08 15:35:21,993 - transform - INFO - type of columns [('Date', 'string'), ('Time', 'timestamp'), ('Booking ID', 'string'), ('Booking Status', 'string'), ('Customer ID', 'string'), ('Vehicle Type', 'string'), ('Pickup Location', 'string'), ('Drop Location', 'string'), ('Cancelled Rides by Customer', 'int'), ('Reason for cancelling by Customer', 'string'), ('Cancelled Rides by Driver', 'int'), ('Driver Cancellation Reason', 'string'), ('Incomplete Rides', 'int'), ('Incomplete Rides Reason', 'string'), ('Booking Value', 'int'), ('Ride Distance', 'double'), ('Driver Ratings', 'double'), ('Customer Rating', 'double'), ('Payment Method', 'string')]
2026-05-08 15:35:21,993 - transform - INFO - remove duplicate rows...
2026-05-08 15:35:22,705 - transform - INFO - 1224 row was removed because is duplicated
2026-05-08 15:35:23,049 - transform - INFO - 148767 unique rows
2026-05-08 15:35:23,049 - transform - INFO - update null values...
2026-05-08 15:35:23,049 - spark session - INFO - Start to using sql Spark...
2026-05-08 15:36:33,496 - spark session - INFO - Start to connecting to Spark...
2026-05-08 15:36:39,748 - spark session - INFO - Connected To Spark
2026-05-08 15:36:39,914 - transform - INFO - get information about dataset...
2026-05-08 15:36:40,274 - transform - INFO - count of rows before cleaning and duplicating : 150000
2026-05-08 15:36:40,274 - transform - INFO - type of columns [('Date', 'string'), ('Time', 'timestamp'), ('Booking ID', 'string'), ('Booking Status', 'string'), ('Customer ID', 'string'), ('Vehicle Type', 'string'), ('Pickup Location', 'string'), ('Drop Location', 'string'), ('Cancelled Rides by Customer', 'int'), ('Reason for cancelling by Customer', 'string'), ('Cancelled Rides by Driver', 'int'), ('Driver Cancellation Reason', 'string'), ('Incomplete Rides', 'int'), ('Incomplete Rides Reason', 'string'), ('Booking Value', 'int'), ('Ride Distance', 'double'), ('Driver Ratings', 'double'), ('Customer Rating', 'double'), ('Payment Method', 'string')]
2026-05-08 15:36:40,274 - transform - INFO - remove duplicate rows...
2026-05-08 15:36:40,997 - transform - INFO - 1224 row was removed because is duplicated
2026-05-08 15:36:41,349 - transform - INFO - 148767 unique rows
2026-05-08 15:36:41,349 - transform - INFO - update null values...
2026-05-08 15:36:41,349 - spark session - INFO - Start to using sql Spark...
2026-05-08 15:39:32,824 - spark session - INFO - Start to connecting to Spark...
2026-05-08 15:39:38,489 - spark session - INFO - Connected To Spark
2026-05-08 15:39:38,646 - transform - INFO - get information about dataset...
2026-05-08 15:39:39,022 - transform - INFO - count of rows before cleaning and duplicating : 150000
2026-05-08 15:39:39,022 - transform - INFO - type of columns [('Date', 'string'), ('Time', 'timestamp'), ('Booking ID', 'string'), ('Booking Status', 'string'), ('Customer ID', 'string'), ('Vehicle Type', 'string'), ('Pickup Location', 'string'), ('Drop Location', 'string'), ('Cancelled Rides by Customer', 'int'), ('Reason for cancelling by Customer', 'string'), ('Cancelled Rides by Driver', 'int'), ('Driver Cancellation Reason', 'string'), ('Incomplete Rides', 'int'), ('Incomplete Rides Reason', 'string'), ('Booking Value', 'int'), ('Ride Distance', 'double'), ('Driver Ratings', 'double'), ('Customer Rating', 'double'), ('Payment Method', 'string')]
2026-05-08 15:39:39,022 - transform - INFO - remove duplicate rows...
2026-05-08 15:39:39,699 - transform - INFO - 1224 row was removed because is duplicated
2026-05-08 15:39:40,042 - transform - INFO - 148767 unique rows
2026-05-08 15:39:40,042 - transform - INFO - update null values...
2026-05-08 15:39:40,042 - spark session - INFO - Start to using sql Spark...
2026-05-08 15:39:40,285 - transform - INFO - None row have null in Cancelled Rides by Customer before cleaning
2026-05-08 15:42:49,527 - spark session - INFO - Start to connecting to Spark...
2026-05-08 15:42:55,651 - spark session - INFO - Connected To Spark
2026-05-08 15:42:55,812 - transform - INFO - get information about dataset...
2026-05-08 15:42:56,165 - transform - INFO - count of rows before cleaning and duplicating : 150000
2026-05-08 15:42:56,165 - transform - INFO - type of columns [('Date', 'string'), ('Time', 'timestamp'), ('Booking ID', 'string'), ('Booking Status', 'string'), ('Customer ID', 'string'), ('Vehicle Type', 'string'), ('Pickup Location', 'string'), ('Drop Location', 'string'), ('Cancelled Rides by Customer', 'int'), ('Reason for cancelling by Customer', 'string'), ('Cancelled Rides by Driver', 'int'), ('Driver Cancellation Reason', 'string'), ('Incomplete Rides', 'int'), ('Incomplete Rides Reason', 'string'), ('Booking Value', 'int'), ('Ride Distance', 'double'), ('Driver Ratings', 'double'), ('Customer Rating', 'double'), ('Payment Method', 'string')]
2026-05-08 15:42:56,165 - transform - INFO - remove duplicate rows...
2026-05-08 15:42:56,955 - transform - INFO - 1224 row was removed because is duplicated
2026-05-08 15:42:57,323 - transform - INFO - 148767 unique rows
2026-05-08 15:42:57,323 - transform - INFO - update null values...
2026-05-08 15:42:57,323 - spark session - INFO - Start to using sql Spark...
2026-05-08 15:42:57,547 - transform - INFO - None row have null in Cancelled Rides by Customer before cleaning
2026-05-08 15:43:55,139 - spark session - INFO - Start to connecting to Spark...
2026-05-08 15:44:00,605 - spark session - INFO - Connected To Spark
2026-05-08 15:44:00,765 - transform - INFO - get information about dataset...
2026-05-08 15:44:01,164 - transform - INFO - count of rows before cleaning and duplicating : 150000
2026-05-08 15:44:01,164 - transform - INFO - type of columns [('Date', 'string'), ('Time', 'timestamp'), ('Booking ID', 'string'), ('Booking Status', 'string'), ('Customer ID', 'string'), ('Vehicle Type', 'string'), ('Pickup Location', 'string'), ('Drop Location', 'string'), ('Cancelled Rides by Customer', 'int'), ('Reason for cancelling by Customer', 'string'), ('Cancelled Rides by Driver', 'int'), ('Driver Cancellation Reason', 'string'), ('Incomplete Rides', 'int'), ('Incomplete Rides Reason', 'string'), ('Booking Value', 'int'), ('Ride Distance', 'double'), ('Driver Ratings', 'double'), ('Customer Rating', 'double'), ('Payment Method', 'string')]
2026-05-08 15:44:01,164 - transform - INFO - remove duplicate rows...
2026-05-08 15:44:01,850 - transform - INFO - 1224 row was removed because is duplicated
2026-05-08 15:44:02,206 - transform - INFO - 148767 unique rows
2026-05-08 15:44:02,207 - transform - INFO - update null values...
2026-05-08 15:44:02,207 - spark session - INFO - Start to using sql Spark...
2026-05-08 15:44:02,412 - transform - INFO - None row have null in Cancelled Rides by Customer before cleaning
2026-05-08 15:45:31,582 - spark session - INFO - Start to connecting to Spark...
2026-05-08 15:45:36,878 - spark session - INFO - Connected To Spark
2026-05-08 15:45:36,878 - transform - INFO - get information about dataset...
2026-05-08 15:45:37,248 - transform - INFO - count of rows before cleaning and duplicating : 150000
2026-05-08 15:45:37,248 - transform - INFO - type of columns [('Date', 'string'), ('Time', 'timestamp'), ('Booking ID', 'string'), ('Booking Status', 'string'), ('Customer ID', 'string'), ('Vehicle Type', 'string'), ('Pickup Location', 'string'), ('Drop Location', 'string'), ('Cancelled Rides by Customer', 'int'), ('Reason for cancelling by Customer', 'string'), ('Cancelled Rides by Driver', 'int'), ('Driver Cancellation Reason', 'string'), ('Incomplete Rides', 'int'), ('Incomplete Rides Reason', 'string'), ('Booking Value', 'int'), ('Ride Distance', 'double'), ('Driver Ratings', 'double'), ('Customer Rating', 'double'), ('Payment Method', 'string')]
2026-05-08 15:45:37,248 - transform - INFO - remove duplicate rows...
2026-05-08 15:45:38,124 - transform - INFO - 1224 row was removed because is duplicated
2026-05-08 15:45:38,471 - transform - INFO - 148767 unique rows
2026-05-08 15:45:38,471 - transform - INFO - update null values...
2026-05-08 15:45:39,041 - transform - INFO - 148767 row have null in Cancelled Rides by Customer before cleaning
2026-05-08 15:45:39,041 - transform - INFO - 148767 row have null in Cancelled Rides by Customer before cleaning
2026-05-08 15:46:31,074 - spark session - INFO - Start to connecting to Spark...
2026-05-08 15:46:36,156 - spark session - INFO - Connected To Spark
2026-05-08 15:46:36,157 - transform - INFO - get information about dataset...
2026-05-08 15:46:36,487 - transform - INFO - count of rows before cleaning and duplicating : 150000
2026-05-08 15:46:36,487 - transform - INFO - type of columns [('Date', 'string'), ('Time', 'timestamp'), ('Booking ID', 'string'), ('Booking Status', 'string'), ('Customer ID', 'string'), ('Vehicle Type', 'string'), ('Pickup Location', 'string'), ('Drop Location', 'string'), ('Cancelled Rides by Customer', 'int'), ('Reason for cancelling by Customer', 'string'), ('Cancelled Rides by Driver', 'int'), ('Driver Cancellation Reason', 'string'), ('Incomplete Rides', 'int'), ('Incomplete Rides Reason', 'string'), ('Booking Value', 'int'), ('Ride Distance', 'double'), ('Driver Ratings', 'double'), ('Customer Rating', 'double'), ('Payment Method', 'string')]
2026-05-08 15:46:36,487 - transform - INFO - remove duplicate rows...
2026-05-08 15:46:37,399 - transform - INFO - 1224 row was removed because is duplicated
2026-05-08 15:46:37,767 - transform - INFO - 148767 unique rows
2026-05-08 15:46:37,767 - transform - INFO - update null values...
2026-05-08 15:46:38,488 - transform - INFO - 138271 row have null in Cancelled Rides by Customer before cleaning
2026-05-08 15:46:38,488 - transform - INFO - 148767 row have null in Cancelled Rides by Customer after cleaning
2026-05-08 15:47:14,329 - spark session - INFO - Start to connecting to Spark...
2026-05-08 15:47:19,515 - spark session - INFO - Connected To Spark
2026-05-08 15:47:19,515 - transform - INFO - get information about dataset...
2026-05-08 15:47:19,875 - transform - INFO - count of rows before cleaning and duplicating : 150000
2026-05-08 15:47:19,875 - transform - INFO - type of columns [('Date', 'string'), ('Time', 'timestamp'), ('Booking ID', 'string'), ('Booking Status', 'string'), ('Customer ID', 'string'), ('Vehicle Type', 'string'), ('Pickup Location', 'string'), ('Drop Location', 'string'), ('Cancelled Rides by Customer', 'int'), ('Reason for cancelling by Customer', 'string'), ('Cancelled Rides by Driver', 'int'), ('Driver Cancellation Reason', 'string'), ('Incomplete Rides', 'int'), ('Incomplete Rides Reason', 'string'), ('Booking Value', 'int'), ('Ride Distance', 'double'), ('Driver Ratings', 'double'), ('Customer Rating', 'double'), ('Payment Method', 'string')]
2026-05-08 15:47:19,875 - transform - INFO - remove duplicate rows...
2026-05-08 15:47:20,793 - transform - INFO - 1224 row was removed because is duplicated
2026-05-08 15:47:21,162 - transform - INFO - 148767 unique rows
2026-05-08 15:47:21,162 - transform - INFO - update null values...
2026-05-08 15:48:06,822 - spark session - INFO - Start to connecting to Spark...
2026-05-08 15:48:12,537 - spark session - INFO - Connected To Spark
2026-05-08 15:48:12,538 - transform - INFO - get information about dataset...
2026-05-08 15:48:12,875 - transform - INFO - count of rows before cleaning and duplicating : 150000
2026-05-08 15:48:12,875 - transform - INFO - type of columns [('Date', 'string'), ('Time', 'timestamp'), ('Booking ID', 'string'), ('Booking Status', 'string'), ('Customer ID', 'string'), ('Vehicle Type', 'string'), ('Pickup Location', 'string'), ('Drop Location', 'string'), ('Cancelled Rides by Customer', 'int'), ('Reason for cancelling by Customer', 'string'), ('Cancelled Rides by Driver', 'int'), ('Driver Cancellation Reason', 'string'), ('Incomplete Rides', 'int'), ('Incomplete Rides Reason', 'string'), ('Booking Value', 'int'), ('Ride Distance', 'double'), ('Driver Ratings', 'double'), ('Customer Rating', 'double'), ('Payment Method', 'string')]
2026-05-08 15:48:12,875 - transform - INFO - remove duplicate rows...
2026-05-08 15:48:13,767 - transform - INFO - 1224 row was removed because is duplicated
2026-05-08 15:48:14,110 - transform - INFO - 148767 unique rows
2026-05-08 15:48:14,110 - transform - INFO - update null values...
2026-05-08 15:48:14,852 - transform - INFO - 138271 row have null in Cancelled Rides by Customer before cleaning
2026-05-08 15:48:14,852 - transform - INFO - 138271 row have null in Cancelled Rides by Customer after cleaning
2026-05-08 15:50:50,214 - spark session - INFO - Start to connecting to Spark...
2026-05-08 15:50:55,701 - spark session - INFO - Connected To Spark
2026-05-08 15:50:55,701 - transform - INFO - get information about dataset...
2026-05-08 15:50:56,055 - transform - INFO - count of rows before cleaning and duplicating : 150000
2026-05-08 15:50:56,055 - transform - INFO - type of columns [('Date', 'string'), ('Time', 'timestamp'), ('Booking ID', 'string'), ('Booking Status', 'string'), ('Customer ID', 'string'), ('Vehicle Type', 'string'), ('Pickup Location', 'string'), ('Drop Location', 'string'), ('Cancelled Rides by Customer', 'int'), ('Reason for cancelling by Customer', 'string'), ('Cancelled Rides by Driver', 'int'), ('Driver Cancellation Reason', 'string'), ('Incomplete Rides', 'int'), ('Incomplete Rides Reason', 'string'), ('Booking Value', 'int'), ('Ride Distance', 'double'), ('Driver Ratings', 'double'), ('Customer Rating', 'double'), ('Payment Method', 'string')]
2026-05-08 15:50:56,055 - transform - INFO - remove duplicate rows...
2026-05-08 15:50:56,881 - transform - INFO - 1224 row was removed because is duplicated
2026-05-08 15:50:57,262 - transform - INFO - 148767 unique rows
2026-05-08 15:50:57,262 - transform - INFO - update null values...
2026-05-08 15:50:57,987 - transform - INFO - 138271 row have null in Cancelled Rides by Customer before cleaning
2026-05-08 15:50:57,987 - transform - INFO - 0 row have null in Cancelled Rides by Customer after cleaning
2026-05-08 16:01:28,358 - spark session - INFO - Start to connecting to Spark...
2026-05-08 16:01:34,537 - spark session - INFO - Connected To Spark
2026-05-08 16:01:34,537 - transform - INFO - get information about dataset...
2026-05-08 16:01:34,912 - transform - INFO - count of rows before cleaning and duplicating : 150000
2026-05-08 16:01:34,912 - transform - INFO - type of columns [('Date', 'string'), ('Time', 'timestamp'), ('Booking ID', 'string'), ('Booking Status', 'string'), ('Customer ID', 'string'), ('Vehicle Type', 'string'), ('Pickup Location', 'string'), ('Drop Location', 'string'), ('Cancelled Rides by Customer', 'int'), ('Reason for cancelling by Customer', 'string'), ('Cancelled Rides by Driver', 'int'), ('Driver Cancellation Reason', 'string'), ('Incomplete Rides', 'int'), ('Incomplete Rides Reason', 'string'), ('Booking Value', 'int'), ('Ride Distance', 'double'), ('Driver Ratings', 'double'), ('Customer Rating', 'double'), ('Payment Method', 'string')]
2026-05-08 16:01:34,912 - transform - INFO - remove duplicate rows...
2026-05-08 16:01:35,774 - transform - INFO - 1224 row was removed because is duplicated
2026-05-08 16:01:36,110 - transform - INFO - 148767 unique rows
2026-05-08 16:01:36,110 - transform - INFO - updating Cancelled Rides by Customer row...
2026-05-08 16:01:36,850 - transform - INFO - 138271 row have null in Cancelled Rides by Customer before cleaning
2026-05-08 16:01:36,850 - transform - INFO - 0 row have null in Cancelled Rides by Customer after cleaning
2026-05-08 16:01:36,850 - transform - INFO - terminate updating Cancelled Rides by Customer row
2026-05-08 16:01:36,850 - transform - INFO - updating Cancelled Rides by Driver
2026-05-08 16:01:42,954 - spark session - INFO - Start to connecting to Spark...
2026-05-08 16:01:47,879 - spark session - INFO - Connected To Spark
2026-05-08 16:01:47,879 - transform - INFO - get information about dataset...
2026-05-08 16:01:48,209 - transform - INFO - count of rows before cleaning and duplicating : 150000
2026-05-08 16:01:48,209 - transform - INFO - type of columns [('Date', 'string'), ('Time', 'timestamp'), ('Booking ID', 'string'), ('Booking Status', 'string'), ('Customer ID', 'string'), ('Vehicle Type', 'string'), ('Pickup Location', 'string'), ('Drop Location', 'string'), ('Cancelled Rides by Customer', 'int'), ('Reason for cancelling by Customer', 'string'), ('Cancelled Rides by Driver', 'int'), ('Driver Cancellation Reason', 'string'), ('Incomplete Rides', 'int'), ('Incomplete Rides Reason', 'string'), ('Booking Value', 'int'), ('Ride Distance', 'double'), ('Driver Ratings', 'double'), ('Customer Rating', 'double'), ('Payment Method', 'string')]
2026-05-08 16:01:48,209 - transform - INFO - remove duplicate rows...
2026-05-08 16:01:49,033 - transform - INFO - 1224 row was removed because is duplicated
2026-05-08 16:01:49,365 - transform - INFO - 148767 unique rows
2026-05-08 16:01:49,365 - transform - INFO - updating Cancelled Rides by Customer row...
2026-05-08 16:01:50,102 - transform - INFO - 138271 row have null in Cancelled Rides by Customer before cleaning
2026-05-08 16:01:50,102 - transform - INFO - 0 row have null in Cancelled Rides by Customer after cleaning
2026-05-08 16:01:50,102 - transform - INFO - terminate updating Cancelled Rides by Customer row
2026-05-08 16:01:50,102 - transform - INFO - updating Cancelled Rides by Driver
2026-05-08 16:05:21,162 - spark session - INFO - Start to connecting to Spark...
2026-05-08 16:05:27,468 - spark session - INFO - Connected To Spark
2026-05-08 16:05:27,468 - transform - INFO - get information about dataset...
2026-05-08 16:05:27,825 - transform - INFO - count of rows before cleaning and duplicating : 150000
2026-05-08 16:05:27,825 - transform - INFO - type of columns [('Date', 'string'), ('Time', 'timestamp'), ('Booking ID', 'string'), ('Booking Status', 'string'), ('Customer ID', 'string'), ('Vehicle Type', 'string'), ('Pickup Location', 'string'), ('Drop Location', 'string'), ('Cancelled Rides by Customer', 'int'), ('Reason for cancelling by Customer', 'string'), ('Cancelled Rides by Driver', 'int'), ('Driver Cancellation Reason', 'string'), ('Incomplete Rides', 'int'), ('Incomplete Rides Reason', 'string'), ('Booking Value', 'int'), ('Ride Distance', 'double'), ('Driver Ratings', 'double'), ('Customer Rating', 'double'), ('Payment Method', 'string')]
2026-05-08 16:05:27,825 - transform - INFO - remove duplicate rows...
2026-05-08 16:05:28,700 - transform - INFO - 1224 row was removed because is duplicated
2026-05-08 16:05:29,024 - transform - INFO - 148767 unique rows
2026-05-08 16:05:29,025 - transform - INFO - updating Cancelled Rides by Customer row...
2026-05-08 16:05:29,810 - transform - INFO - 138271 row have null in Cancelled Rides by Customer before cleaning
2026-05-08 16:05:29,811 - transform - INFO - 0 row have null in Cancelled Rides by Customer after cleaning
2026-05-08 16:05:29,811 - transform - INFO - terminate updating Cancelled Rides by Customer row
2026-05-08 16:05:42,632 - spark session - INFO - Start to connecting to Spark...
2026-05-08 16:05:47,546 - spark session - INFO - Connected To Spark
2026-05-08 16:05:47,546 - transform - INFO - get information about dataset...
2026-05-08 16:05:47,943 - transform - INFO - count of rows before cleaning and duplicating : 150000
2026-05-08 16:05:47,943 - transform - INFO - type of columns [('Date', 'string'), ('Time', 'timestamp'), ('Booking ID', 'string'), ('Booking Status', 'string'), ('Customer ID', 'string'), ('Vehicle Type', 'string'), ('Pickup Location', 'string'), ('Drop Location', 'string'), ('Cancelled Rides by Customer', 'int'), ('Reason for cancelling by Customer', 'string'), ('Cancelled Rides by Driver', 'int'), ('Driver Cancellation Reason', 'string'), ('Incomplete Rides', 'int'), ('Incomplete Rides Reason', 'string'), ('Booking Value', 'int'), ('Ride Distance', 'double'), ('Driver Ratings', 'double'), ('Customer Rating', 'double'), ('Payment Method', 'string')]
2026-05-08 16:05:47,943 - transform - INFO - remove duplicate rows...
2026-05-08 16:05:48,881 - transform - INFO - 1224 row was removed because is duplicated
2026-05-08 16:05:49,239 - transform - INFO - 148767 unique rows
2026-05-08 16:05:49,239 - transform - INFO - updating Cancelled Rides by Customer row...
2026-05-08 16:05:49,946 - transform - INFO - 138271 row have null in Cancelled Rides by Customer before cleaning
2026-05-08 16:05:49,947 - transform - INFO - 0 row have null in Cancelled Rides by Customer after cleaning
2026-05-08 16:05:49,947 - transform - INFO - terminate updating Cancelled Rides by Customer row
2026-05-08 16:05:49,947 - transform - INFO - updating Reason for cancelling by Customer...
2026-05-08 16:07:31,634 - spark session - INFO - Start to connecting to Spark...
2026-05-08 16:07:37,276 - spark session - INFO - Connected To Spark
2026-05-08 16:07:37,277 - transform - INFO - get information about dataset...
2026-05-08 16:07:37,628 - transform - INFO - count of rows before cleaning and duplicating : 150000
2026-05-08 16:07:37,628 - transform - INFO - type of columns [('Date', 'string'), ('Time', 'timestamp'), ('Booking ID', 'string'), ('Booking Status', 'string'), ('Customer ID', 'string'), ('Vehicle Type', 'string'), ('Pickup Location', 'string'), ('Drop Location', 'string'), ('Cancelled Rides by Customer', 'int'), ('Reason for cancelling by Customer', 'string'), ('Cancelled Rides by Driver', 'int'), ('Driver Cancellation Reason', 'string'), ('Incomplete Rides', 'int'), ('Incomplete Rides Reason', 'string'), ('Booking Value', 'int'), ('Ride Distance', 'double'), ('Driver Ratings', 'double'), ('Customer Rating', 'double'), ('Payment Method', 'string')]
2026-05-08 16:07:37,628 - transform - INFO - remove duplicate rows...
2026-05-08 16:07:38,488 - transform - INFO - 1224 row was removed because is duplicated
2026-05-08 16:07:38,833 - transform - INFO - 148767 unique rows
2026-05-08 16:07:38,833 - transform - INFO - updating Cancelled Rides by Customer row...
2026-05-08 16:07:39,539 - transform - INFO - 138271 row have null in Cancelled Rides by Customer before cleaning
2026-05-08 16:07:39,539 - transform - INFO - 0 row have null in Cancelled Rides by Customer after cleaning
2026-05-08 16:07:39,539 - transform - INFO - terminate updating Cancelled Rides by Customer row
2026-05-08 16:07:39,539 - transform - INFO - updating Reason for cancelling by Customer...
2026-05-08 16:07:40,503 - transform - INFO - 138271 row have null value in Reason for cancelling by Customer before cleaning
2026-05-08 16:09:53,521 - spark session - INFO - Start to connecting to Spark...
2026-05-08 16:09:59,095 - spark session - INFO - Connected To Spark
2026-05-08 16:09:59,095 - transform - INFO - get information about dataset...
2026-05-08 16:09:59,477 - transform - INFO - count of rows before cleaning and duplicating : 150000
2026-05-08 16:09:59,478 - transform - INFO - type of columns [('Date', 'string'), ('Time', 'timestamp'), ('Booking ID', 'string'), ('Booking Status', 'string'), ('Customer ID', 'string'), ('Vehicle Type', 'string'), ('Pickup Location', 'string'), ('Drop Location', 'string'), ('Cancelled Rides by Customer', 'int'), ('Reason for cancelling by Customer', 'string'), ('Cancelled Rides by Driver', 'int'), ('Driver Cancellation Reason', 'string'), ('Incomplete Rides', 'int'), ('Incomplete Rides Reason', 'string'), ('Booking Value', 'int'), ('Ride Distance', 'double'), ('Driver Ratings', 'double'), ('Customer Rating', 'double'), ('Payment Method', 'string')]
2026-05-08 16:09:59,478 - transform - INFO - remove duplicate rows...
2026-05-08 16:10:00,348 - transform - INFO - 1224 row was removed because is duplicated
2026-05-08 16:10:00,755 - transform - INFO - 148767 unique rows
2026-05-08 16:10:00,755 - transform - INFO - updating Cancelled Rides by Customer row...
2026-05-08 16:10:01,579 - transform - INFO - 138271 row have null in Cancelled Rides by Customer before cleaning
2026-05-08 16:10:01,579 - transform - INFO - 0 row have null in Cancelled Rides by Customer after cleaning
2026-05-08 16:10:01,579 - transform - INFO - terminate updating Cancelled Rides by Customer row
2026-05-08 16:10:01,579 - transform - INFO - updating Reason for cancelling by Customer...
2026-05-08 16:10:03,060 - transform - INFO - 138271 row have null value in Reason for cancelling by Customer before cleaning
2026-05-08 16:10:03,060 - transform - INFO - 0 row have null value in Reason for cancelling by Customer have updated to other
2026-05-08 16:11:48,304 - spark session - INFO - Start to connecting to Spark...
2026-05-08 16:11:53,812 - spark session - INFO - Connected To Spark
2026-05-08 16:11:53,812 - transform - INFO - get information about dataset...
2026-05-08 16:11:54,301 - transform - INFO - count of rows before cleaning and duplicating : 150000
2026-05-08 16:11:54,301 - transform - INFO - type of columns [('Date', 'string'), ('Time', 'timestamp'), ('Booking ID', 'string'), ('Booking Status', 'string'), ('Customer ID', 'string'), ('Vehicle Type', 'string'), ('Pickup Location', 'string'), ('Drop Location', 'string'), ('Cancelled Rides by Customer', 'int'), ('Reason for cancelling by Customer', 'string'), ('Cancelled Rides by Driver', 'int'), ('Driver Cancellation Reason', 'string'), ('Incomplete Rides', 'int'), ('Incomplete Rides Reason', 'string'), ('Booking Value', 'int'), ('Ride Distance', 'double'), ('Driver Ratings', 'double'), ('Customer Rating', 'double'), ('Payment Method', 'string')]
2026-05-08 16:11:54,301 - transform - INFO - remove duplicate rows...
2026-05-08 16:11:55,183 - transform - INFO - 1224 row was removed because is duplicated
2026-05-08 16:11:55,525 - transform - INFO - 148767 unique rows
2026-05-08 16:11:55,525 - transform - INFO - updating Cancelled Rides by Customer row...
2026-05-08 16:11:56,293 - transform - INFO - 138271 row have null in Cancelled Rides by Customer before cleaning
2026-05-08 16:11:56,293 - transform - INFO - 0 row have null in Cancelled Rides by Customer after cleaning
2026-05-08 16:11:56,293 - transform - INFO - terminate updating Cancelled Rides by Customer row
2026-05-08 16:11:56,293 - transform - INFO - updating Reason for cancelling by Customer...
2026-05-08 16:11:57,274 - transform - INFO - 138271 row have null value in Reason for cancelling by Customer before cleaning
2026-05-08 16:11:57,274 - transform - INFO - 0 row have null value in Reason for cancelling by Customer have updated to other
2026-05-08 16:11:57,274 - transform - INFO - terminate updating Reason for cancelling by Customer row
2026-05-08 16:13:25,282 - spark session - INFO - Start to connecting to Spark...
2026-05-08 16:13:30,820 - spark session - INFO - Connected To Spark
2026-05-08 16:13:30,820 - transform - INFO - get information about dataset...
2026-05-08 16:13:31,209 - transform - INFO - count of rows before cleaning and duplicating : 150000
2026-05-08 16:13:31,209 - transform - INFO - type of columns [('Date', 'string'), ('Time', 'timestamp'), ('Booking ID', 'string'), ('Booking Status', 'string'), ('Customer ID', 'string'), ('Vehicle Type', 'string'), ('Pickup Location', 'string'), ('Drop Location', 'string'), ('Cancelled Rides by Customer', 'int'), ('Reason for cancelling by Customer', 'string'), ('Cancelled Rides by Driver', 'int'), ('Driver Cancellation Reason', 'string'), ('Incomplete Rides', 'int'), ('Incomplete Rides Reason', 'string'), ('Booking Value', 'int'), ('Ride Distance', 'double'), ('Driver Ratings', 'double'), ('Customer Rating', 'double'), ('Payment Method', 'string')]
2026-05-08 16:13:31,210 - transform - INFO - remove duplicate rows...
2026-05-08 16:13:32,126 - transform - INFO - 1224 row was removed because is duplicated
2026-05-08 16:13:32,475 - transform - INFO - 148767 unique rows
2026-05-08 16:13:32,475 - transform - INFO - updating Cancelled Rides by Customer row...
2026-05-08 16:13:33,270 - transform - INFO - 138271 row have null in Cancelled Rides by Customer before cleaning
2026-05-08 16:13:33,270 - transform - INFO - 0 row have null in Cancelled Rides by Customer after cleaning
2026-05-08 16:13:33,270 - transform - INFO - terminate updating Cancelled Rides by Customer row
2026-05-08 16:13:33,270 - transform - INFO - updating Reason for cancelling by Customer...
2026-05-08 16:13:34,188 - transform - INFO - 138271 row have null value in Reason for cancelling by Customer before cleaning
2026-05-08 16:13:34,188 - transform - INFO - 0 row have null value in Reason for cancelling by Customer have updated to other
2026-05-08 16:13:34,188 - transform - INFO - terminate updating Reason for cancelling by Customer row
2026-05-08 16:13:34,188 - transform - INFO - updating Cancelled Rides by Driver row...
2026-05-08 16:13:34,767 - transform - INFO - 121836 row have null in Cancelled Rides by Driver before cleaning
2026-05-08 16:13:34,767 - transform - INFO - 0 row have null in Cancelled Rides by Driver after cleaning
2026-05-08 16:13:34,767 - transform - INFO - terminate updating Cancelled Rides by Driver row
2026-05-08 16:15:26,191 - spark session - INFO - Start to connecting to Spark...
2026-05-08 16:15:31,629 - spark session - INFO - Connected To Spark
2026-05-08 16:15:31,629 - transform - INFO - get information about dataset...
2026-05-08 16:15:31,973 - transform - INFO - count of rows before cleaning and duplicating : 150000
2026-05-08 16:15:31,973 - transform - INFO - type of columns [('Date', 'string'), ('Time', 'timestamp'), ('Booking ID', 'string'), ('Booking Status', 'string'), ('Customer ID', 'string'), ('Vehicle Type', 'string'), ('Pickup Location', 'string'), ('Drop Location', 'string'), ('Cancelled Rides by Customer', 'int'), ('Reason for cancelling by Customer', 'string'), ('Cancelled Rides by Driver', 'int'), ('Driver Cancellation Reason', 'string'), ('Incomplete Rides', 'int'), ('Incomplete Rides Reason', 'string'), ('Booking Value', 'int'), ('Ride Distance', 'double'), ('Driver Ratings', 'double'), ('Customer Rating', 'double'), ('Payment Method', 'string')]
2026-05-08 16:15:31,973 - transform - INFO - remove duplicate rows...
2026-05-08 16:15:32,948 - transform - INFO - 1224 row was removed because is duplicated
2026-05-08 16:15:33,318 - transform - INFO - 148767 unique rows
2026-05-08 16:15:33,319 - transform - INFO - updating Cancelled Rides by Customer row...
2026-05-08 16:15:34,073 - transform - INFO - 138271 row have null in Cancelled Rides by Customer before cleaning
2026-05-08 16:15:34,073 - transform - INFO - 0 row have null in Cancelled Rides by Customer after cleaning
2026-05-08 16:15:34,073 - transform - INFO - terminate updating Cancelled Rides by Customer row
2026-05-08 16:15:34,073 - transform - INFO - updating Reason for cancelling by Customer...
2026-05-08 16:15:34,962 - transform - INFO - 138271 row have null value in Reason for cancelling by Customer before cleaning
2026-05-08 16:15:34,962 - transform - INFO - 0 row have null value in Reason for cancelling by Customer have updated to other
2026-05-08 16:15:34,962 - transform - INFO - terminate updating Reason for cancelling by Customer row
2026-05-08 16:15:34,962 - transform - INFO - updating Cancelled Rides by Driver row...
2026-05-08 16:15:35,466 - transform - INFO - 121836 row have null in Cancelled Rides by Driver before cleaning
2026-05-08 16:15:35,466 - transform - INFO - 0 row have null in Cancelled Rides by Driver after cleaning
2026-05-08 16:15:35,466 - transform - INFO - terminate updating Cancelled Rides by Driver row
2026-05-08 16:23:01,821 - spark session - INFO - Start to connecting to Spark...
2026-05-08 16:23:08,348 - spark session - INFO - Connected To Spark
2026-05-08 16:23:08,349 - transform - INFO - get information about dataset...
2026-05-08 16:23:08,733 - transform - INFO - count of rows before cleaning and duplicating : 150000
2026-05-08 16:23:08,733 - transform - INFO - type of columns [('Date', 'string'), ('Time', 'timestamp'), ('Booking ID', 'string'), ('Booking Status', 'string'), ('Customer ID', 'string'), ('Vehicle Type', 'string'), ('Pickup Location', 'string'), ('Drop Location', 'string'), ('Cancelled Rides by Customer', 'int'), ('Reason for cancelling by Customer', 'string'), ('Cancelled Rides by Driver', 'int'), ('Driver Cancellation Reason', 'string'), ('Incomplete Rides', 'int'), ('Incomplete Rides Reason', 'string'), ('Booking Value', 'int'), ('Ride Distance', 'double'), ('Driver Ratings', 'double'), ('Customer Rating', 'double'), ('Payment Method', 'string')]
2026-05-08 16:23:08,733 - transform - INFO - remove duplicate rows...
2026-05-08 16:23:09,617 - transform - INFO - 1224 row was removed because is duplicated
2026-05-08 16:23:09,985 - transform - INFO - 148767 unique rows
2026-05-08 16:23:09,985 - transform - INFO - updating Cancelled Rides by Customer row...
2026-05-08 16:23:10,752 - transform - INFO - 138271 row have null in Cancelled Rides by Customer before cleaning
2026-05-08 16:23:10,752 - transform - INFO - 0 row have null in Cancelled Rides by Customer after cleaning
2026-05-08 16:23:10,752 - transform - INFO - terminate updating Cancelled Rides by Customer row
2026-05-08 16:23:10,752 - transform - INFO - updating Reason for cancelling by Customer...
2026-05-08 16:23:11,695 - transform - INFO - 138271 row have null value in Reason for cancelling by Customer before cleaning
2026-05-08 16:23:11,695 - transform - INFO - 0 row have null value in Reason for cancelling by Customer have updated to other
2026-05-08 16:23:11,695 - transform - INFO - terminate updating Reason for cancelling by Customer row
2026-05-08 16:23:11,695 - transform - INFO - updating Cancelled Rides by Driver row...
2026-05-08 16:23:12,252 - transform - INFO - 121836 row have null in Cancelled Rides by Driver before cleaning
2026-05-08 16:23:12,252 - transform - INFO - 0 row have null in Cancelled Rides by Driver after cleaning
2026-05-08 16:23:12,252 - transform - INFO - terminate updating Cancelled Rides by Driver row
2026-05-08 16:26:30,533 - spark session - INFO - Start to connecting to Spark...
2026-05-08 16:26:36,822 - spark session - INFO - Connected To Spark
2026-05-08 16:26:36,822 - transform - INFO - get information about dataset...
2026-05-08 16:26:37,187 - transform - INFO - count of rows before cleaning and duplicating : 150000
2026-05-08 16:26:37,187 - transform - INFO - type of columns [('Date', 'string'), ('Time', 'timestamp'), ('Booking ID', 'string'), ('Booking Status', 'string'), ('Customer ID', 'string'), ('Vehicle Type', 'string'), ('Pickup Location', 'string'), ('Drop Location', 'string'), ('Cancelled Rides by Customer', 'int'), ('Reason for cancelling by Customer', 'string'), ('Cancelled Rides by Driver', 'int'), ('Driver Cancellation Reason', 'string'), ('Incomplete Rides', 'int'), ('Incomplete Rides Reason', 'string'), ('Booking Value', 'int'), ('Ride Distance', 'double'), ('Driver Ratings', 'double'), ('Customer Rating', 'double'), ('Payment Method', 'string')]
2026-05-08 16:26:37,187 - transform - INFO - remove duplicate rows...
2026-05-08 16:26:38,065 - transform - INFO - 1224 row was removed because is duplicated
2026-05-08 16:26:38,447 - transform - INFO - 148767 unique rows
2026-05-08 16:26:38,447 - transform - INFO - updating Cancelled Rides by Customer row...
2026-05-08 16:26:39,204 - transform - INFO - 138271 row have null in Cancelled Rides by Customer before cleaning
2026-05-08 16:26:39,204 - transform - INFO - 0 row have null in Cancelled Rides by Customer after cleaning
2026-05-08 16:26:39,204 - transform - INFO - terminate updating Cancelled Rides by Customer row
2026-05-08 16:26:39,204 - transform - INFO - updating Reason for cancelling by Customer...
2026-05-08 16:26:40,280 - transform - INFO - 138271 row have null value in Reason for cancelling by Customer before cleaning
2026-05-08 16:26:40,280 - transform - INFO - 0 row have null value in Reason for cancelling by Customer have updated to other
2026-05-08 16:26:40,280 - transform - INFO - terminate updating Reason for cancelling by Customer row
2026-05-08 16:26:40,280 - transform - INFO - updating Cancelled Rides by Driver row...
2026-05-08 16:26:40,890 - transform - INFO - 121836 row have null in Cancelled Rides by Driver before cleaning
2026-05-08 16:26:40,890 - transform - INFO - 0 row have null in Cancelled Rides by Driver after cleaning
2026-05-08 16:26:40,890 - transform - INFO - terminate updating Cancelled Rides by Driver row
2026-05-08 16:26:40,890 - transform - INFO - updating Driver Cancellation Reason...
2026-05-08 16:26:41,482 - transform - INFO - 121836 row have null value in Driver Cancellation Reason before cleaning
2026-05-08 16:26:41,483 - transform - INFO - 0 row have null value in Driver Cancellation Reason have updated to other
2026-05-08 16:26:41,483 - transform - INFO - terminate updating Driver Cancellation Reason row
2026-05-08 16:26:41,483 - transform - INFO - updating Incomplete Rides Reason row...
2026-05-08 16:26:42,071 - transform - INFO - 139819 row have null in Incomplete Rides Reason before cleaning
2026-05-08 16:26:42,071 - transform - INFO - 0 row have null in Incomplete Rides Reason after cleaning
2026-05-08 16:26:42,071 - transform - INFO - terminate updating Incomplete Rides Reason row
2026-05-08 16:28:36,558 - spark session - INFO - Start to connecting to Spark...
2026-05-08 16:28:42,326 - spark session - INFO - Connected To Spark
2026-05-08 16:28:42,327 - transform - INFO - get information about dataset...
2026-05-08 16:28:42,675 - transform - INFO - count of rows before cleaning and duplicating : 150000
2026-05-08 16:28:42,675 - transform - INFO - type of columns [('Date', 'string'), ('Time', 'timestamp'), ('Booking ID', 'string'), ('Booking Status', 'string'), ('Customer ID', 'string'), ('Vehicle Type', 'string'), ('Pickup Location', 'string'), ('Drop Location', 'string'), ('Cancelled Rides by Customer', 'int'), ('Reason for cancelling by Customer', 'string'), ('Cancelled Rides by Driver', 'int'), ('Driver Cancellation Reason', 'string'), ('Incomplete Rides', 'int'), ('Incomplete Rides Reason', 'string'), ('Booking Value', 'int'), ('Ride Distance', 'double'), ('Driver Ratings', 'double'), ('Customer Rating', 'double'), ('Payment Method', 'string')]
2026-05-08 16:28:42,675 - transform - INFO - remove duplicate rows...
2026-05-08 16:28:43,524 - transform - INFO - 1224 row was removed because is duplicated
2026-05-08 16:28:43,902 - transform - INFO - 148767 unique rows
2026-05-08 16:28:43,902 - transform - INFO - updating Cancelled Rides by Customer row...
2026-05-08 16:28:44,634 - transform - INFO - 138271 row have null in Cancelled Rides by Customer before cleaning
2026-05-08 16:28:44,635 - transform - INFO - 0 row have null in Cancelled Rides by Customer after cleaning
2026-05-08 16:28:44,635 - transform - INFO - terminate updating Cancelled Rides by Customer row
2026-05-08 16:28:44,635 - transform - INFO - updating Reason for cancelling by Customer...
2026-05-08 16:28:45,550 - transform - INFO - 138271 row have null value in Reason for cancelling by Customer before cleaning
2026-05-08 16:28:45,550 - transform - INFO - 0 row have null value in Reason for cancelling by Customer have updated to other
2026-05-08 16:28:45,550 - transform - INFO - terminate updating Reason for cancelling by Customer row
2026-05-08 16:28:45,550 - transform - INFO - updating Cancelled Rides by Driver row...
2026-05-08 16:28:46,083 - transform - INFO - 121836 row have null in Cancelled Rides by Driver before cleaning
2026-05-08 16:28:46,083 - transform - INFO - 0 row have null in Cancelled Rides by Driver after cleaning
2026-05-08 16:28:46,083 - transform - INFO - terminate updating Cancelled Rides by Driver row
2026-05-08 16:28:46,083 - transform - INFO - updating Driver Cancellation Reason...
2026-05-08 16:28:46,648 - transform - INFO - 121836 row have null value in Driver Cancellation Reason before cleaning
2026-05-08 16:28:46,648 - transform - INFO - 0 row have null value in Driver Cancellation Reason have updated to other
2026-05-08 16:28:46,648 - transform - INFO - terminate updating Driver Cancellation Reason row
2026-05-08 16:28:46,648 - transform - INFO - updating Incomplete Rides Reason row...
2026-05-08 16:28:47,578 - transform - INFO - 139819 row have null in Incomplete Rides Reason before cleaning
2026-05-08 16:28:47,578 - transform - INFO - 0 row have null in Incomplete Rides Reason after cleaning
2026-05-08 16:28:47,578 - transform - INFO - terminate updating Incomplete Rides Reason row
2026-05-08 16:29:01,748 - spark session - INFO - Start to connecting to Spark...
2026-05-08 16:29:06,762 - spark session - INFO - Connected To Spark
2026-05-08 16:29:06,762 - transform - INFO - get information about dataset...
2026-05-08 16:29:07,108 - transform - INFO - count of rows before cleaning and duplicating : 150000
2026-05-08 16:29:07,108 - transform - INFO - type of columns [('Date', 'string'), ('Time', 'timestamp'), ('Booking ID', 'string'), ('Booking Status', 'string'), ('Customer ID', 'string'), ('Vehicle Type', 'string'), ('Pickup Location', 'string'), ('Drop Location', 'string'), ('Cancelled Rides by Customer', 'int'), ('Reason for cancelling by Customer', 'string'), ('Cancelled Rides by Driver', 'int'), ('Driver Cancellation Reason', 'string'), ('Incomplete Rides', 'int'), ('Incomplete Rides Reason', 'string'), ('Booking Value', 'int'), ('Ride Distance', 'double'), ('Driver Ratings', 'double'), ('Customer Rating', 'double'), ('Payment Method', 'string')]
2026-05-08 16:29:07,108 - transform - INFO - remove duplicate rows...
2026-05-08 16:29:07,954 - transform - INFO - 1224 row was removed because is duplicated
2026-05-08 16:29:08,345 - transform - INFO - 148767 unique rows
2026-05-08 16:29:08,345 - transform - INFO - updating Cancelled Rides by Customer row...
2026-05-08 16:29:09,092 - transform - INFO - 138271 row have null in Cancelled Rides by Customer before cleaning
2026-05-08 16:29:09,092 - transform - INFO - 0 row have null in Cancelled Rides by Customer after cleaning
2026-05-08 16:29:09,092 - transform - INFO - terminate updating Cancelled Rides by Customer row
2026-05-08 16:29:09,092 - transform - INFO - updating Reason for cancelling by Customer...
2026-05-08 16:29:10,050 - transform - INFO - 138271 row have null value in Reason for cancelling by Customer before cleaning
2026-05-08 16:29:10,050 - transform - INFO - 0 row have null value in Reason for cancelling by Customer have updated to other
2026-05-08 16:29:10,050 - transform - INFO - terminate updating Reason for cancelling by Customer row
2026-05-08 16:29:10,050 - transform - INFO - updating Cancelled Rides by Driver row...
2026-05-08 16:29:10,578 - transform - INFO - 121836 row have null in Cancelled Rides by Driver before cleaning
2026-05-08 16:29:10,578 - transform - INFO - 0 row have null in Cancelled Rides by Driver after cleaning
2026-05-08 16:29:10,578 - transform - INFO - terminate updating Cancelled Rides by Driver row
2026-05-08 16:29:10,579 - transform - INFO - updating Driver Cancellation Reason...
2026-05-08 16:29:11,129 - transform - INFO - 121836 row have null value in Driver Cancellation Reason before cleaning
2026-05-08 16:29:11,129 - transform - INFO - 0 row have null value in Driver Cancellation Reason have updated to other
2026-05-08 16:29:11,129 - transform - INFO - terminate updating Driver Cancellation Reason row
2026-05-08 16:29:11,129 - transform - INFO - updating Incomplete Rides Reason row...
2026-05-08 16:29:12,042 - transform - INFO - 139819 row have null in Incomplete Rides Reason before cleaning
2026-05-08 16:29:12,042 - transform - INFO - 0 row have null in Incomplete Rides Reason after cleaning
2026-05-08 16:29:12,042 - transform - INFO - terminate updating Incomplete Rides Reason row
2026-05-08 16:32:13,094 - spark session - INFO - Start to connecting to Spark...
2026-05-08 16:32:19,465 - spark session - INFO - Connected To Spark
2026-05-08 16:32:19,465 - transform - INFO - get information about dataset...
2026-05-08 16:32:19,840 - transform - INFO - count of rows before cleaning and duplicating : 150000
2026-05-08 16:32:19,840 - transform - INFO - type of columns [('Date', 'string'), ('Time', 'timestamp'), ('Booking ID', 'string'), ('Booking Status', 'string'), ('Customer ID', 'string'), ('Vehicle Type', 'string'), ('Pickup Location', 'string'), ('Drop Location', 'string'), ('Cancelled Rides by Customer', 'int'), ('Reason for cancelling by Customer', 'string'), ('Cancelled Rides by Driver', 'int'), ('Driver Cancellation Reason', 'string'), ('Incomplete Rides', 'int'), ('Incomplete Rides Reason', 'string'), ('Booking Value', 'int'), ('Ride Distance', 'double'), ('Driver Ratings', 'double'), ('Customer Rating', 'double'), ('Payment Method', 'string')]
2026-05-08 16:32:19,840 - transform - INFO - remove duplicate rows...
2026-05-08 16:32:20,811 - transform - INFO - 1224 row was removed because is duplicated
2026-05-08 16:32:21,497 - transform - INFO - 148767 unique rows
2026-05-08 16:32:21,498 - transform - INFO - updating Cancelled Rides by Customer row...
2026-05-08 16:32:22,484 - transform - INFO - 138271 row have null in Cancelled Rides by Customer before cleaning
2026-05-08 16:32:22,484 - transform - INFO - 0 row have null in Cancelled Rides by Customer after cleaning
2026-05-08 16:32:22,484 - transform - INFO - terminate updating Cancelled Rides by Customer row
2026-05-08 16:32:22,484 - transform - INFO - updating Reason for cancelling by Customer...
2026-05-08 16:32:23,615 - transform - INFO - 138271 row have null value in Reason for cancelling by Customer before cleaning
2026-05-08 16:32:23,615 - transform - INFO - 0 row have null value in Reason for cancelling by Customer have updated to other
2026-05-08 16:32:23,615 - transform - INFO - terminate updating Reason for cancelling by Customer row
2026-05-08 16:32:23,615 - transform - INFO - updating Cancelled Rides by Driver row...
2026-05-08 16:32:24,183 - transform - INFO - 121836 row have null in Cancelled Rides by Driver before cleaning
2026-05-08 16:32:24,183 - transform - INFO - 0 row have null in Cancelled Rides by Driver after cleaning
2026-05-08 16:32:24,183 - transform - INFO - terminate updating Cancelled Rides by Driver row
2026-05-08 16:32:24,183 - transform - INFO - updating Driver Cancellation Reason...
2026-05-08 16:32:24,750 - transform - INFO - 121836 row have null value in Driver Cancellation Reason before cleaning
2026-05-08 16:32:24,750 - transform - INFO - 0 row have null value in Driver Cancellation Reason have updated to other
2026-05-08 16:32:24,750 - transform - INFO - terminate updating Driver Cancellation Reason row
2026-05-08 16:32:24,750 - transform - INFO - updating Incomplete Rides Reason row...
2026-05-08 16:34:14,133 - spark session - INFO - Start to connecting to Spark...
2026-05-08 16:34:20,422 - spark session - INFO - Connected To Spark
2026-05-08 16:34:20,423 - transform - INFO - get information about dataset...
2026-05-08 16:34:20,793 - transform - INFO - count of rows before cleaning and duplicating : 150000
2026-05-08 16:34:20,793 - transform - INFO - type of columns [('Date', 'string'), ('Time', 'timestamp'), ('Booking ID', 'string'), ('Booking Status', 'string'), ('Customer ID', 'string'), ('Vehicle Type', 'string'), ('Pickup Location', 'string'), ('Drop Location', 'string'), ('Cancelled Rides by Customer', 'int'), ('Reason for cancelling by Customer', 'string'), ('Cancelled Rides by Driver', 'int'), ('Driver Cancellation Reason', 'string'), ('Incomplete Rides', 'int'), ('Incomplete Rides Reason', 'string'), ('Booking Value', 'int'), ('Ride Distance', 'double'), ('Driver Ratings', 'double'), ('Customer Rating', 'double'), ('Payment Method', 'string')]
2026-05-08 16:34:20,793 - transform - INFO - remove duplicate rows...
2026-05-08 16:34:21,661 - transform - INFO - 1224 row was removed because is duplicated
2026-05-08 16:34:21,999 - transform - INFO - 148767 unique rows
2026-05-08 16:34:21,999 - transform - INFO - updating Cancelled Rides by Customer row...
2026-05-08 16:34:22,738 - transform - INFO - 138271 row have null in Cancelled Rides by Customer before cleaning
2026-05-08 16:34:22,739 - transform - INFO - 0 row have null in Cancelled Rides by Customer after cleaning
2026-05-08 16:34:22,739 - transform - INFO - terminate updating Cancelled Rides by Customer row
2026-05-08 16:34:22,739 - transform - INFO - updating Reason for cancelling by Customer...
2026-05-08 16:34:23,651 - transform - INFO - 138271 row have null value in Reason for cancelling by Customer before cleaning
2026-05-08 16:34:23,651 - transform - INFO - 0 row have null value in Reason for cancelling by Customer have updated to other
2026-05-08 16:34:23,651 - transform - INFO - terminate updating Reason for cancelling by Customer row
2026-05-08 16:34:23,651 - transform - INFO - updating Cancelled Rides by Driver row...
2026-05-08 16:34:24,179 - transform - INFO - 121836 row have null in Cancelled Rides by Driver before cleaning
2026-05-08 16:34:24,179 - transform - INFO - 0 row have null in Cancelled Rides by Driver after cleaning
2026-05-08 16:34:24,179 - transform - INFO - terminate updating Cancelled Rides by Driver row
2026-05-08 16:34:24,179 - transform - INFO - updating Driver Cancellation Reason...
2026-05-08 16:34:24,749 - transform - INFO - 121836 row have null value in Driver Cancellation Reason before cleaning
2026-05-08 16:34:24,749 - transform - INFO - 0 row have null value in Driver Cancellation Reason have updated to other
2026-05-08 16:34:24,749 - transform - INFO - terminate updating Driver Cancellation Reason row
2026-05-08 16:34:24,749 - transform - INFO - updating Incomplete Rides Reason row...
2026-05-08 16:34:25,306 - transform - INFO - 139819 row have null in Incomplete Rides Reason before cleaning
2026-05-08 16:34:25,306 - transform - INFO - 0 row have null in Incomplete Rides Reason after cleaning
2026-05-08 16:34:25,306 - transform - INFO - terminate updating Incomplete Rides Reason row
2026-05-08 16:34:34,039 - spark session - INFO - Start to connecting to Spark...
2026-05-08 16:34:39,206 - spark session - INFO - Connected To Spark
2026-05-08 16:34:39,206 - transform - INFO - get information about dataset...
2026-05-08 16:34:39,561 - transform - INFO - count of rows before cleaning and duplicating : 150000
2026-05-08 16:34:39,561 - transform - INFO - type of columns [('Date', 'string'), ('Time', 'timestamp'), ('Booking ID', 'string'), ('Booking Status', 'string'), ('Customer ID', 'string'), ('Vehicle Type', 'string'), ('Pickup Location', 'string'), ('Drop Location', 'string'), ('Cancelled Rides by Customer', 'int'), ('Reason for cancelling by Customer', 'string'), ('Cancelled Rides by Driver', 'int'), ('Driver Cancellation Reason', 'string'), ('Incomplete Rides', 'int'), ('Incomplete Rides Reason', 'string'), ('Booking Value', 'int'), ('Ride Distance', 'double'), ('Driver Ratings', 'double'), ('Customer Rating', 'double'), ('Payment Method', 'string')]
2026-05-08 16:34:39,561 - transform - INFO - remove duplicate rows...
2026-05-08 16:34:40,437 - transform - INFO - 1224 row was removed because is duplicated
2026-05-08 16:34:40,790 - transform - INFO - 148767 unique rows
2026-05-08 16:34:40,790 - transform - INFO - updating Cancelled Rides by Customer row...
2026-05-08 16:34:41,547 - transform - INFO - 138271 row have null in Cancelled Rides by Customer before cleaning
2026-05-08 16:34:41,547 - transform - INFO - 0 row have null in Cancelled Rides by Customer after cleaning
2026-05-08 16:34:41,547 - transform - INFO - terminate updating Cancelled Rides by Customer row
2026-05-08 16:34:41,547 - transform - INFO - updating Reason for cancelling by Customer...
2026-05-08 16:34:42,436 - transform - INFO - 138271 row have null value in Reason for cancelling by Customer before cleaning
2026-05-08 16:34:42,436 - transform - INFO - 0 row have null value in Reason for cancelling by Customer have updated to other
2026-05-08 16:34:42,436 - transform - INFO - terminate updating Reason for cancelling by Customer row
2026-05-08 16:34:42,436 - transform - INFO - updating Cancelled Rides by Driver row...
2026-05-08 16:34:42,927 - transform - INFO - 121836 row have null in Cancelled Rides by Driver before cleaning
2026-05-08 16:34:42,927 - transform - INFO - 0 row have null in Cancelled Rides by Driver after cleaning
2026-05-08 16:34:42,927 - transform - INFO - terminate updating Cancelled Rides by Driver row
2026-05-08 16:34:42,927 - transform - INFO - updating Driver Cancellation Reason...
2026-05-08 16:34:43,465 - transform - INFO - 121836 row have null value in Driver Cancellation Reason before cleaning
2026-05-08 16:34:43,465 - transform - INFO - 0 row have null value in Driver Cancellation Reason have updated to other
2026-05-08 16:34:43,465 - transform - INFO - terminate updating Driver Cancellation Reason row
2026-05-08 16:34:43,465 - transform - INFO - updating Incomplete Rides Reason row...
2026-05-08 16:34:44,294 - transform - INFO - 139819 row have null in Incomplete Rides Reason before cleaning
2026-05-08 16:34:44,294 - transform - INFO - 0 row have null in Incomplete Rides Reason after cleaning
2026-05-08 16:34:44,294 - transform - INFO - terminate updating Incomplete Rides Reason row
2026-05-08 16:37:03,825 - spark session - INFO - Start to connecting to Spark...
2026-05-08 16:37:09,938 - spark session - INFO - Connected To Spark
2026-05-08 16:37:09,939 - transform - INFO - get information about dataset...
2026-05-08 16:37:10,293 - transform - INFO - count of rows before cleaning and duplicating : 150000
2026-05-08 16:37:10,293 - transform - INFO - type of columns [('Date', 'string'), ('Time', 'timestamp'), ('Booking ID', 'string'), ('Booking Status', 'string'), ('Customer ID', 'string'), ('Vehicle Type', 'string'), ('Pickup Location', 'string'), ('Drop Location', 'string'), ('Cancelled Rides by Customer', 'int'), ('Reason for cancelling by Customer', 'string'), ('Cancelled Rides by Driver', 'int'), ('Driver Cancellation Reason', 'string'), ('Incomplete Rides', 'int'), ('Incomplete Rides Reason', 'string'), ('Booking Value', 'int'), ('Ride Distance', 'double'), ('Driver Ratings', 'double'), ('Customer Rating', 'double'), ('Payment Method', 'string')]
2026-05-08 16:37:10,293 - transform - INFO - remove duplicate rows...
2026-05-08 16:37:11,114 - transform - INFO - 1224 row was removed because is duplicated
2026-05-08 16:37:11,444 - transform - INFO - 148767 unique rows
2026-05-08 16:37:11,444 - transform - INFO - updating Cancelled Rides by Customer row...
2026-05-08 16:37:12,184 - transform - INFO - 138271 row have null in Cancelled Rides by Customer before cleaning
2026-05-08 16:37:12,184 - transform - INFO - 0 row have null in Cancelled Rides by Customer after cleaning
2026-05-08 16:37:12,184 - transform - INFO - terminate updating Cancelled Rides by Customer row
2026-05-08 16:37:12,184 - transform - INFO - updating Reason for cancelling by Customer...
2026-05-08 16:37:13,134 - transform - INFO - 138271 row have null value in Reason for cancelling by Customer before cleaning
2026-05-08 16:37:13,134 - transform - INFO - 0 row have null value in Reason for cancelling by Customer have updated to other
2026-05-08 16:37:13,134 - transform - INFO - terminate updating Reason for cancelling by Customer row
2026-05-08 16:37:13,134 - transform - INFO - updating Cancelled Rides by Driver row...
2026-05-08 16:37:13,643 - transform - INFO - 121836 row have null in Cancelled Rides by Driver before cleaning
2026-05-08 16:37:13,643 - transform - INFO - 0 row have null in Cancelled Rides by Driver after cleaning
2026-05-08 16:37:13,643 - transform - INFO - terminate updating Cancelled Rides by Driver row
2026-05-08 16:37:13,643 - transform - INFO - updating Driver Cancellation Reason...
2026-05-08 16:37:14,244 - transform - INFO - 121836 row have null value in Driver Cancellation Reason before cleaning
2026-05-08 16:37:14,244 - transform - INFO - 0 row have null value in Driver Cancellation Reason have updated to other
2026-05-08 16:37:14,244 - transform - INFO - terminate updating Driver Cancellation Reason row
2026-05-08 16:37:14,244 - transform - INFO - updating Incomplete Rides Reason row...
2026-05-08 16:37:15,082 - transform - INFO - 139819 row have null in Incomplete Rides Reason before cleaning
2026-05-08 16:37:15,082 - transform - INFO - 0 row have null in Incomplete Rides Reason after cleaning
2026-05-08 16:37:15,083 - transform - INFO - terminate updating Incomplete Rides Reason row
2026-05-08 16:42:42,018 - spark session - INFO - Start to connecting to Spark...
2026-05-08 16:42:48,501 - spark session - INFO - Connected To Spark
2026-05-08 16:42:48,501 - transform - INFO - get information about dataset...
2026-05-08 16:42:48,856 - transform - INFO - count of rows before cleaning and duplicating : 150000
2026-05-08 16:42:48,856 - transform - INFO - type of columns [('Date', 'string'), ('Time', 'timestamp'), ('Booking ID', 'string'), ('Booking Status', 'string'), ('Customer ID', 'string'), ('Vehicle Type', 'string'), ('Pickup Location', 'string'), ('Drop Location', 'string'), ('Cancelled Rides by Customer', 'int'), ('Reason for cancelling by Customer', 'string'), ('Cancelled Rides by Driver', 'int'), ('Driver Cancellation Reason', 'string'), ('Incomplete Rides', 'int'), ('Incomplete Rides Reason', 'string'), ('Booking Value', 'int'), ('Ride Distance', 'double'), ('Driver Ratings', 'double'), ('Customer Rating', 'double'), ('Payment Method', 'string')]
2026-05-08 16:42:48,856 - transform - INFO - remove duplicate rows...
2026-05-08 16:42:49,940 - transform - INFO - 1224 row was removed because is duplicated
2026-05-08 16:42:50,315 - transform - INFO - 148767 unique rows
2026-05-08 16:42:50,316 - transform - INFO - updating Cancelled Rides by Customer row...
2026-05-08 16:42:51,045 - transform - INFO - 138271 row have null in Cancelled Rides by Customer before cleaning
2026-05-08 16:42:51,045 - transform - INFO - 0 row have null in Cancelled Rides by Customer after cleaning
2026-05-08 16:42:51,045 - transform - INFO - terminate updating Cancelled Rides by Customer row
2026-05-08 16:42:51,045 - transform - INFO - updating Reason for cancelling by Customer...
2026-05-08 16:42:51,970 - transform - INFO - 138271 row have null value in Reason for cancelling by Customer before cleaning
2026-05-08 16:42:51,970 - transform - INFO - 0 row have null value in Reason for cancelling by Customer have updated to other
2026-05-08 16:42:51,970 - transform - INFO - terminate updating Reason for cancelling by Customer row
2026-05-08 16:42:51,970 - transform - INFO - updating Cancelled Rides by Driver row...
2026-05-08 16:42:52,509 - transform - INFO - 121836 row have null in Cancelled Rides by Driver before cleaning
2026-05-08 16:42:52,509 - transform - INFO - 0 row have null in Cancelled Rides by Driver after cleaning
2026-05-08 16:42:52,509 - transform - INFO - terminate updating Cancelled Rides by Driver row
2026-05-08 16:42:52,509 - transform - INFO - updating Driver Cancellation Reason...
2026-05-08 16:42:53,079 - transform - INFO - 121836 row have null value in Driver Cancellation Reason before cleaning
2026-05-08 16:42:53,079 - transform - INFO - 0 row have null value in Driver Cancellation Reason have updated to other
2026-05-08 16:42:53,079 - transform - INFO - terminate updating Driver Cancellation Reason row
2026-05-08 16:42:53,079 - transform - INFO - updating Incomplete Rides Reason row...
2026-05-08 16:42:53,633 - transform - INFO - 139819 row have null in Incomplete Rides Reason before cleaning
2026-05-08 16:42:53,633 - transform - INFO - 0 row have null in Incomplete Rides Reason after cleaning
2026-05-08 16:42:53,633 - transform - INFO - terminate updating Incomplete Rides Reason row
2026-05-08 16:43:07,544 - spark session - INFO - Start to connecting to Spark...
2026-05-08 16:43:12,832 - spark session - INFO - Connected To Spark
2026-05-08 16:43:12,832 - transform - INFO - get information about dataset...
2026-05-08 16:43:13,175 - transform - INFO - count of rows before cleaning and duplicating : 150000
2026-05-08 16:43:13,176 - transform - INFO - type of columns [('Date', 'string'), ('Time', 'timestamp'), ('Booking ID', 'string'), ('Booking Status', 'string'), ('Customer ID', 'string'), ('Vehicle Type', 'string'), ('Pickup Location', 'string'), ('Drop Location', 'string'), ('Cancelled Rides by Customer', 'int'), ('Reason for cancelling by Customer', 'string'), ('Cancelled Rides by Driver', 'int'), ('Driver Cancellation Reason', 'string'), ('Incomplete Rides', 'int'), ('Incomplete Rides Reason', 'string'), ('Booking Value', 'int'), ('Ride Distance', 'double'), ('Driver Ratings', 'double'), ('Customer Rating', 'double'), ('Payment Method', 'string')]
2026-05-08 16:43:13,176 - transform - INFO - remove duplicate rows...
2026-05-08 16:43:14,094 - transform - INFO - 1224 row was removed because is duplicated
2026-05-08 16:43:14,456 - transform - INFO - 148767 unique rows
2026-05-08 16:43:14,456 - transform - INFO - updating Cancelled Rides by Customer row...
2026-05-08 16:43:15,198 - transform - INFO - 138271 row have null in Cancelled Rides by Customer before cleaning
2026-05-08 16:43:15,198 - transform - INFO - 0 row have null in Cancelled Rides by Customer after cleaning
2026-05-08 16:43:15,198 - transform - INFO - terminate updating Cancelled Rides by Customer row
2026-05-08 16:43:15,198 - transform - INFO - updating Reason for cancelling by Customer...
2026-05-08 16:43:16,223 - transform - INFO - 138271 row have null value in Reason for cancelling by Customer before cleaning
2026-05-08 16:43:16,224 - transform - INFO - 0 row have null value in Reason for cancelling by Customer have updated to other
2026-05-08 16:43:16,224 - transform - INFO - terminate updating Reason for cancelling by Customer row
2026-05-08 16:43:16,224 - transform - INFO - updating Cancelled Rides by Driver row...
2026-05-08 16:43:16,728 - transform - INFO - 121836 row have null in Cancelled Rides by Driver before cleaning
2026-05-08 16:43:16,728 - transform - INFO - 0 row have null in Cancelled Rides by Driver after cleaning
2026-05-08 16:43:16,728 - transform - INFO - terminate updating Cancelled Rides by Driver row
2026-05-08 16:43:16,728 - transform - INFO - updating Driver Cancellation Reason...
2026-05-08 16:43:17,309 - transform - INFO - 121836 row have null value in Driver Cancellation Reason before cleaning
2026-05-08 16:43:17,309 - transform - INFO - 0 row have null value in Driver Cancellation Reason have updated to other
2026-05-08 16:43:17,309 - transform - INFO - terminate updating Driver Cancellation Reason row
2026-05-08 16:43:17,309 - transform - INFO - updating Incomplete Rides Reason row...
2026-05-08 16:43:17,834 - transform - INFO - 139819 row have null in Incomplete Rides Reason before cleaning
2026-05-08 16:43:17,834 - transform - INFO - 0 row have null in Incomplete Rides Reason after cleaning
2026-05-08 16:43:17,834 - transform - INFO - terminate updating Incomplete Rides Reason row
2026-05-08 16:43:17,834 - transform - INFO - updating Book value row...
2026-05-08 16:46:24,113 - spark session - INFO - Start to connecting to Spark...
2026-05-08 16:46:30,587 - spark session - INFO - Connected To Spark
2026-05-08 16:46:30,587 - transform - INFO - get information about dataset...
2026-05-08 16:46:30,963 - transform - INFO - count of rows before cleaning and duplicating : 150000
2026-05-08 16:46:30,963 - transform - INFO - type of columns [('Date', 'string'), ('Time', 'timestamp'), ('Booking ID', 'string'), ('Booking Status', 'string'), ('Customer ID', 'string'), ('Vehicle Type', 'string'), ('Pickup Location', 'string'), ('Drop Location', 'string'), ('Cancelled Rides by Customer', 'int'), ('Reason for cancelling by Customer', 'string'), ('Cancelled Rides by Driver', 'int'), ('Driver Cancellation Reason', 'string'), ('Incomplete Rides', 'int'), ('Incomplete Rides Reason', 'string'), ('Booking Value', 'int'), ('Ride Distance', 'double'), ('Driver Ratings', 'double'), ('Customer Rating', 'double'), ('Payment Method', 'string')]
2026-05-08 16:46:30,963 - transform - INFO - remove duplicate rows...
2026-05-08 16:46:31,793 - transform - INFO - 1224 row was removed because is duplicated
2026-05-08 16:46:32,150 - transform - INFO - 148767 unique rows
2026-05-08 16:46:32,150 - transform - INFO - updating Cancelled Rides by Customer row...
2026-05-08 16:46:32,856 - transform - INFO - 138271 row have null in Cancelled Rides by Customer before cleaning
2026-05-08 16:46:32,856 - transform - INFO - 0 row have null in Cancelled Rides by Customer after cleaning
2026-05-08 16:46:32,856 - transform - INFO - terminate updating Cancelled Rides by Customer row
2026-05-08 16:46:32,856 - transform - INFO - updating Reason for cancelling by Customer...
2026-05-08 16:46:33,832 - transform - INFO - 138271 row have null value in Reason for cancelling by Customer before cleaning
2026-05-08 16:46:33,832 - transform - INFO - 0 row have null value in Reason for cancelling by Customer have updated to other
2026-05-08 16:46:33,832 - transform - INFO - terminate updating Reason for cancelling by Customer row
2026-05-08 16:46:33,832 - transform - INFO - updating Cancelled Rides by Driver row...
2026-05-08 16:46:34,350 - transform - INFO - 121836 row have null in Cancelled Rides by Driver before cleaning
2026-05-08 16:46:34,350 - transform - INFO - 0 row have null in Cancelled Rides by Driver after cleaning
2026-05-08 16:46:34,351 - transform - INFO - terminate updating Cancelled Rides by Driver row
2026-05-08 16:46:34,351 - transform - INFO - updating Driver Cancellation Reason...
2026-05-08 16:46:34,916 - transform - INFO - 121836 row have null value in Driver Cancellation Reason before cleaning
2026-05-08 16:46:34,916 - transform - INFO - 0 row have null value in Driver Cancellation Reason have updated to other
2026-05-08 16:46:34,916 - transform - INFO - terminate updating Driver Cancellation Reason row
2026-05-08 16:46:34,916 - transform - INFO - updating Incomplete Rides Reason row...
2026-05-08 16:46:35,473 - transform - INFO - 139819 row have null in Incomplete Rides Reason before cleaning
2026-05-08 16:46:35,473 - transform - INFO - 0 row have null in Incomplete Rides Reason after cleaning
2026-05-08 16:46:35,473 - transform - INFO - terminate updating Incomplete Rides Reason row
2026-05-08 16:46:35,473 - transform - INFO - updating Book value row...
2026-05-08 16:47:40,458 - spark session - INFO - Start to connecting to Spark...
2026-05-08 16:47:46,932 - spark session - INFO - Connected To Spark
2026-05-08 16:47:46,932 - transform - INFO - get information about dataset...
2026-05-08 16:47:47,300 - transform - INFO - count of rows before cleaning and duplicating : 150000
2026-05-08 16:47:47,300 - transform - INFO - type of columns [('Date', 'string'), ('Time', 'timestamp'), ('Booking ID', 'string'), ('Booking Status', 'string'), ('Customer ID', 'string'), ('Vehicle Type', 'string'), ('Pickup Location', 'string'), ('Drop Location', 'string'), ('Cancelled Rides by Customer', 'int'), ('Reason for cancelling by Customer', 'string'), ('Cancelled Rides by Driver', 'int'), ('Driver Cancellation Reason', 'string'), ('Incomplete Rides', 'int'), ('Incomplete Rides Reason', 'string'), ('Booking Value', 'int'), ('Ride Distance', 'double'), ('Driver Ratings', 'double'), ('Customer Rating', 'double'), ('Payment Method', 'string')]
2026-05-08 16:47:47,300 - transform - INFO - remove duplicate rows...
2026-05-08 16:47:48,235 - transform - INFO - 1224 row was removed because is duplicated
2026-05-08 16:47:48,592 - transform - INFO - 148767 unique rows
2026-05-08 16:47:48,593 - transform - INFO - updating Cancelled Rides by Customer row...
2026-05-08 16:47:49,346 - transform - INFO - 138271 row have null in Cancelled Rides by Customer before cleaning
2026-05-08 16:47:49,346 - transform - INFO - 0 row have null in Cancelled Rides by Customer after cleaning
2026-05-08 16:47:49,346 - transform - INFO - terminate updating Cancelled Rides by Customer row
2026-05-08 16:47:49,346 - transform - INFO - updating Reason for cancelling by Customer...
2026-05-08 16:47:50,328 - transform - INFO - 138271 row have null value in Reason for cancelling by Customer before cleaning
2026-05-08 16:47:50,328 - transform - INFO - 0 row have null value in Reason for cancelling by Customer have updated to other
2026-05-08 16:47:50,328 - transform - INFO - terminate updating Reason for cancelling by Customer row
2026-05-08 16:47:50,328 - transform - INFO - updating Cancelled Rides by Driver row...
2026-05-08 16:47:50,847 - transform - INFO - 121836 row have null in Cancelled Rides by Driver before cleaning
2026-05-08 16:47:50,847 - transform - INFO - 0 row have null in Cancelled Rides by Driver after cleaning
2026-05-08 16:47:50,847 - transform - INFO - terminate updating Cancelled Rides by Driver row
2026-05-08 16:47:50,847 - transform - INFO - updating Driver Cancellation Reason...
2026-05-08 16:47:51,407 - transform - INFO - 121836 row have null value in Driver Cancellation Reason before cleaning
2026-05-08 16:47:51,407 - transform - INFO - 0 row have null value in Driver Cancellation Reason have updated to other
2026-05-08 16:47:51,407 - transform - INFO - terminate updating Driver Cancellation Reason row
2026-05-08 16:47:51,407 - transform - INFO - updating Incomplete Rides Reason row...
2026-05-08 16:47:51,947 - transform - INFO - 139819 row have null in Incomplete Rides Reason before cleaning
2026-05-08 16:47:51,947 - transform - INFO - 0 row have null in Incomplete Rides Reason after cleaning
2026-05-08 16:47:51,947 - transform - INFO - terminate updating Incomplete Rides Reason row
2026-05-08 16:47:51,947 - transform - INFO - updating Book value row...
2026-05-08 16:49:06,721 - spark session - INFO - Start to connecting to Spark...
2026-05-08 16:49:13,162 - spark session - INFO - Connected To Spark
2026-05-08 16:49:13,163 - transform - INFO - get information about dataset...
2026-05-08 16:49:13,526 - transform - INFO - count of rows before cleaning and duplicating : 150000
2026-05-08 16:49:13,526 - transform - INFO - type of columns [('Date', 'string'), ('Time', 'timestamp'), ('Booking ID', 'string'), ('Booking Status', 'string'), ('Customer ID', 'string'), ('Vehicle Type', 'string'), ('Pickup Location', 'string'), ('Drop Location', 'string'), ('Cancelled Rides by Customer', 'int'), ('Reason for cancelling by Customer', 'string'), ('Cancelled Rides by Driver', 'int'), ('Driver Cancellation Reason', 'string'), ('Incomplete Rides', 'int'), ('Incomplete Rides Reason', 'string'), ('Booking Value', 'int'), ('Ride Distance', 'double'), ('Driver Ratings', 'double'), ('Customer Rating', 'double'), ('Payment Method', 'string')]
2026-05-08 16:49:13,526 - transform - INFO - remove duplicate rows...
2026-05-08 16:49:14,591 - transform - INFO - 1224 row was removed because is duplicated
2026-05-08 16:49:14,974 - transform - INFO - 148767 unique rows
2026-05-08 16:49:14,975 - transform - INFO - updating Cancelled Rides by Customer row...
2026-05-08 16:49:15,714 - transform - INFO - 138271 row have null in Cancelled Rides by Customer before cleaning
2026-05-08 16:49:15,714 - transform - INFO - 0 row have null in Cancelled Rides by Customer after cleaning
2026-05-08 16:49:15,714 - transform - INFO - terminate updating Cancelled Rides by Customer row
2026-05-08 16:49:15,714 - transform - INFO - updating Reason for cancelling by Customer...
2026-05-08 16:49:16,694 - transform - INFO - 138271 row have null value in Reason for cancelling by Customer before cleaning
2026-05-08 16:49:16,694 - transform - INFO - 0 row have null value in Reason for cancelling by Customer have updated to other
2026-05-08 16:49:16,694 - transform - INFO - terminate updating Reason for cancelling by Customer row
2026-05-08 16:49:16,694 - transform - INFO - updating Cancelled Rides by Driver row...
2026-05-08 16:49:17,191 - transform - INFO - 121836 row have null in Cancelled Rides by Driver before cleaning
2026-05-08 16:49:17,191 - transform - INFO - 0 row have null in Cancelled Rides by Driver after cleaning
2026-05-08 16:49:17,191 - transform - INFO - terminate updating Cancelled Rides by Driver row
2026-05-08 16:49:17,191 - transform - INFO - updating Driver Cancellation Reason...
2026-05-08 16:49:17,760 - transform - INFO - 121836 row have null value in Driver Cancellation Reason before cleaning
2026-05-08 16:49:17,760 - transform - INFO - 0 row have null value in Driver Cancellation Reason have updated to other
2026-05-08 16:49:17,760 - transform - INFO - terminate updating Driver Cancellation Reason row
2026-05-08 16:49:17,760 - transform - INFO - updating Incomplete Rides Reason row...
2026-05-08 16:49:18,301 - transform - INFO - 139819 row have null in Incomplete Rides Reason before cleaning
2026-05-08 16:49:18,302 - transform - INFO - 0 row have null in Incomplete Rides Reason after cleaning
2026-05-08 16:49:18,302 - transform - INFO - terminate updating Incomplete Rides Reason row
2026-05-08 16:49:43,459 - spark session - INFO - Start to connecting to Spark...
2026-05-08 16:49:48,627 - spark session - INFO - Connected To Spark
2026-05-08 16:49:48,627 - transform - INFO - get information about dataset...
2026-05-08 16:49:48,988 - transform - INFO - count of rows before cleaning and duplicating : 150000
2026-05-08 16:49:48,988 - transform - INFO - type of columns [('Date', 'string'), ('Time', 'timestamp'), ('Booking ID', 'string'), ('Booking Status', 'string'), ('Customer ID', 'string'), ('Vehicle Type', 'string'), ('Pickup Location', 'string'), ('Drop Location', 'string'), ('Cancelled Rides by Customer', 'int'), ('Reason for cancelling by Customer', 'string'), ('Cancelled Rides by Driver', 'int'), ('Driver Cancellation Reason', 'string'), ('Incomplete Rides', 'int'), ('Incomplete Rides Reason', 'string'), ('Booking Value', 'int'), ('Ride Distance', 'double'), ('Driver Ratings', 'double'), ('Customer Rating', 'double'), ('Payment Method', 'string')]
2026-05-08 16:49:48,988 - transform - INFO - remove duplicate rows...
2026-05-08 16:49:49,822 - transform - INFO - 1224 row was removed because is duplicated
2026-05-08 16:49:50,157 - transform - INFO - 148767 unique rows
2026-05-08 16:49:50,157 - transform - INFO - updating Cancelled Rides by Customer row...
2026-05-08 16:49:50,893 - transform - INFO - 138271 row have null in Cancelled Rides by Customer before cleaning
2026-05-08 16:49:50,894 - transform - INFO - 0 row have null in Cancelled Rides by Customer after cleaning
2026-05-08 16:49:50,894 - transform - INFO - terminate updating Cancelled Rides by Customer row
2026-05-08 16:49:50,894 - transform - INFO - updating Reason for cancelling by Customer...
2026-05-08 16:49:51,801 - transform - INFO - 138271 row have null value in Reason for cancelling by Customer before cleaning
2026-05-08 16:49:51,801 - transform - INFO - 0 row have null value in Reason for cancelling by Customer have updated to other
2026-05-08 16:49:51,801 - transform - INFO - terminate updating Reason for cancelling by Customer row
2026-05-08 16:49:51,802 - transform - INFO - updating Cancelled Rides by Driver row...
2026-05-08 16:49:52,312 - transform - INFO - 121836 row have null in Cancelled Rides by Driver before cleaning
2026-05-08 16:49:52,312 - transform - INFO - 0 row have null in Cancelled Rides by Driver after cleaning
2026-05-08 16:49:52,312 - transform - INFO - terminate updating Cancelled Rides by Driver row
2026-05-08 16:49:52,313 - transform - INFO - updating Driver Cancellation Reason...
2026-05-08 16:49:52,875 - transform - INFO - 121836 row have null value in Driver Cancellation Reason before cleaning
2026-05-08 16:49:52,875 - transform - INFO - 0 row have null value in Driver Cancellation Reason have updated to other
2026-05-08 16:49:52,875 - transform - INFO - terminate updating Driver Cancellation Reason row
2026-05-08 16:49:52,875 - transform - INFO - updating Incomplete Rides Reason row...
2026-05-08 16:49:53,411 - transform - INFO - 139819 row have null in Incomplete Rides Reason before cleaning
2026-05-08 16:49:53,411 - transform - INFO - 0 row have null in Incomplete Rides Reason after cleaning
2026-05-08 16:49:53,411 - transform - INFO - terminate updating Incomplete Rides Reason row
2026-05-08 16:50:19,978 - spark session - INFO - Start to connecting to Spark...
2026-05-08 16:50:25,468 - spark session - INFO - Connected To Spark
2026-05-08 16:50:25,468 - transform - INFO - get information about dataset...
2026-05-08 16:50:25,792 - transform - INFO - count of rows before cleaning and duplicating : 150000
2026-05-08 16:50:25,792 - transform - INFO - type of columns [('Date', 'string'), ('Time', 'timestamp'), ('Booking ID', 'string'), ('Booking Status', 'string'), ('Customer ID', 'string'), ('Vehicle Type', 'string'), ('Pickup Location', 'string'), ('Drop Location', 'string'), ('Cancelled Rides by Customer', 'int'), ('Reason for cancelling by Customer', 'string'), ('Cancelled Rides by Driver', 'int'), ('Driver Cancellation Reason', 'string'), ('Incomplete Rides', 'int'), ('Incomplete Rides Reason', 'string'), ('Booking Value', 'int'), ('Ride Distance', 'double'), ('Driver Ratings', 'double'), ('Customer Rating', 'double'), ('Payment Method', 'string')]
2026-05-08 16:50:25,792 - transform - INFO - remove duplicate rows...
2026-05-08 16:50:26,709 - transform - INFO - 1224 row was removed because is duplicated
2026-05-08 16:50:27,238 - transform - INFO - 148767 unique rows
2026-05-08 16:50:27,238 - transform - INFO - updating Cancelled Rides by Customer row...
2026-05-08 16:50:28,004 - transform - INFO - 138271 row have null in Cancelled Rides by Customer before cleaning
2026-05-08 16:50:28,004 - transform - INFO - 0 row have null in Cancelled Rides by Customer after cleaning
2026-05-08 16:50:28,004 - transform - INFO - terminate updating Cancelled Rides by Customer row
2026-05-08 16:50:28,004 - transform - INFO - updating Reason for cancelling by Customer...
2026-05-08 16:50:28,911 - transform - INFO - 138271 row have null value in Reason for cancelling by Customer before cleaning
2026-05-08 16:50:28,911 - transform - INFO - 0 row have null value in Reason for cancelling by Customer have updated to other
2026-05-08 16:50:28,911 - transform - INFO - terminate updating Reason for cancelling by Customer row
2026-05-08 16:50:28,912 - transform - INFO - updating Cancelled Rides by Driver row...
2026-05-08 16:50:29,430 - transform - INFO - 121836 row have null in Cancelled Rides by Driver before cleaning
2026-05-08 16:50:29,430 - transform - INFO - 0 row have null in Cancelled Rides by Driver after cleaning
2026-05-08 16:50:29,430 - transform - INFO - terminate updating Cancelled Rides by Driver row
2026-05-08 16:50:29,430 - transform - INFO - updating Driver Cancellation Reason...
2026-05-08 16:50:29,960 - transform - INFO - 121836 row have null value in Driver Cancellation Reason before cleaning
2026-05-08 16:50:29,961 - transform - INFO - 0 row have null value in Driver Cancellation Reason have updated to other
2026-05-08 16:50:29,961 - transform - INFO - terminate updating Driver Cancellation Reason row
2026-05-08 16:50:29,961 - transform - INFO - updating Incomplete Rides Reason row...
2026-05-08 16:50:30,501 - transform - INFO - 139819 row have null in Incomplete Rides Reason before cleaning
2026-05-08 16:50:30,501 - transform - INFO - 0 row have null in Incomplete Rides Reason after cleaning
2026-05-08 16:50:30,502 - transform - INFO - terminate updating Incomplete Rides Reason row
2026-05-08 16:50:40,149 - spark session - INFO - Start to connecting to Spark...
2026-05-08 16:50:45,048 - spark session - INFO - Connected To Spark
2026-05-08 16:50:45,048 - transform - INFO - get information about dataset...
2026-05-08 16:50:45,360 - transform - INFO - count of rows before cleaning and duplicating : 150000
2026-05-08 16:50:45,361 - transform - INFO - type of columns [('Date', 'string'), ('Time', 'timestamp'), ('Booking ID', 'string'), ('Booking Status', 'string'), ('Customer ID', 'string'), ('Vehicle Type', 'string'), ('Pickup Location', 'string'), ('Drop Location', 'string'), ('Cancelled Rides by Customer', 'int'), ('Reason for cancelling by Customer', 'string'), ('Cancelled Rides by Driver', 'int'), ('Driver Cancellation Reason', 'string'), ('Incomplete Rides', 'int'), ('Incomplete Rides Reason', 'string'), ('Booking Value', 'int'), ('Ride Distance', 'double'), ('Driver Ratings', 'double'), ('Customer Rating', 'double'), ('Payment Method', 'string')]
2026-05-08 16:50:45,361 - transform - INFO - remove duplicate rows...
2026-05-08 16:50:46,210 - transform - INFO - 1224 row was removed because is duplicated
2026-05-08 16:50:46,561 - transform - INFO - 148767 unique rows
2026-05-08 16:50:46,561 - transform - INFO - updating Cancelled Rides by Customer row...
2026-05-08 16:50:47,303 - transform - INFO - 138271 row have null in Cancelled Rides by Customer before cleaning
2026-05-08 16:50:47,303 - transform - INFO - 0 row have null in Cancelled Rides by Customer after cleaning
2026-05-08 16:50:47,303 - transform - INFO - terminate updating Cancelled Rides by Customer row
2026-05-08 16:50:47,303 - transform - INFO - updating Reason for cancelling by Customer...
2026-05-08 16:50:48,230 - transform - INFO - 138271 row have null value in Reason for cancelling by Customer before cleaning
2026-05-08 16:50:48,230 - transform - INFO - 0 row have null value in Reason for cancelling by Customer have updated to other
2026-05-08 16:50:48,230 - transform - INFO - terminate updating Reason for cancelling by Customer row
2026-05-08 16:50:48,230 - transform - INFO - updating Cancelled Rides by Driver row...
2026-05-08 16:50:48,763 - transform - INFO - 121836 row have null in Cancelled Rides by Driver before cleaning
2026-05-08 16:50:48,763 - transform - INFO - 0 row have null in Cancelled Rides by Driver after cleaning
2026-05-08 16:50:48,764 - transform - INFO - terminate updating Cancelled Rides by Driver row
2026-05-08 16:50:48,764 - transform - INFO - updating Driver Cancellation Reason...
2026-05-08 16:50:49,331 - transform - INFO - 121836 row have null value in Driver Cancellation Reason before cleaning
2026-05-08 16:50:49,331 - transform - INFO - 0 row have null value in Driver Cancellation Reason have updated to other
2026-05-08 16:50:49,331 - transform - INFO - terminate updating Driver Cancellation Reason row
2026-05-08 16:50:49,331 - transform - INFO - updating Incomplete Rides Reason row...
2026-05-08 16:50:49,850 - transform - INFO - 139819 row have null in Incomplete Rides Reason before cleaning
2026-05-08 16:50:49,850 - transform - INFO - 0 row have null in Incomplete Rides Reason after cleaning
2026-05-08 16:50:49,850 - transform - INFO - terminate updating Incomplete Rides Reason row
2026-05-08 16:52:26,822 - spark session - INFO - Start to connecting to Spark...
2026-05-08 16:52:33,047 - spark session - INFO - Connected To Spark
2026-05-08 16:52:33,048 - transform - INFO - get information about dataset...
2026-05-08 16:52:33,393 - transform - INFO - count of rows before cleaning and duplicating : 150000
2026-05-08 16:52:33,393 - transform - INFO - type of columns [('Date', 'string'), ('Time', 'timestamp'), ('Booking ID', 'string'), ('Booking Status', 'string'), ('Customer ID', 'string'), ('Vehicle Type', 'string'), ('Pickup Location', 'string'), ('Drop Location', 'string'), ('Cancelled Rides by Customer', 'int'), ('Reason for cancelling by Customer', 'string'), ('Cancelled Rides by Driver', 'int'), ('Driver Cancellation Reason', 'string'), ('Incomplete Rides', 'int'), ('Incomplete Rides Reason', 'string'), ('Booking Value', 'int'), ('Ride Distance', 'double'), ('Driver Ratings', 'double'), ('Customer Rating', 'double'), ('Payment Method', 'string')]
2026-05-08 16:52:33,393 - transform - INFO - remove duplicate rows...
2026-05-08 16:52:34,277 - transform - INFO - 1224 row was removed because is duplicated
2026-05-08 16:52:34,625 - transform - INFO - 148767 unique rows
2026-05-08 16:52:34,625 - transform - INFO - updating Cancelled Rides by Customer row...
2026-05-08 16:52:35,365 - transform - INFO - 138271 row have null in Cancelled Rides by Customer before cleaning
2026-05-08 16:52:35,365 - transform - INFO - 0 row have null in Cancelled Rides by Customer after cleaning
2026-05-08 16:52:35,365 - transform - INFO - terminate updating Cancelled Rides by Customer row
2026-05-08 16:52:35,365 - transform - INFO - updating Reason for cancelling by Customer...
2026-05-08 16:52:36,258 - transform - INFO - 138271 row have null value in Reason for cancelling by Customer before cleaning
2026-05-08 16:52:36,258 - transform - INFO - 0 row have null value in Reason for cancelling by Customer have updated to other
2026-05-08 16:52:36,258 - transform - INFO - terminate updating Reason for cancelling by Customer row
2026-05-08 16:52:36,258 - transform - INFO - updating Cancelled Rides by Driver row...
2026-05-08 16:52:36,747 - transform - INFO - 121836 row have null in Cancelled Rides by Driver before cleaning
2026-05-08 16:52:36,747 - transform - INFO - 0 row have null in Cancelled Rides by Driver after cleaning
2026-05-08 16:52:36,747 - transform - INFO - terminate updating Cancelled Rides by Driver row
2026-05-08 16:52:36,747 - transform - INFO - updating Driver Cancellation Reason...
2026-05-08 16:52:37,300 - transform - INFO - 121836 row have null value in Driver Cancellation Reason before cleaning
2026-05-08 16:52:37,300 - transform - INFO - 0 row have null value in Driver Cancellation Reason have updated to other
2026-05-08 16:52:37,300 - transform - INFO - terminate updating Driver Cancellation Reason row
2026-05-08 16:52:37,300 - transform - INFO - updating Incomplete Rides Reason row...
2026-05-08 16:52:37,839 - transform - INFO - 139819 row have null in Incomplete Rides Reason before cleaning
2026-05-08 16:52:37,839 - transform - INFO - 0 row have null in Incomplete Rides Reason after cleaning
2026-05-08 16:52:37,839 - transform - INFO - terminate updating Incomplete Rides Reason row
2026-05-08 16:54:32,234 - spark session - INFO - Start to connecting to Spark...
2026-05-08 16:54:37,882 - spark session - INFO - Connected To Spark
2026-05-08 16:54:37,882 - transform - INFO - get information about dataset...
2026-05-08 16:54:38,256 - transform - INFO - count of rows before cleaning and duplicating : 150000
2026-05-08 16:54:38,256 - transform - INFO - type of columns [('Date', 'string'), ('Time', 'timestamp'), ('Booking ID', 'string'), ('Booking Status', 'string'), ('Customer ID', 'string'), ('Vehicle Type', 'string'), ('Pickup Location', 'string'), ('Drop Location', 'string'), ('Cancelled Rides by Customer', 'int'), ('Reason for cancelling by Customer', 'string'), ('Cancelled Rides by Driver', 'int'), ('Driver Cancellation Reason', 'string'), ('Incomplete Rides', 'int'), ('Incomplete Rides Reason', 'string'), ('Booking Value', 'int'), ('Ride Distance', 'double'), ('Driver Ratings', 'double'), ('Customer Rating', 'double'), ('Payment Method', 'string')]
2026-05-08 16:54:38,256 - transform - INFO - remove duplicate rows...
2026-05-08 16:54:39,065 - transform - INFO - 1224 row was removed because is duplicated
2026-05-08 16:54:39,428 - transform - INFO - 148767 unique rows
2026-05-08 16:54:39,428 - transform - INFO - updating Cancelled Rides by Customer row...
2026-05-08 16:54:40,181 - transform - INFO - 138271 row have null in Cancelled Rides by Customer before cleaning
2026-05-08 16:54:40,181 - transform - INFO - 0 row have null in Cancelled Rides by Customer after cleaning
2026-05-08 16:54:40,181 - transform - INFO - terminate updating Cancelled Rides by Customer row
2026-05-08 16:54:40,181 - transform - INFO - updating Reason for cancelling by Customer...
2026-05-08 16:54:41,103 - transform - INFO - 138271 row have null value in Reason for cancelling by Customer before cleaning
2026-05-08 16:54:41,103 - transform - INFO - 0 row have null value in Reason for cancelling by Customer have updated to other
2026-05-08 16:54:41,103 - transform - INFO - terminate updating Reason for cancelling by Customer row
2026-05-08 16:54:41,103 - transform - INFO - updating Cancelled Rides by Driver row...
2026-05-08 16:54:41,636 - transform - INFO - 121836 row have null in Cancelled Rides by Driver before cleaning
2026-05-08 16:54:41,636 - transform - INFO - 0 row have null in Cancelled Rides by Driver after cleaning
2026-05-08 16:54:41,636 - transform - INFO - terminate updating Cancelled Rides by Driver row
2026-05-08 16:54:41,636 - transform - INFO - updating Driver Cancellation Reason...
2026-05-08 16:54:42,226 - transform - INFO - 121836 row have null value in Driver Cancellation Reason before cleaning
2026-05-08 16:54:42,226 - transform - INFO - 0 row have null value in Driver Cancellation Reason have updated to other
2026-05-08 16:54:42,226 - transform - INFO - terminate updating Driver Cancellation Reason row
2026-05-08 16:54:42,226 - transform - INFO - updating Incomplete Rides Reason row...
2026-05-08 16:54:42,787 - transform - INFO - 139819 row have null in Incomplete Rides Reason before cleaning
2026-05-08 16:54:42,787 - transform - INFO - 0 row have null in Incomplete Rides Reason after cleaning
2026-05-08 16:54:42,787 - transform - INFO - terminate updating Incomplete Rides Reason row
2026-05-08 16:54:43,227 - transform - INFO - updating Driver Ratings row...
2026-05-08 16:55:14,854 - spark session - INFO - Start to connecting to Spark...
2026-05-08 16:55:20,454 - spark session - INFO - Connected To Spark
2026-05-08 16:55:20,455 - transform - INFO - get information about dataset...
2026-05-08 16:55:20,783 - transform - INFO - count of rows before cleaning and duplicating : 150000
2026-05-08 16:55:20,783 - transform - INFO - type of columns [('Date', 'string'), ('Time', 'timestamp'), ('Booking ID', 'string'), ('Booking Status', 'string'), ('Customer ID', 'string'), ('Vehicle Type', 'string'), ('Pickup Location', 'string'), ('Drop Location', 'string'), ('Cancelled Rides by Customer', 'int'), ('Reason for cancelling by Customer', 'string'), ('Cancelled Rides by Driver', 'int'), ('Driver Cancellation Reason', 'string'), ('Incomplete Rides', 'int'), ('Incomplete Rides Reason', 'string'), ('Booking Value', 'int'), ('Ride Distance', 'double'), ('Driver Ratings', 'double'), ('Customer Rating', 'double'), ('Payment Method', 'string')]
2026-05-08 16:55:20,783 - transform - INFO - remove duplicate rows...
2026-05-08 16:55:21,692 - transform - INFO - 1224 row was removed because is duplicated
2026-05-08 16:55:22,061 - transform - INFO - 148767 unique rows
2026-05-08 16:55:22,061 - transform - INFO - updating Cancelled Rides by Customer row...
2026-05-08 16:55:23,017 - transform - INFO - 138271 row have null in Cancelled Rides by Customer before cleaning
2026-05-08 16:55:23,018 - transform - INFO - 0 row have null in Cancelled Rides by Customer after cleaning
2026-05-08 16:55:23,018 - transform - INFO - terminate updating Cancelled Rides by Customer row
2026-05-08 16:55:23,018 - transform - INFO - updating Reason for cancelling by Customer...
2026-05-08 16:55:24,017 - transform - INFO - 138271 row have null value in Reason for cancelling by Customer before cleaning
2026-05-08 16:55:24,017 - transform - INFO - 0 row have null value in Reason for cancelling by Customer have updated to other
2026-05-08 16:55:24,017 - transform - INFO - terminate updating Reason for cancelling by Customer row
2026-05-08 16:55:24,017 - transform - INFO - updating Cancelled Rides by Driver row...
2026-05-08 16:55:24,574 - transform - INFO - 121836 row have null in Cancelled Rides by Driver before cleaning
2026-05-08 16:55:24,574 - transform - INFO - 0 row have null in Cancelled Rides by Driver after cleaning
2026-05-08 16:55:24,574 - transform - INFO - terminate updating Cancelled Rides by Driver row
2026-05-08 16:55:24,574 - transform - INFO - updating Driver Cancellation Reason...
2026-05-08 16:55:25,191 - transform - INFO - 121836 row have null value in Driver Cancellation Reason before cleaning
2026-05-08 16:55:25,191 - transform - INFO - 0 row have null value in Driver Cancellation Reason have updated to other
2026-05-08 16:55:25,191 - transform - INFO - terminate updating Driver Cancellation Reason row
2026-05-08 16:55:25,191 - transform - INFO - updating Incomplete Rides Reason row...
2026-05-08 16:55:25,710 - transform - INFO - 139819 row have null in Incomplete Rides Reason before cleaning
2026-05-08 16:55:25,710 - transform - INFO - 0 row have null in Incomplete Rides Reason after cleaning
2026-05-08 16:55:25,710 - transform - INFO - terminate updating Incomplete Rides Reason row
2026-05-08 16:55:25,710 - transform - INFO - updating Driver Ratings row...
2026-05-08 16:55:26,060 - transform - INFO - 56817 row have null value in Driver Ratings before cleaning
2026-05-08 16:56:36,178 - spark session - INFO - Start to connecting to Spark...
2026-05-08 16:56:41,666 - spark session - INFO - Connected To Spark
2026-05-08 16:56:41,666 - transform - INFO - get information about dataset...
2026-05-08 16:56:41,992 - transform - INFO - count of rows before cleaning and duplicating : 150000
2026-05-08 16:56:41,992 - transform - INFO - type of columns [('Date', 'string'), ('Time', 'timestamp'), ('Booking ID', 'string'), ('Booking Status', 'string'), ('Customer ID', 'string'), ('Vehicle Type', 'string'), ('Pickup Location', 'string'), ('Drop Location', 'string'), ('Cancelled Rides by Customer', 'int'), ('Reason for cancelling by Customer', 'string'), ('Cancelled Rides by Driver', 'int'), ('Driver Cancellation Reason', 'string'), ('Incomplete Rides', 'int'), ('Incomplete Rides Reason', 'string'), ('Booking Value', 'int'), ('Ride Distance', 'double'), ('Driver Ratings', 'double'), ('Customer Rating', 'double'), ('Payment Method', 'string')]
2026-05-08 16:56:41,992 - transform - INFO - remove duplicate rows...
2026-05-08 16:56:42,812 - transform - INFO - 1224 row was removed because is duplicated
2026-05-08 16:56:43,168 - transform - INFO - 148767 unique rows
2026-05-08 16:56:43,168 - transform - INFO - updating Cancelled Rides by Customer row...
2026-05-08 16:56:43,920 - transform - INFO - 138271 row have null in Cancelled Rides by Customer before cleaning
2026-05-08 16:56:43,920 - transform - INFO - 0 row have null in Cancelled Rides by Customer after cleaning
2026-05-08 16:56:43,920 - transform - INFO - terminate updating Cancelled Rides by Customer row
2026-05-08 16:56:43,920 - transform - INFO - updating Reason for cancelling by Customer...
2026-05-08 16:56:44,857 - transform - INFO - 138271 row have null value in Reason for cancelling by Customer before cleaning
2026-05-08 16:56:44,857 - transform - INFO - 0 row have null value in Reason for cancelling by Customer have updated to other
2026-05-08 16:56:44,857 - transform - INFO - terminate updating Reason for cancelling by Customer row
2026-05-08 16:56:44,857 - transform - INFO - updating Cancelled Rides by Driver row...
2026-05-08 16:56:45,383 - transform - INFO - 121836 row have null in Cancelled Rides by Driver before cleaning
2026-05-08 16:56:45,383 - transform - INFO - 0 row have null in Cancelled Rides by Driver after cleaning
2026-05-08 16:56:45,383 - transform - INFO - terminate updating Cancelled Rides by Driver row
2026-05-08 16:56:45,383 - transform - INFO - updating Driver Cancellation Reason...
2026-05-08 16:56:45,948 - transform - INFO - 121836 row have null value in Driver Cancellation Reason before cleaning
2026-05-08 16:56:45,948 - transform - INFO - 0 row have null value in Driver Cancellation Reason have updated to other
2026-05-08 16:56:45,948 - transform - INFO - terminate updating Driver Cancellation Reason row
2026-05-08 16:56:45,948 - transform - INFO - updating Incomplete Rides Reason row...
2026-05-08 16:56:46,485 - transform - INFO - 139819 row have null in Incomplete Rides Reason before cleaning
2026-05-08 16:56:46,485 - transform - INFO - 0 row have null in Incomplete Rides Reason after cleaning
2026-05-08 16:56:46,485 - transform - INFO - terminate updating Incomplete Rides Reason row
2026-05-08 16:56:46,485 - transform - INFO - updating Driver Ratings row...
2026-05-08 16:56:47,149 - transform - INFO - 56817 row have null value in Driver Ratings before cleaning
2026-05-08 16:57:18,505 - spark session - INFO - Start to connecting to Spark...
2026-05-08 16:57:24,166 - spark session - INFO - Connected To Spark
2026-05-08 16:57:24,167 - transform - INFO - get information about dataset...
2026-05-08 16:57:24,609 - transform - INFO - count of rows before cleaning and duplicating : 150000
2026-05-08 16:57:24,609 - transform - INFO - type of columns [('Date', 'string'), ('Time', 'timestamp'), ('Booking ID', 'string'), ('Booking Status', 'string'), ('Customer ID', 'string'), ('Vehicle Type', 'string'), ('Pickup Location', 'string'), ('Drop Location', 'string'), ('Cancelled Rides by Customer', 'int'), ('Reason for cancelling by Customer', 'string'), ('Cancelled Rides by Driver', 'int'), ('Driver Cancellation Reason', 'string'), ('Incomplete Rides', 'int'), ('Incomplete Rides Reason', 'string'), ('Booking Value', 'int'), ('Ride Distance', 'double'), ('Driver Ratings', 'double'), ('Customer Rating', 'double'), ('Payment Method', 'string')]
2026-05-08 16:57:24,609 - transform - INFO - remove duplicate rows...
2026-05-08 16:57:25,613 - transform - INFO - 1224 row was removed because is duplicated
2026-05-08 16:57:26,001 - transform - INFO - 148767 unique rows
2026-05-08 16:57:26,001 - transform - INFO - updating Cancelled Rides by Customer row...
2026-05-08 16:57:26,917 - transform - INFO - 138271 row have null in Cancelled Rides by Customer before cleaning
2026-05-08 16:57:26,917 - transform - INFO - 0 row have null in Cancelled Rides by Customer after cleaning
2026-05-08 16:57:26,917 - transform - INFO - terminate updating Cancelled Rides by Customer row
2026-05-08 16:57:26,917 - transform - INFO - updating Reason for cancelling by Customer...
2026-05-08 16:57:27,868 - transform - INFO - 138271 row have null value in Reason for cancelling by Customer before cleaning
2026-05-08 16:57:27,868 - transform - INFO - 0 row have null value in Reason for cancelling by Customer have updated to other
2026-05-08 16:57:27,868 - transform - INFO - terminate updating Reason for cancelling by Customer row
2026-05-08 16:57:27,868 - transform - INFO - updating Cancelled Rides by Driver row...
2026-05-08 16:57:28,457 - transform - INFO - 121836 row have null in Cancelled Rides by Driver before cleaning
2026-05-08 16:57:28,457 - transform - INFO - 0 row have null in Cancelled Rides by Driver after cleaning
2026-05-08 16:57:28,457 - transform - INFO - terminate updating Cancelled Rides by Driver row
2026-05-08 16:57:28,457 - transform - INFO - updating Driver Cancellation Reason...
2026-05-08 16:57:29,134 - transform - INFO - 121836 row have null value in Driver Cancellation Reason before cleaning
2026-05-08 16:57:29,134 - transform - INFO - 0 row have null value in Driver Cancellation Reason have updated to other
2026-05-08 16:57:29,134 - transform - INFO - terminate updating Driver Cancellation Reason row
2026-05-08 16:57:29,134 - transform - INFO - updating Incomplete Rides Reason row...
2026-05-08 16:57:29,784 - transform - INFO - 139819 row have null in Incomplete Rides Reason before cleaning
2026-05-08 16:57:29,784 - transform - INFO - 0 row have null in Incomplete Rides Reason after cleaning
2026-05-08 16:57:29,784 - transform - INFO - terminate updating Incomplete Rides Reason row
2026-05-08 16:57:29,784 - transform - INFO - updating Driver Ratings row...
2026-05-08 16:58:06,280 - spark session - INFO - Start to connecting to Spark...
2026-05-08 16:58:11,741 - spark session - INFO - Connected To Spark
2026-05-08 16:58:11,742 - transform - INFO - get information about dataset...
2026-05-08 16:58:12,092 - transform - INFO - count of rows before cleaning and duplicating : 150000
2026-05-08 16:58:12,092 - transform - INFO - type of columns [('Date', 'string'), ('Time', 'timestamp'), ('Booking ID', 'string'), ('Booking Status', 'string'), ('Customer ID', 'string'), ('Vehicle Type', 'string'), ('Pickup Location', 'string'), ('Drop Location', 'string'), ('Cancelled Rides by Customer', 'int'), ('Reason for cancelling by Customer', 'string'), ('Cancelled Rides by Driver', 'int'), ('Driver Cancellation Reason', 'string'), ('Incomplete Rides', 'int'), ('Incomplete Rides Reason', 'string'), ('Booking Value', 'int'), ('Ride Distance', 'double'), ('Driver Ratings', 'double'), ('Customer Rating', 'double'), ('Payment Method', 'string')]
2026-05-08 16:58:12,092 - transform - INFO - remove duplicate rows...
2026-05-08 16:58:12,938 - transform - INFO - 1224 row was removed because is duplicated
2026-05-08 16:58:13,324 - transform - INFO - 148767 unique rows
2026-05-08 16:58:13,324 - transform - INFO - updating Cancelled Rides by Customer row...
2026-05-08 16:58:14,142 - transform - INFO - 138271 row have null in Cancelled Rides by Customer before cleaning
2026-05-08 16:58:14,142 - transform - INFO - 0 row have null in Cancelled Rides by Customer after cleaning
2026-05-08 16:58:14,142 - transform - INFO - terminate updating Cancelled Rides by Customer row
2026-05-08 16:58:14,142 - transform - INFO - updating Reason for cancelling by Customer...
2026-05-08 16:58:15,087 - transform - INFO - 138271 row have null value in Reason for cancelling by Customer before cleaning
2026-05-08 16:58:15,087 - transform - INFO - 0 row have null value in Reason for cancelling by Customer have updated to other
2026-05-08 16:58:15,087 - transform - INFO - terminate updating Reason for cancelling by Customer row
2026-05-08 16:58:15,087 - transform - INFO - updating Cancelled Rides by Driver row...
2026-05-08 16:58:15,597 - transform - INFO - 121836 row have null in Cancelled Rides by Driver before cleaning
2026-05-08 16:58:15,597 - transform - INFO - 0 row have null in Cancelled Rides by Driver after cleaning
2026-05-08 16:58:15,597 - transform - INFO - terminate updating Cancelled Rides by Driver row
2026-05-08 16:58:15,597 - transform - INFO - updating Driver Cancellation Reason...
2026-05-08 16:58:16,196 - transform - INFO - 121836 row have null value in Driver Cancellation Reason before cleaning
2026-05-08 16:58:16,196 - transform - INFO - 0 row have null value in Driver Cancellation Reason have updated to other
2026-05-08 16:58:16,196 - transform - INFO - terminate updating Driver Cancellation Reason row
2026-05-08 16:58:16,196 - transform - INFO - updating Incomplete Rides Reason row...
2026-05-08 16:58:16,757 - transform - INFO - 139819 row have null in Incomplete Rides Reason before cleaning
2026-05-08 16:58:16,757 - transform - INFO - 0 row have null in Incomplete Rides Reason after cleaning
2026-05-08 16:58:16,757 - transform - INFO - terminate updating Incomplete Rides Reason row
2026-05-08 16:58:16,757 - transform - INFO - updating Driver Ratings row...
2026-05-08 16:58:17,454 - transform - INFO - 56817 row have null value in Driver Ratings before cleaning
2026-05-08 16:59:07,668 - spark session - INFO - Start to connecting to Spark...
2026-05-08 16:59:13,727 - spark session - INFO - Connected To Spark
2026-05-08 16:59:13,727 - transform - INFO - get information about dataset...
2026-05-08 16:59:14,085 - transform - INFO - count of rows before cleaning and duplicating : 150000
2026-05-08 16:59:14,085 - transform - INFO - type of columns [('Date', 'string'), ('Time', 'timestamp'), ('Booking ID', 'string'), ('Booking Status', 'string'), ('Customer ID', 'string'), ('Vehicle Type', 'string'), ('Pickup Location', 'string'), ('Drop Location', 'string'), ('Cancelled Rides by Customer', 'int'), ('Reason for cancelling by Customer', 'string'), ('Cancelled Rides by Driver', 'int'), ('Driver Cancellation Reason', 'string'), ('Incomplete Rides', 'int'), ('Incomplete Rides Reason', 'string'), ('Booking Value', 'int'), ('Ride Distance', 'double'), ('Driver Ratings', 'double'), ('Customer Rating', 'double'), ('Payment Method', 'string')]
2026-05-08 16:59:14,085 - transform - INFO - remove duplicate rows...
2026-05-08 16:59:15,001 - transform - INFO - 1224 row was removed because is duplicated
2026-05-08 16:59:15,365 - transform - INFO - 148767 unique rows
2026-05-08 16:59:15,365 - transform - INFO - updating Cancelled Rides by Customer row...
2026-05-08 16:59:16,077 - transform - INFO - 138271 row have null in Cancelled Rides by Customer before cleaning
2026-05-08 16:59:16,077 - transform - INFO - 0 row have null in Cancelled Rides by Customer after cleaning
2026-05-08 16:59:16,077 - transform - INFO - terminate updating Cancelled Rides by Customer row
2026-05-08 16:59:16,077 - transform - INFO - updating Reason for cancelling by Customer...
2026-05-08 16:59:17,049 - transform - INFO - 138271 row have null value in Reason for cancelling by Customer before cleaning
2026-05-08 16:59:17,049 - transform - INFO - 0 row have null value in Reason for cancelling by Customer have updated to other
2026-05-08 16:59:17,049 - transform - INFO - terminate updating Reason for cancelling by Customer row
2026-05-08 16:59:17,049 - transform - INFO - updating Cancelled Rides by Driver row...
2026-05-08 16:59:17,639 - transform - INFO - 121836 row have null in Cancelled Rides by Driver before cleaning
2026-05-08 16:59:17,639 - transform - INFO - 0 row have null in Cancelled Rides by Driver after cleaning
2026-05-08 16:59:17,639 - transform - INFO - terminate updating Cancelled Rides by Driver row
2026-05-08 16:59:17,639 - transform - INFO - updating Driver Cancellation Reason...
2026-05-08 16:59:18,243 - transform - INFO - 121836 row have null value in Driver Cancellation Reason before cleaning
2026-05-08 16:59:18,243 - transform - INFO - 0 row have null value in Driver Cancellation Reason have updated to other
2026-05-08 16:59:18,243 - transform - INFO - terminate updating Driver Cancellation Reason row
2026-05-08 16:59:18,243 - transform - INFO - updating Incomplete Rides Reason row...
2026-05-08 16:59:18,813 - transform - INFO - 139819 row have null in Incomplete Rides Reason before cleaning
2026-05-08 16:59:18,814 - transform - INFO - 0 row have null in Incomplete Rides Reason after cleaning
2026-05-08 16:59:18,814 - transform - INFO - terminate updating Incomplete Rides Reason row
2026-05-08 16:59:18,814 - transform - INFO - updating Driver Ratings row...
2026-05-08 17:01:01,232 - spark session - INFO - Start to connecting to Spark...
2026-05-08 17:01:07,761 - spark session - INFO - Connected To Spark
2026-05-08 17:01:07,762 - transform - INFO - get information about dataset...
2026-05-08 17:01:08,111 - transform - INFO - count of rows before cleaning and duplicating : 150000
2026-05-08 17:01:08,111 - transform - INFO - type of columns [('Date', 'string'), ('Time', 'timestamp'), ('Booking ID', 'string'), ('Booking Status', 'string'), ('Customer ID', 'string'), ('Vehicle Type', 'string'), ('Pickup Location', 'string'), ('Drop Location', 'string'), ('Cancelled Rides by Customer', 'int'), ('Reason for cancelling by Customer', 'string'), ('Cancelled Rides by Driver', 'int'), ('Driver Cancellation Reason', 'string'), ('Incomplete Rides', 'int'), ('Incomplete Rides Reason', 'string'), ('Booking Value', 'int'), ('Ride Distance', 'double'), ('Driver Ratings', 'double'), ('Customer Rating', 'double'), ('Payment Method', 'string')]
2026-05-08 17:01:08,111 - transform - INFO - remove duplicate rows...
2026-05-08 17:01:08,958 - transform - INFO - 1224 row was removed because is duplicated
2026-05-08 17:01:09,297 - transform - INFO - 148767 unique rows
2026-05-08 17:01:09,298 - transform - INFO - updating Cancelled Rides by Customer row...
2026-05-08 17:01:10,071 - transform - INFO - 138271 row have null in Cancelled Rides by Customer before cleaning
2026-05-08 17:01:10,072 - transform - INFO - 0 row have null in Cancelled Rides by Customer after cleaning
2026-05-08 17:01:10,072 - transform - INFO - terminate updating Cancelled Rides by Customer row
2026-05-08 17:01:10,072 - transform - INFO - updating Reason for cancelling by Customer...
2026-05-08 17:01:10,965 - transform - INFO - 138271 row have null value in Reason for cancelling by Customer before cleaning
2026-05-08 17:01:10,965 - transform - INFO - 0 row have null value in Reason for cancelling by Customer have updated to other
2026-05-08 17:01:10,965 - transform - INFO - terminate updating Reason for cancelling by Customer row
2026-05-08 17:01:10,965 - transform - INFO - updating Cancelled Rides by Driver row...
2026-05-08 17:01:11,501 - transform - INFO - 121836 row have null in Cancelled Rides by Driver before cleaning
2026-05-08 17:01:11,501 - transform - INFO - 0 row have null in Cancelled Rides by Driver after cleaning
2026-05-08 17:01:11,501 - transform - INFO - terminate updating Cancelled Rides by Driver row
2026-05-08 17:01:11,501 - transform - INFO - updating Driver Cancellation Reason...
2026-05-08 17:01:12,047 - transform - INFO - 121836 row have null value in Driver Cancellation Reason before cleaning
2026-05-08 17:01:12,047 - transform - INFO - 0 row have null value in Driver Cancellation Reason have updated to other
2026-05-08 17:01:12,048 - transform - INFO - terminate updating Driver Cancellation Reason row
2026-05-08 17:01:12,048 - transform - INFO - updating Incomplete Rides Reason row...
2026-05-08 17:01:12,611 - transform - INFO - 139819 row have null in Incomplete Rides Reason before cleaning
2026-05-08 17:01:12,611 - transform - INFO - 0 row have null in Incomplete Rides Reason after cleaning
2026-05-08 17:01:12,611 - transform - INFO - terminate updating Incomplete Rides Reason row
2026-05-08 17:01:12,611 - transform - INFO - updating Driver Ratings row...
2026-05-08 17:02:03,837 - spark session - INFO - Start to connecting to Spark...
2026-05-08 17:02:09,389 - spark session - INFO - Connected To Spark
2026-05-08 17:02:09,389 - transform - INFO - get information about dataset...
2026-05-08 17:02:09,709 - transform - INFO - count of rows before cleaning and duplicating : 150000
2026-05-08 17:02:09,709 - transform - INFO - type of columns [('Date', 'string'), ('Time', 'timestamp'), ('Booking ID', 'string'), ('Booking Status', 'string'), ('Customer ID', 'string'), ('Vehicle Type', 'string'), ('Pickup Location', 'string'), ('Drop Location', 'string'), ('Cancelled Rides by Customer', 'int'), ('Reason for cancelling by Customer', 'string'), ('Cancelled Rides by Driver', 'int'), ('Driver Cancellation Reason', 'string'), ('Incomplete Rides', 'int'), ('Incomplete Rides Reason', 'string'), ('Booking Value', 'int'), ('Ride Distance', 'double'), ('Driver Ratings', 'double'), ('Customer Rating', 'double'), ('Payment Method', 'string')]
2026-05-08 17:02:09,709 - transform - INFO - remove duplicate rows...
2026-05-08 17:02:10,593 - transform - INFO - 1224 row was removed because is duplicated
2026-05-08 17:02:10,959 - transform - INFO - 148767 unique rows
2026-05-08 17:02:10,959 - transform - INFO - updating Cancelled Rides by Customer row...
2026-05-08 17:02:11,661 - transform - INFO - 138271 row have null in Cancelled Rides by Customer before cleaning
2026-05-08 17:02:11,661 - transform - INFO - 0 row have null in Cancelled Rides by Customer after cleaning
2026-05-08 17:02:11,661 - transform - INFO - terminate updating Cancelled Rides by Customer row
2026-05-08 17:02:11,661 - transform - INFO - updating Reason for cancelling by Customer...
2026-05-08 17:02:12,557 - transform - INFO - 138271 row have null value in Reason for cancelling by Customer before cleaning
2026-05-08 17:02:12,558 - transform - INFO - 0 row have null value in Reason for cancelling by Customer have updated to other
2026-05-08 17:02:12,558 - transform - INFO - terminate updating Reason for cancelling by Customer row
2026-05-08 17:02:12,558 - transform - INFO - updating Cancelled Rides by Driver row...
2026-05-08 17:02:13,088 - transform - INFO - 121836 row have null in Cancelled Rides by Driver before cleaning
2026-05-08 17:02:13,088 - transform - INFO - 0 row have null in Cancelled Rides by Driver after cleaning
2026-05-08 17:02:13,088 - transform - INFO - terminate updating Cancelled Rides by Driver row
2026-05-08 17:02:13,088 - transform - INFO - updating Driver Cancellation Reason...
2026-05-08 17:02:13,663 - transform - INFO - 121836 row have null value in Driver Cancellation Reason before cleaning
2026-05-08 17:02:13,663 - transform - INFO - 0 row have null value in Driver Cancellation Reason have updated to other
2026-05-08 17:02:13,663 - transform - INFO - terminate updating Driver Cancellation Reason row
2026-05-08 17:02:13,663 - transform - INFO - updating Incomplete Rides Reason row...
2026-05-08 17:02:14,200 - transform - INFO - 139819 row have null in Incomplete Rides Reason before cleaning
2026-05-08 17:02:14,200 - transform - INFO - 0 row have null in Incomplete Rides Reason after cleaning
2026-05-08 17:02:14,200 - transform - INFO - terminate updating Incomplete Rides Reason row
2026-05-08 17:02:14,200 - transform - INFO - updating Driver Ratings row...
2026-05-08 17:04:09,953 - spark session - INFO - Start to connecting to Spark...
2026-05-08 17:04:16,315 - spark session - INFO - Connected To Spark
2026-05-08 17:04:16,315 - transform - INFO - get information about dataset...
2026-05-08 17:04:16,762 - transform - INFO - count of rows before cleaning and duplicating : 150000
2026-05-08 17:04:16,762 - transform - INFO - type of columns [('Date', 'string'), ('Time', 'timestamp'), ('Booking ID', 'string'), ('Booking Status', 'string'), ('Customer ID', 'string'), ('Vehicle Type', 'string'), ('Pickup Location', 'string'), ('Drop Location', 'string'), ('Cancelled Rides by Customer', 'int'), ('Reason for cancelling by Customer', 'string'), ('Cancelled Rides by Driver', 'int'), ('Driver Cancellation Reason', 'string'), ('Incomplete Rides', 'int'), ('Incomplete Rides Reason', 'string'), ('Booking Value', 'int'), ('Ride Distance', 'double'), ('Driver Ratings', 'double'), ('Customer Rating', 'double'), ('Payment Method', 'string')]
2026-05-08 17:04:16,762 - transform - INFO - remove duplicate rows...
2026-05-08 17:04:17,869 - transform - INFO - 1224 row was removed because is duplicated
2026-05-08 17:04:18,327 - transform - INFO - 148767 unique rows
2026-05-08 17:04:18,327 - transform - INFO - updating Cancelled Rides by Customer row...
2026-05-08 17:04:19,184 - transform - INFO - 138271 row have null in Cancelled Rides by Customer before cleaning
2026-05-08 17:04:19,184 - transform - INFO - 0 row have null in Cancelled Rides by Customer after cleaning
2026-05-08 17:04:19,184 - transform - INFO - terminate updating Cancelled Rides by Customer row
2026-05-08 17:04:19,184 - transform - INFO - updating Reason for cancelling by Customer...
2026-05-08 17:04:20,148 - transform - INFO - 138271 row have null value in Reason for cancelling by Customer before cleaning
2026-05-08 17:04:20,148 - transform - INFO - 0 row have null value in Reason for cancelling by Customer have updated to other
2026-05-08 17:04:20,148 - transform - INFO - terminate updating Reason for cancelling by Customer row
2026-05-08 17:04:20,148 - transform - INFO - updating Cancelled Rides by Driver row...
2026-05-08 17:04:20,687 - transform - INFO - 121836 row have null in Cancelled Rides by Driver before cleaning
2026-05-08 17:04:20,687 - transform - INFO - 0 row have null in Cancelled Rides by Driver after cleaning
2026-05-08 17:04:20,687 - transform - INFO - terminate updating Cancelled Rides by Driver row
2026-05-08 17:04:20,687 - transform - INFO - updating Driver Cancellation Reason...
2026-05-08 17:04:21,279 - transform - INFO - 121836 row have null value in Driver Cancellation Reason before cleaning
2026-05-08 17:04:21,279 - transform - INFO - 0 row have null value in Driver Cancellation Reason have updated to other
2026-05-08 17:04:21,279 - transform - INFO - terminate updating Driver Cancellation Reason row
2026-05-08 17:04:21,279 - transform - INFO - updating Incomplete Rides Reason row...
2026-05-08 17:04:21,814 - transform - INFO - 139819 row have null in Incomplete Rides Reason before cleaning
2026-05-08 17:04:21,818 - transform - INFO - 0 row have null in Incomplete Rides Reason after cleaning
2026-05-08 17:04:21,818 - transform - INFO - terminate updating Incomplete Rides Reason row
2026-05-08 17:04:21,818 - transform - INFO - updating Driver Ratings row...
2026-05-08 17:04:29,495 - spark session - INFO - Start to connecting to Spark...
2026-05-08 17:04:34,569 - spark session - INFO - Connected To Spark
2026-05-08 17:04:34,570 - transform - INFO - get information about dataset...
2026-05-08 17:04:34,904 - transform - INFO - count of rows before cleaning and duplicating : 150000
2026-05-08 17:04:34,904 - transform - INFO - type of columns [('Date', 'string'), ('Time', 'timestamp'), ('Booking ID', 'string'), ('Booking Status', 'string'), ('Customer ID', 'string'), ('Vehicle Type', 'string'), ('Pickup Location', 'string'), ('Drop Location', 'string'), ('Cancelled Rides by Customer', 'int'), ('Reason for cancelling by Customer', 'string'), ('Cancelled Rides by Driver', 'int'), ('Driver Cancellation Reason', 'string'), ('Incomplete Rides', 'int'), ('Incomplete Rides Reason', 'string'), ('Booking Value', 'int'), ('Ride Distance', 'double'), ('Driver Ratings', 'double'), ('Customer Rating', 'double'), ('Payment Method', 'string')]
2026-05-08 17:04:34,904 - transform - INFO - remove duplicate rows...
2026-05-08 17:04:35,792 - transform - INFO - 1224 row was removed because is duplicated
2026-05-08 17:04:36,129 - transform - INFO - 148767 unique rows
2026-05-08 17:04:36,129 - transform - INFO - updating Cancelled Rides by Customer row...
2026-05-08 17:04:36,842 - transform - INFO - 138271 row have null in Cancelled Rides by Customer before cleaning
2026-05-08 17:04:36,843 - transform - INFO - 0 row have null in Cancelled Rides by Customer after cleaning
2026-05-08 17:04:36,843 - transform - INFO - terminate updating Cancelled Rides by Customer row
2026-05-08 17:04:36,843 - transform - INFO - updating Reason for cancelling by Customer...
2026-05-08 17:04:37,754 - transform - INFO - 138271 row have null value in Reason for cancelling by Customer before cleaning
2026-05-08 17:04:37,754 - transform - INFO - 0 row have null value in Reason for cancelling by Customer have updated to other
2026-05-08 17:04:37,754 - transform - INFO - terminate updating Reason for cancelling by Customer row
2026-05-08 17:04:37,754 - transform - INFO - updating Cancelled Rides by Driver row...
2026-05-08 17:04:38,310 - transform - INFO - 121836 row have null in Cancelled Rides by Driver before cleaning
2026-05-08 17:04:38,310 - transform - INFO - 0 row have null in Cancelled Rides by Driver after cleaning
2026-05-08 17:04:38,310 - transform - INFO - terminate updating Cancelled Rides by Driver row
2026-05-08 17:04:38,310 - transform - INFO - updating Driver Cancellation Reason...
2026-05-08 17:04:38,882 - transform - INFO - 121836 row have null value in Driver Cancellation Reason before cleaning
2026-05-08 17:04:38,882 - transform - INFO - 0 row have null value in Driver Cancellation Reason have updated to other
2026-05-08 17:04:38,882 - transform - INFO - terminate updating Driver Cancellation Reason row
2026-05-08 17:04:38,882 - transform - INFO - updating Incomplete Rides Reason row...
2026-05-08 17:04:39,437 - transform - INFO - 139819 row have null in Incomplete Rides Reason before cleaning
2026-05-08 17:04:39,437 - transform - INFO - 0 row have null in Incomplete Rides Reason after cleaning
2026-05-08 17:04:39,437 - transform - INFO - terminate updating Incomplete Rides Reason row
2026-05-08 17:04:39,437 - transform - INFO - updating Driver Ratings row...
2026-05-08 17:04:43,908 - spark session - INFO - Start to connecting to Spark...
2026-05-08 17:04:48,779 - spark session - INFO - Connected To Spark
2026-05-08 17:04:48,779 - transform - INFO - get information about dataset...
2026-05-08 17:04:49,099 - transform - INFO - count of rows before cleaning and duplicating : 150000
2026-05-08 17:04:49,099 - transform - INFO - type of columns [('Date', 'string'), ('Time', 'timestamp'), ('Booking ID', 'string'), ('Booking Status', 'string'), ('Customer ID', 'string'), ('Vehicle Type', 'string'), ('Pickup Location', 'string'), ('Drop Location', 'string'), ('Cancelled Rides by Customer', 'int'), ('Reason for cancelling by Customer', 'string'), ('Cancelled Rides by Driver', 'int'), ('Driver Cancellation Reason', 'string'), ('Incomplete Rides', 'int'), ('Incomplete Rides Reason', 'string'), ('Booking Value', 'int'), ('Ride Distance', 'double'), ('Driver Ratings', 'double'), ('Customer Rating', 'double'), ('Payment Method', 'string')]
2026-05-08 17:04:49,099 - transform - INFO - remove duplicate rows...
2026-05-08 17:04:50,000 - transform - INFO - 1224 row was removed because is duplicated
2026-05-08 17:04:50,349 - transform - INFO - 148767 unique rows
2026-05-08 17:04:50,349 - transform - INFO - updating Cancelled Rides by Customer row...
2026-05-08 17:04:51,101 - transform - INFO - 138271 row have null in Cancelled Rides by Customer before cleaning
2026-05-08 17:04:51,101 - transform - INFO - 0 row have null in Cancelled Rides by Customer after cleaning
2026-05-08 17:04:51,101 - transform - INFO - terminate updating Cancelled Rides by Customer row
2026-05-08 17:04:51,101 - transform - INFO - updating Reason for cancelling by Customer...
2026-05-08 17:04:52,041 - transform - INFO - 138271 row have null value in Reason for cancelling by Customer before cleaning
2026-05-08 17:04:52,041 - transform - INFO - 0 row have null value in Reason for cancelling by Customer have updated to other
2026-05-08 17:04:52,041 - transform - INFO - terminate updating Reason for cancelling by Customer row
2026-05-08 17:04:52,041 - transform - INFO - updating Cancelled Rides by Driver row...
2026-05-08 17:04:52,670 - transform - INFO - 121836 row have null in Cancelled Rides by Driver before cleaning
2026-05-08 17:04:52,671 - transform - INFO - 0 row have null in Cancelled Rides by Driver after cleaning
2026-05-08 17:04:52,671 - transform - INFO - terminate updating Cancelled Rides by Driver row
2026-05-08 17:04:52,671 - transform - INFO - updating Driver Cancellation Reason...
2026-05-08 17:04:53,303 - transform - INFO - 121836 row have null value in Driver Cancellation Reason before cleaning
2026-05-08 17:04:53,303 - transform - INFO - 0 row have null value in Driver Cancellation Reason have updated to other
2026-05-08 17:04:53,303 - transform - INFO - terminate updating Driver Cancellation Reason row
2026-05-08 17:04:53,303 - transform - INFO - updating Incomplete Rides Reason row...
2026-05-08 17:04:53,841 - transform - INFO - 139819 row have null in Incomplete Rides Reason before cleaning
2026-05-08 17:04:53,841 - transform - INFO - 0 row have null in Incomplete Rides Reason after cleaning
2026-05-08 17:04:53,841 - transform - INFO - terminate updating Incomplete Rides Reason row
2026-05-08 17:04:53,841 - transform - INFO - updating Driver Ratings row...
2026-05-08 17:05:09,613 - spark session - INFO - Start to connecting to Spark...
2026-05-08 17:05:14,404 - spark session - INFO - Connected To Spark
2026-05-08 17:05:14,404 - transform - INFO - get information about dataset...
2026-05-08 17:05:14,772 - transform - INFO - count of rows before cleaning and duplicating : 150000
2026-05-08 17:05:14,772 - transform - INFO - type of columns [('Date', 'string'), ('Time', 'timestamp'), ('Booking ID', 'string'), ('Booking Status', 'string'), ('Customer ID', 'string'), ('Vehicle Type', 'string'), ('Pickup Location', 'string'), ('Drop Location', 'string'), ('Cancelled Rides by Customer', 'int'), ('Reason for cancelling by Customer', 'string'), ('Cancelled Rides by Driver', 'int'), ('Driver Cancellation Reason', 'string'), ('Incomplete Rides', 'int'), ('Incomplete Rides Reason', 'string'), ('Booking Value', 'int'), ('Ride Distance', 'double'), ('Driver Ratings', 'double'), ('Customer Rating', 'double'), ('Payment Method', 'string')]
2026-05-08 17:05:14,772 - transform - INFO - remove duplicate rows...
2026-05-08 17:05:15,652 - transform - INFO - 1224 row was removed because is duplicated
2026-05-08 17:05:16,010 - transform - INFO - 148767 unique rows
2026-05-08 17:05:16,010 - transform - INFO - updating Cancelled Rides by Customer row...
2026-05-08 17:05:16,760 - transform - INFO - 138271 row have null in Cancelled Rides by Customer before cleaning
2026-05-08 17:05:16,760 - transform - INFO - 0 row have null in Cancelled Rides by Customer after cleaning
2026-05-08 17:05:16,760 - transform - INFO - terminate updating Cancelled Rides by Customer row
2026-05-08 17:05:16,760 - transform - INFO - updating Reason for cancelling by Customer...
2026-05-08 17:05:17,689 - transform - INFO - 138271 row have null value in Reason for cancelling by Customer before cleaning
2026-05-08 17:05:17,689 - transform - INFO - 0 row have null value in Reason for cancelling by Customer have updated to other
2026-05-08 17:05:17,689 - transform - INFO - terminate updating Reason for cancelling by Customer row
2026-05-08 17:05:17,689 - transform - INFO - updating Cancelled Rides by Driver row...
2026-05-08 17:05:18,195 - transform - INFO - 121836 row have null in Cancelled Rides by Driver before cleaning
2026-05-08 17:05:18,195 - transform - INFO - 0 row have null in Cancelled Rides by Driver after cleaning
2026-05-08 17:05:18,195 - transform - INFO - terminate updating Cancelled Rides by Driver row
2026-05-08 17:05:18,195 - transform - INFO - updating Driver Cancellation Reason...
2026-05-08 17:05:18,763 - transform - INFO - 121836 row have null value in Driver Cancellation Reason before cleaning
2026-05-08 17:05:18,763 - transform - INFO - 0 row have null value in Driver Cancellation Reason have updated to other
2026-05-08 17:05:18,763 - transform - INFO - terminate updating Driver Cancellation Reason row
2026-05-08 17:05:18,763 - transform - INFO - updating Incomplete Rides Reason row...
2026-05-08 17:05:19,266 - transform - INFO - 139819 row have null in Incomplete Rides Reason before cleaning
2026-05-08 17:05:19,266 - transform - INFO - 0 row have null in Incomplete Rides Reason after cleaning
2026-05-08 17:05:19,266 - transform - INFO - terminate updating Incomplete Rides Reason row
2026-05-08 17:05:19,266 - transform - INFO - updating Driver Ratings row...
2026-05-08 17:05:29,677 - spark session - INFO - Start to connecting to Spark...
2026-05-08 17:05:34,386 - spark session - INFO - Connected To Spark
2026-05-08 17:05:34,386 - transform - INFO - get information about dataset...
2026-05-08 17:05:34,762 - transform - INFO - count of rows before cleaning and duplicating : 150000
2026-05-08 17:05:34,762 - transform - INFO - type of columns [('Date', 'string'), ('Time', 'timestamp'), ('Booking ID', 'string'), ('Booking Status', 'string'), ('Customer ID', 'string'), ('Vehicle Type', 'string'), ('Pickup Location', 'string'), ('Drop Location', 'string'), ('Cancelled Rides by Customer', 'int'), ('Reason for cancelling by Customer', 'string'), ('Cancelled Rides by Driver', 'int'), ('Driver Cancellation Reason', 'string'), ('Incomplete Rides', 'int'), ('Incomplete Rides Reason', 'string'), ('Booking Value', 'int'), ('Ride Distance', 'double'), ('Driver Ratings', 'double'), ('Customer Rating', 'double'), ('Payment Method', 'string')]
2026-05-08 17:05:34,762 - transform - INFO - remove duplicate rows...
2026-05-08 17:05:35,593 - transform - INFO - 1224 row was removed because is duplicated
2026-05-08 17:05:35,967 - transform - INFO - 148767 unique rows
2026-05-08 17:05:35,967 - transform - INFO - updating Cancelled Rides by Customer row...
2026-05-08 17:05:36,758 - transform - INFO - 138271 row have null in Cancelled Rides by Customer before cleaning
2026-05-08 17:05:36,758 - transform - INFO - 0 row have null in Cancelled Rides by Customer after cleaning
2026-05-08 17:05:36,758 - transform - INFO - terminate updating Cancelled Rides by Customer row
2026-05-08 17:05:36,758 - transform - INFO - updating Reason for cancelling by Customer...
2026-05-08 17:05:37,714 - transform - INFO - 138271 row have null value in Reason for cancelling by Customer before cleaning
2026-05-08 17:05:37,714 - transform - INFO - 0 row have null value in Reason for cancelling by Customer have updated to other
2026-05-08 17:05:37,714 - transform - INFO - terminate updating Reason for cancelling by Customer row
2026-05-08 17:05:37,714 - transform - INFO - updating Cancelled Rides by Driver row...
2026-05-08 17:05:38,336 - transform - INFO - 121836 row have null in Cancelled Rides by Driver before cleaning
2026-05-08 17:05:38,336 - transform - INFO - 0 row have null in Cancelled Rides by Driver after cleaning
2026-05-08 17:05:38,336 - transform - INFO - terminate updating Cancelled Rides by Driver row
2026-05-08 17:05:38,336 - transform - INFO - updating Driver Cancellation Reason...
2026-05-08 17:05:38,891 - transform - INFO - 121836 row have null value in Driver Cancellation Reason before cleaning
2026-05-08 17:05:38,891 - transform - INFO - 0 row have null value in Driver Cancellation Reason have updated to other
2026-05-08 17:05:38,891 - transform - INFO - terminate updating Driver Cancellation Reason row
2026-05-08 17:05:38,891 - transform - INFO - updating Incomplete Rides Reason row...
2026-05-08 17:05:39,447 - transform - INFO - 139819 row have null in Incomplete Rides Reason before cleaning
2026-05-08 17:05:39,447 - transform - INFO - 0 row have null in Incomplete Rides Reason after cleaning
2026-05-08 17:05:39,447 - transform - INFO - terminate updating Incomplete Rides Reason row
2026-05-08 17:05:39,447 - transform - INFO - updating Driver Ratings row...
2026-05-08 17:06:20,653 - spark session - INFO - Start to connecting to Spark...
2026-05-08 17:06:25,912 - spark session - INFO - Connected To Spark
2026-05-08 17:06:25,913 - transform - INFO - get information about dataset...
2026-05-08 17:06:26,235 - transform - INFO - count of rows before cleaning and duplicating : 150000
2026-05-08 17:06:26,235 - transform - INFO - type of columns [('Date', 'string'), ('Time', 'timestamp'), ('Booking ID', 'string'), ('Booking Status', 'string'), ('Customer ID', 'string'), ('Vehicle Type', 'string'), ('Pickup Location', 'string'), ('Drop Location', 'string'), ('Cancelled Rides by Customer', 'int'), ('Reason for cancelling by Customer', 'string'), ('Cancelled Rides by Driver', 'int'), ('Driver Cancellation Reason', 'string'), ('Incomplete Rides', 'int'), ('Incomplete Rides Reason', 'string'), ('Booking Value', 'int'), ('Ride Distance', 'double'), ('Driver Ratings', 'double'), ('Customer Rating', 'double'), ('Payment Method', 'string')]
2026-05-08 17:06:26,235 - transform - INFO - remove duplicate rows...
2026-05-08 17:06:27,137 - transform - INFO - 1224 row was removed because is duplicated
2026-05-08 17:06:27,539 - transform - INFO - 148767 unique rows
2026-05-08 17:06:27,539 - transform - INFO - updating Cancelled Rides by Customer row...
2026-05-08 17:06:28,280 - transform - INFO - 138271 row have null in Cancelled Rides by Customer before cleaning
2026-05-08 17:06:28,280 - transform - INFO - 0 row have null in Cancelled Rides by Customer after cleaning
2026-05-08 17:06:28,280 - transform - INFO - terminate updating Cancelled Rides by Customer row
2026-05-08 17:06:28,280 - transform - INFO - updating Reason for cancelling by Customer...
2026-05-08 17:06:29,155 - transform - INFO - 138271 row have null value in Reason for cancelling by Customer before cleaning
2026-05-08 17:06:29,155 - transform - INFO - 0 row have null value in Reason for cancelling by Customer have updated to other
2026-05-08 17:06:29,155 - transform - INFO - terminate updating Reason for cancelling by Customer row
2026-05-08 17:06:29,155 - transform - INFO - updating Cancelled Rides by Driver row...
2026-05-08 17:06:29,655 - transform - INFO - 121836 row have null in Cancelled Rides by Driver before cleaning
2026-05-08 17:06:29,655 - transform - INFO - 0 row have null in Cancelled Rides by Driver after cleaning
2026-05-08 17:06:29,655 - transform - INFO - terminate updating Cancelled Rides by Driver row
2026-05-08 17:06:29,655 - transform - INFO - updating Driver Cancellation Reason...
2026-05-08 17:06:30,201 - transform - INFO - 121836 row have null value in Driver Cancellation Reason before cleaning
2026-05-08 17:06:30,201 - transform - INFO - 0 row have null value in Driver Cancellation Reason have updated to other
2026-05-08 17:06:30,201 - transform - INFO - terminate updating Driver Cancellation Reason row
2026-05-08 17:06:30,201 - transform - INFO - updating Incomplete Rides Reason row...
2026-05-08 17:06:30,726 - transform - INFO - 139819 row have null in Incomplete Rides Reason before cleaning
2026-05-08 17:06:30,727 - transform - INFO - 0 row have null in Incomplete Rides Reason after cleaning
2026-05-08 17:06:30,727 - transform - INFO - terminate updating Incomplete Rides Reason row
2026-05-08 17:06:30,727 - transform - INFO - updating Driver Ratings row...
2026-05-08 17:06:48,474 - spark session - INFO - Start to connecting to Spark...
2026-05-08 17:06:53,453 - spark session - INFO - Connected To Spark
2026-05-08 17:06:53,454 - transform - INFO - get information about dataset...
2026-05-08 17:06:53,788 - transform - INFO - count of rows before cleaning and duplicating : 150000
2026-05-08 17:06:53,788 - transform - INFO - type of columns [('Date', 'string'), ('Time', 'timestamp'), ('Booking ID', 'string'), ('Booking Status', 'string'), ('Customer ID', 'string'), ('Vehicle Type', 'string'), ('Pickup Location', 'string'), ('Drop Location', 'string'), ('Cancelled Rides by Customer', 'int'), ('Reason for cancelling by Customer', 'string'), ('Cancelled Rides by Driver', 'int'), ('Driver Cancellation Reason', 'string'), ('Incomplete Rides', 'int'), ('Incomplete Rides Reason', 'string'), ('Booking Value', 'int'), ('Ride Distance', 'double'), ('Driver Ratings', 'double'), ('Customer Rating', 'double'), ('Payment Method', 'string')]
2026-05-08 17:06:53,788 - transform - INFO - remove duplicate rows...
2026-05-08 17:06:54,753 - transform - INFO - 1224 row was removed because is duplicated
2026-05-08 17:06:55,112 - transform - INFO - 148767 unique rows
2026-05-08 17:06:55,113 - transform - INFO - updating Cancelled Rides by Customer row...
2026-05-08 17:06:55,909 - transform - INFO - 138271 row have null in Cancelled Rides by Customer before cleaning
2026-05-08 17:06:55,909 - transform - INFO - 0 row have null in Cancelled Rides by Customer after cleaning
2026-05-08 17:06:55,910 - transform - INFO - terminate updating Cancelled Rides by Customer row
2026-05-08 17:06:55,910 - transform - INFO - updating Reason for cancelling by Customer...
2026-05-08 17:06:56,887 - transform - INFO - 138271 row have null value in Reason for cancelling by Customer before cleaning
2026-05-08 17:06:56,887 - transform - INFO - 0 row have null value in Reason for cancelling by Customer have updated to other
2026-05-08 17:06:56,887 - transform - INFO - terminate updating Reason for cancelling by Customer row
2026-05-08 17:06:56,887 - transform - INFO - updating Cancelled Rides by Driver row...
2026-05-08 17:06:57,423 - transform - INFO - 121836 row have null in Cancelled Rides by Driver before cleaning
2026-05-08 17:06:57,423 - transform - INFO - 0 row have null in Cancelled Rides by Driver after cleaning
2026-05-08 17:06:57,423 - transform - INFO - terminate updating Cancelled Rides by Driver row
2026-05-08 17:06:57,423 - transform - INFO - updating Driver Cancellation Reason...
2026-05-08 17:06:58,008 - transform - INFO - 121836 row have null value in Driver Cancellation Reason before cleaning
2026-05-08 17:06:58,008 - transform - INFO - 0 row have null value in Driver Cancellation Reason have updated to other
2026-05-08 17:06:58,008 - transform - INFO - terminate updating Driver Cancellation Reason row
2026-05-08 17:06:58,009 - transform - INFO - updating Incomplete Rides Reason row...
2026-05-08 17:06:58,574 - transform - INFO - 139819 row have null in Incomplete Rides Reason before cleaning
2026-05-08 17:06:58,574 - transform - INFO - 0 row have null in Incomplete Rides Reason after cleaning
2026-05-08 17:06:58,574 - transform - INFO - terminate updating Incomplete Rides Reason row
2026-05-08 17:06:58,574 - transform - INFO - updating Driver Ratings row...
2026-05-08 17:07:58,210 - spark session - INFO - Start to connecting to Spark...
2026-05-08 17:08:04,006 - spark session - INFO - Connected To Spark
2026-05-08 17:08:04,007 - transform - INFO - get information about dataset...
2026-05-08 17:08:04,440 - transform - INFO - count of rows before cleaning and duplicating : 150000
2026-05-08 17:08:04,441 - transform - INFO - type of columns [('Date', 'string'), ('Time', 'timestamp'), ('Booking ID', 'string'), ('Booking Status', 'string'), ('Customer ID', 'string'), ('Vehicle Type', 'string'), ('Pickup Location', 'string'), ('Drop Location', 'string'), ('Cancelled Rides by Customer', 'int'), ('Reason for cancelling by Customer', 'string'), ('Cancelled Rides by Driver', 'int'), ('Driver Cancellation Reason', 'string'), ('Incomplete Rides', 'int'), ('Incomplete Rides Reason', 'string'), ('Booking Value', 'int'), ('Ride Distance', 'double'), ('Driver Ratings', 'double'), ('Customer Rating', 'double'), ('Payment Method', 'string')]
2026-05-08 17:08:04,441 - transform - INFO - remove duplicate rows...
2026-05-08 17:08:05,429 - transform - INFO - 1224 row was removed because is duplicated
2026-05-08 17:08:05,809 - transform - INFO - 148767 unique rows
2026-05-08 17:08:05,809 - transform - INFO - updating Cancelled Rides by Customer row...
2026-05-08 17:08:06,619 - transform - INFO - 138271 row have null in Cancelled Rides by Customer before cleaning
2026-05-08 17:08:06,619 - transform - INFO - 0 row have null in Cancelled Rides by Customer after cleaning
2026-05-08 17:08:06,619 - transform - INFO - terminate updating Cancelled Rides by Customer row
2026-05-08 17:08:06,619 - transform - INFO - updating Reason for cancelling by Customer...
2026-05-08 17:08:07,751 - transform - INFO - 138271 row have null value in Reason for cancelling by Customer before cleaning
2026-05-08 17:08:07,752 - transform - INFO - 0 row have null value in Reason for cancelling by Customer have updated to other
2026-05-08 17:08:07,752 - transform - INFO - terminate updating Reason for cancelling by Customer row
2026-05-08 17:08:07,752 - transform - INFO - updating Cancelled Rides by Driver row...
2026-05-08 17:08:08,283 - transform - INFO - 121836 row have null in Cancelled Rides by Driver before cleaning
2026-05-08 17:08:08,283 - transform - INFO - 0 row have null in Cancelled Rides by Driver after cleaning
2026-05-08 17:08:08,283 - transform - INFO - terminate updating Cancelled Rides by Driver row
2026-05-08 17:08:08,283 - transform - INFO - updating Driver Cancellation Reason...
2026-05-08 17:08:09,081 - transform - INFO - 121836 row have null value in Driver Cancellation Reason before cleaning
2026-05-08 17:08:09,081 - transform - INFO - 0 row have null value in Driver Cancellation Reason have updated to other
2026-05-08 17:08:09,081 - transform - INFO - terminate updating Driver Cancellation Reason row
2026-05-08 17:08:09,081 - transform - INFO - updating Incomplete Rides Reason row...
2026-05-08 17:08:09,714 - transform - INFO - 139819 row have null in Incomplete Rides Reason before cleaning
2026-05-08 17:08:09,714 - transform - INFO - 0 row have null in Incomplete Rides Reason after cleaning
2026-05-08 17:08:09,714 - transform - INFO - terminate updating Incomplete Rides Reason row
2026-05-08 17:08:09,714 - transform - INFO - updating Driver Ratings row...
2026-05-08 17:08:52,940 - spark session - INFO - Start to connecting to Spark...
2026-05-08 17:08:59,180 - spark session - INFO - Connected To Spark
2026-05-08 17:08:59,180 - transform - INFO - get information about dataset...
2026-05-08 17:08:59,513 - transform - INFO - count of rows before cleaning and duplicating : 150000
2026-05-08 17:08:59,513 - transform - INFO - type of columns [('Date', 'string'), ('Time', 'timestamp'), ('Booking ID', 'string'), ('Booking Status', 'string'), ('Customer ID', 'string'), ('Vehicle Type', 'string'), ('Pickup Location', 'string'), ('Drop Location', 'string'), ('Cancelled Rides by Customer', 'int'), ('Reason for cancelling by Customer', 'string'), ('Cancelled Rides by Driver', 'int'), ('Driver Cancellation Reason', 'string'), ('Incomplete Rides', 'int'), ('Incomplete Rides Reason', 'string'), ('Booking Value', 'int'), ('Ride Distance', 'double'), ('Driver Ratings', 'double'), ('Customer Rating', 'double'), ('Payment Method', 'string')]
2026-05-08 17:08:59,513 - transform - INFO - remove duplicate rows...
2026-05-08 17:09:00,358 - transform - INFO - 1224 row was removed because is duplicated
2026-05-08 17:09:00,720 - transform - INFO - 148767 unique rows
2026-05-08 17:09:00,720 - transform - INFO - updating Cancelled Rides by Customer row...
2026-05-08 17:09:01,503 - transform - INFO - 138271 row have null in Cancelled Rides by Customer before cleaning
2026-05-08 17:09:01,503 - transform - INFO - 0 row have null in Cancelled Rides by Customer after cleaning
2026-05-08 17:09:01,503 - transform - INFO - terminate updating Cancelled Rides by Customer row
2026-05-08 17:09:01,503 - transform - INFO - updating Reason for cancelling by Customer...
2026-05-08 17:09:02,473 - transform - INFO - 138271 row have null value in Reason for cancelling by Customer before cleaning
2026-05-08 17:09:02,473 - transform - INFO - 0 row have null value in Reason for cancelling by Customer have updated to other
2026-05-08 17:09:02,474 - transform - INFO - terminate updating Reason for cancelling by Customer row
2026-05-08 17:09:02,474 - transform - INFO - updating Cancelled Rides by Driver row...
2026-05-08 17:09:02,984 - transform - INFO - 121836 row have null in Cancelled Rides by Driver before cleaning
2026-05-08 17:09:02,984 - transform - INFO - 0 row have null in Cancelled Rides by Driver after cleaning
2026-05-08 17:09:02,984 - transform - INFO - terminate updating Cancelled Rides by Driver row
2026-05-08 17:09:02,984 - transform - INFO - updating Driver Cancellation Reason...
2026-05-08 17:09:03,557 - transform - INFO - 121836 row have null value in Driver Cancellation Reason before cleaning
2026-05-08 17:09:03,558 - transform - INFO - 0 row have null value in Driver Cancellation Reason have updated to other
2026-05-08 17:09:03,558 - transform - INFO - terminate updating Driver Cancellation Reason row
2026-05-08 17:09:03,558 - transform - INFO - updating Incomplete Rides Reason row...
2026-05-08 17:09:04,102 - transform - INFO - 139819 row have null in Incomplete Rides Reason before cleaning
2026-05-08 17:09:04,102 - transform - INFO - 0 row have null in Incomplete Rides Reason after cleaning
2026-05-08 17:09:04,102 - transform - INFO - terminate updating Incomplete Rides Reason row
2026-05-08 17:09:04,102 - transform - INFO - updating Driver Ratings row...
2026-05-08 17:09:04,102 - transform - INFO - terminate updating Driver Ratings row
2026-05-08 17:09:33,185 - spark session - INFO - Start to connecting to Spark...
2026-05-08 17:09:38,677 - spark session - INFO - Connected To Spark
2026-05-08 17:09:38,677 - transform - INFO - get information about dataset...
2026-05-08 17:09:39,074 - transform - INFO - count of rows before cleaning and duplicating : 150000
2026-05-08 17:09:39,074 - transform - INFO - type of columns [('Date', 'string'), ('Time', 'timestamp'), ('Booking ID', 'string'), ('Booking Status', 'string'), ('Customer ID', 'string'), ('Vehicle Type', 'string'), ('Pickup Location', 'string'), ('Drop Location', 'string'), ('Cancelled Rides by Customer', 'int'), ('Reason for cancelling by Customer', 'string'), ('Cancelled Rides by Driver', 'int'), ('Driver Cancellation Reason', 'string'), ('Incomplete Rides', 'int'), ('Incomplete Rides Reason', 'string'), ('Booking Value', 'int'), ('Ride Distance', 'double'), ('Driver Ratings', 'double'), ('Customer Rating', 'double'), ('Payment Method', 'string')]
2026-05-08 17:09:39,074 - transform - INFO - remove duplicate rows...
2026-05-08 17:09:39,938 - transform - INFO - 1224 row was removed because is duplicated
2026-05-08 17:09:40,281 - transform - INFO - 148767 unique rows
2026-05-08 17:09:40,281 - transform - INFO - updating Cancelled Rides by Customer row...
2026-05-08 17:09:40,975 - transform - INFO - 138271 row have null in Cancelled Rides by Customer before cleaning
2026-05-08 17:09:40,975 - transform - INFO - 0 row have null in Cancelled Rides by Customer after cleaning
2026-05-08 17:09:40,975 - transform - INFO - terminate updating Cancelled Rides by Customer row
2026-05-08 17:09:40,975 - transform - INFO - updating Reason for cancelling by Customer...
2026-05-08 17:09:41,892 - transform - INFO - 138271 row have null value in Reason for cancelling by Customer before cleaning
2026-05-08 17:09:41,892 - transform - INFO - 0 row have null value in Reason for cancelling by Customer have updated to other
2026-05-08 17:09:41,892 - transform - INFO - terminate updating Reason for cancelling by Customer row
2026-05-08 17:09:41,892 - transform - INFO - updating Cancelled Rides by Driver row...
2026-05-08 17:09:42,412 - transform - INFO - 121836 row have null in Cancelled Rides by Driver before cleaning
2026-05-08 17:09:42,412 - transform - INFO - 0 row have null in Cancelled Rides by Driver after cleaning
2026-05-08 17:09:42,412 - transform - INFO - terminate updating Cancelled Rides by Driver row
2026-05-08 17:09:42,412 - transform - INFO - updating Driver Cancellation Reason...
2026-05-08 17:09:43,016 - transform - INFO - 121836 row have null value in Driver Cancellation Reason before cleaning
2026-05-08 17:09:43,016 - transform - INFO - 0 row have null value in Driver Cancellation Reason have updated to other
2026-05-08 17:09:43,016 - transform - INFO - terminate updating Driver Cancellation Reason row
2026-05-08 17:09:43,016 - transform - INFO - updating Incomplete Rides Reason row...
2026-05-08 17:09:43,545 - transform - INFO - 139819 row have null in Incomplete Rides Reason before cleaning
2026-05-08 17:09:43,545 - transform - INFO - 0 row have null in Incomplete Rides Reason after cleaning
2026-05-08 17:09:43,545 - transform - INFO - terminate updating Incomplete Rides Reason row
2026-05-08 17:09:43,545 - transform - INFO - updating Driver Ratings row...
2026-05-08 17:10:05,241 - spark session - INFO - Start to connecting to Spark...
2026-05-08 17:10:10,032 - spark session - INFO - Connected To Spark
2026-05-08 17:10:10,033 - transform - INFO - get information about dataset...
2026-05-08 17:10:10,350 - transform - INFO - count of rows before cleaning and duplicating : 150000
2026-05-08 17:10:10,351 - transform - INFO - type of columns [('Date', 'string'), ('Time', 'timestamp'), ('Booking ID', 'string'), ('Booking Status', 'string'), ('Customer ID', 'string'), ('Vehicle Type', 'string'), ('Pickup Location', 'string'), ('Drop Location', 'string'), ('Cancelled Rides by Customer', 'int'), ('Reason for cancelling by Customer', 'string'), ('Cancelled Rides by Driver', 'int'), ('Driver Cancellation Reason', 'string'), ('Incomplete Rides', 'int'), ('Incomplete Rides Reason', 'string'), ('Booking Value', 'int'), ('Ride Distance', 'double'), ('Driver Ratings', 'double'), ('Customer Rating', 'double'), ('Payment Method', 'string')]
2026-05-08 17:10:10,351 - transform - INFO - remove duplicate rows...
2026-05-08 17:10:11,202 - transform - INFO - 1224 row was removed because is duplicated
2026-05-08 17:10:11,572 - transform - INFO - 148767 unique rows
2026-05-08 17:10:11,572 - transform - INFO - updating Cancelled Rides by Customer row...
2026-05-08 17:10:12,371 - transform - INFO - 138271 row have null in Cancelled Rides by Customer before cleaning
2026-05-08 17:10:12,371 - transform - INFO - 0 row have null in Cancelled Rides by Customer after cleaning
2026-05-08 17:10:12,371 - transform - INFO - terminate updating Cancelled Rides by Customer row
2026-05-08 17:10:12,371 - transform - INFO - updating Reason for cancelling by Customer...
2026-05-08 17:10:13,243 - transform - INFO - 138271 row have null value in Reason for cancelling by Customer before cleaning
2026-05-08 17:10:13,243 - transform - INFO - 0 row have null value in Reason for cancelling by Customer have updated to other
2026-05-08 17:10:13,244 - transform - INFO - terminate updating Reason for cancelling by Customer row
2026-05-08 17:10:13,244 - transform - INFO - updating Cancelled Rides by Driver row...
2026-05-08 17:10:13,766 - transform - INFO - 121836 row have null in Cancelled Rides by Driver before cleaning
2026-05-08 17:10:13,766 - transform - INFO - 0 row have null in Cancelled Rides by Driver after cleaning
2026-05-08 17:10:13,766 - transform - INFO - terminate updating Cancelled Rides by Driver row
2026-05-08 17:10:13,766 - transform - INFO - updating Driver Cancellation Reason...
2026-05-08 17:10:14,326 - transform - INFO - 121836 row have null value in Driver Cancellation Reason before cleaning
2026-05-08 17:10:14,327 - transform - INFO - 0 row have null value in Driver Cancellation Reason have updated to other
2026-05-08 17:10:14,327 - transform - INFO - terminate updating Driver Cancellation Reason row
2026-05-08 17:10:14,327 - transform - INFO - updating Incomplete Rides Reason row...
2026-05-08 17:10:14,846 - transform - INFO - 139819 row have null in Incomplete Rides Reason before cleaning
2026-05-08 17:10:14,846 - transform - INFO - 0 row have null in Incomplete Rides Reason after cleaning
2026-05-08 17:10:14,846 - transform - INFO - terminate updating Incomplete Rides Reason row
2026-05-08 17:10:14,846 - transform - INFO - updating Driver Ratings row...
2026-05-08 17:10:14,852 - transform - INFO - terminate updating Driver Ratings row
2026-05-08 17:10:24,559 - spark session - INFO - Start to connecting to Spark...
2026-05-08 17:10:29,797 - spark session - INFO - Connected To Spark
2026-05-08 17:10:29,797 - transform - INFO - get information about dataset...
2026-05-08 17:10:30,134 - transform - INFO - count of rows before cleaning and duplicating : 150000
2026-05-08 17:10:30,135 - transform - INFO - type of columns [('Date', 'string'), ('Time', 'timestamp'), ('Booking ID', 'string'), ('Booking Status', 'string'), ('Customer ID', 'string'), ('Vehicle Type', 'string'), ('Pickup Location', 'string'), ('Drop Location', 'string'), ('Cancelled Rides by Customer', 'int'), ('Reason for cancelling by Customer', 'string'), ('Cancelled Rides by Driver', 'int'), ('Driver Cancellation Reason', 'string'), ('Incomplete Rides', 'int'), ('Incomplete Rides Reason', 'string'), ('Booking Value', 'int'), ('Ride Distance', 'double'), ('Driver Ratings', 'double'), ('Customer Rating', 'double'), ('Payment Method', 'string')]
2026-05-08 17:10:30,135 - transform - INFO - remove duplicate rows...
2026-05-08 17:10:31,004 - transform - INFO - 1224 row was removed because is duplicated
2026-05-08 17:10:31,355 - transform - INFO - 148767 unique rows
2026-05-08 17:10:31,355 - transform - INFO - updating Cancelled Rides by Customer row...
2026-05-08 17:10:32,106 - transform - INFO - 138271 row have null in Cancelled Rides by Customer before cleaning
2026-05-08 17:10:32,106 - transform - INFO - 0 row have null in Cancelled Rides by Customer after cleaning
2026-05-08 17:10:32,106 - transform - INFO - terminate updating Cancelled Rides by Customer row
2026-05-08 17:10:32,106 - transform - INFO - updating Reason for cancelling by Customer...
2026-05-08 17:10:33,124 - transform - INFO - 138271 row have null value in Reason for cancelling by Customer before cleaning
2026-05-08 17:10:33,124 - transform - INFO - 0 row have null value in Reason for cancelling by Customer have updated to other
2026-05-08 17:10:33,124 - transform - INFO - terminate updating Reason for cancelling by Customer row
2026-05-08 17:10:33,124 - transform - INFO - updating Cancelled Rides by Driver row...
2026-05-08 17:10:33,656 - transform - INFO - 121836 row have null in Cancelled Rides by Driver before cleaning
2026-05-08 17:10:33,656 - transform - INFO - 0 row have null in Cancelled Rides by Driver after cleaning
2026-05-08 17:10:33,656 - transform - INFO - terminate updating Cancelled Rides by Driver row
2026-05-08 17:10:33,656 - transform - INFO - updating Driver Cancellation Reason...
2026-05-08 17:10:34,214 - transform - INFO - 121836 row have null value in Driver Cancellation Reason before cleaning
2026-05-08 17:10:34,215 - transform - INFO - 0 row have null value in Driver Cancellation Reason have updated to other
2026-05-08 17:10:34,215 - transform - INFO - terminate updating Driver Cancellation Reason row
2026-05-08 17:10:34,215 - transform - INFO - updating Incomplete Rides Reason row...
2026-05-08 17:10:34,741 - transform - INFO - 139819 row have null in Incomplete Rides Reason before cleaning
2026-05-08 17:10:34,741 - transform - INFO - 0 row have null in Incomplete Rides Reason after cleaning
2026-05-08 17:10:34,741 - transform - INFO - terminate updating Incomplete Rides Reason row
2026-05-08 17:10:34,741 - transform - INFO - updating Driver Ratings row...
2026-05-08 17:10:47,790 - spark session - INFO - Start to connecting to Spark...
2026-05-08 17:10:53,216 - spark session - INFO - Connected To Spark
2026-05-08 17:10:53,216 - transform - INFO - get information about dataset...
2026-05-08 17:10:53,573 - transform - INFO - count of rows before cleaning and duplicating : 150000
2026-05-08 17:10:53,573 - transform - INFO - type of columns [('Date', 'string'), ('Time', 'timestamp'), ('Booking ID', 'string'), ('Booking Status', 'string'), ('Customer ID', 'string'), ('Vehicle Type', 'string'), ('Pickup Location', 'string'), ('Drop Location', 'string'), ('Cancelled Rides by Customer', 'int'), ('Reason for cancelling by Customer', 'string'), ('Cancelled Rides by Driver', 'int'), ('Driver Cancellation Reason', 'string'), ('Incomplete Rides', 'int'), ('Incomplete Rides Reason', 'string'), ('Booking Value', 'int'), ('Ride Distance', 'double'), ('Driver Ratings', 'double'), ('Customer Rating', 'double'), ('Payment Method', 'string')]
2026-05-08 17:10:53,573 - transform - INFO - remove duplicate rows...
2026-05-08 17:10:54,467 - transform - INFO - 1224 row was removed because is duplicated
2026-05-08 17:10:54,859 - transform - INFO - 148767 unique rows
2026-05-08 17:10:54,859 - transform - INFO - updating Cancelled Rides by Customer row...
2026-05-08 17:10:55,620 - transform - INFO - 138271 row have null in Cancelled Rides by Customer before cleaning
2026-05-08 17:10:55,620 - transform - INFO - 0 row have null in Cancelled Rides by Customer after cleaning
2026-05-08 17:10:55,620 - transform - INFO - terminate updating Cancelled Rides by Customer row
2026-05-08 17:10:55,620 - transform - INFO - updating Reason for cancelling by Customer...
2026-05-08 17:10:56,537 - transform - INFO - 138271 row have null value in Reason for cancelling by Customer before cleaning
2026-05-08 17:10:56,537 - transform - INFO - 0 row have null value in Reason for cancelling by Customer have updated to other
2026-05-08 17:10:56,537 - transform - INFO - terminate updating Reason for cancelling by Customer row
2026-05-08 17:10:56,537 - transform - INFO - updating Cancelled Rides by Driver row...
2026-05-08 17:10:57,028 - transform - INFO - 121836 row have null in Cancelled Rides by Driver before cleaning
2026-05-08 17:10:57,039 - transform - INFO - 0 row have null in Cancelled Rides by Driver after cleaning
2026-05-08 17:10:57,046 - transform - INFO - terminate updating Cancelled Rides by Driver row
2026-05-08 17:10:57,046 - transform - INFO - updating Driver Cancellation Reason...
2026-05-08 17:10:57,667 - transform - INFO - 121836 row have null value in Driver Cancellation Reason before cleaning
2026-05-08 17:10:57,667 - transform - INFO - 0 row have null value in Driver Cancellation Reason have updated to other
2026-05-08 17:10:57,667 - transform - INFO - terminate updating Driver Cancellation Reason row
2026-05-08 17:10:57,667 - transform - INFO - updating Incomplete Rides Reason row...
2026-05-08 17:10:58,309 - transform - INFO - 139819 row have null in Incomplete Rides Reason before cleaning
2026-05-08 17:10:58,309 - transform - INFO - 0 row have null in Incomplete Rides Reason after cleaning
2026-05-08 17:10:58,309 - transform - INFO - terminate updating Incomplete Rides Reason row
2026-05-08 17:10:58,309 - transform - INFO - updating Driver Ratings row...
2026-05-08 17:10:58,318 - transform - INFO - terminate updating Driver Ratings row
2026-05-08 17:11:04,070 - spark session - INFO - Start to connecting to Spark...
2026-05-08 17:11:09,118 - spark session - INFO - Connected To Spark
2026-05-08 17:11:09,118 - transform - INFO - get information about dataset...
2026-05-08 17:11:09,484 - transform - INFO - count of rows before cleaning and duplicating : 150000
2026-05-08 17:11:09,484 - transform - INFO - type of columns [('Date', 'string'), ('Time', 'timestamp'), ('Booking ID', 'string'), ('Booking Status', 'string'), ('Customer ID', 'string'), ('Vehicle Type', 'string'), ('Pickup Location', 'string'), ('Drop Location', 'string'), ('Cancelled Rides by Customer', 'int'), ('Reason for cancelling by Customer', 'string'), ('Cancelled Rides by Driver', 'int'), ('Driver Cancellation Reason', 'string'), ('Incomplete Rides', 'int'), ('Incomplete Rides Reason', 'string'), ('Booking Value', 'int'), ('Ride Distance', 'double'), ('Driver Ratings', 'double'), ('Customer Rating', 'double'), ('Payment Method', 'string')]
2026-05-08 17:11:09,484 - transform - INFO - remove duplicate rows...
2026-05-08 17:11:10,357 - transform - INFO - 1224 row was removed because is duplicated
2026-05-08 17:11:10,710 - transform - INFO - 148767 unique rows
2026-05-08 17:11:10,710 - transform - INFO - updating Cancelled Rides by Customer row...
2026-05-08 17:11:11,429 - transform - INFO - 138271 row have null in Cancelled Rides by Customer before cleaning
2026-05-08 17:11:11,430 - transform - INFO - 0 row have null in Cancelled Rides by Customer after cleaning
2026-05-08 17:11:11,430 - transform - INFO - terminate updating Cancelled Rides by Customer row
2026-05-08 17:11:11,430 - transform - INFO - updating Reason for cancelling by Customer...
2026-05-08 17:11:12,320 - transform - INFO - 138271 row have null value in Reason for cancelling by Customer before cleaning
2026-05-08 17:11:12,320 - transform - INFO - 0 row have null value in Reason for cancelling by Customer have updated to other
2026-05-08 17:11:12,320 - transform - INFO - terminate updating Reason for cancelling by Customer row
2026-05-08 17:11:12,320 - transform - INFO - updating Cancelled Rides by Driver row...
2026-05-08 17:11:12,834 - transform - INFO - 121836 row have null in Cancelled Rides by Driver before cleaning
2026-05-08 17:11:12,835 - transform - INFO - 0 row have null in Cancelled Rides by Driver after cleaning
2026-05-08 17:11:12,835 - transform - INFO - terminate updating Cancelled Rides by Driver row
2026-05-08 17:11:12,835 - transform - INFO - updating Driver Cancellation Reason...
2026-05-08 17:11:13,390 - transform - INFO - 121836 row have null value in Driver Cancellation Reason before cleaning
2026-05-08 17:11:13,390 - transform - INFO - 0 row have null value in Driver Cancellation Reason have updated to other
2026-05-08 17:11:13,390 - transform - INFO - terminate updating Driver Cancellation Reason row
2026-05-08 17:11:13,390 - transform - INFO - updating Incomplete Rides Reason row...
2026-05-08 17:11:13,900 - transform - INFO - 139819 row have null in Incomplete Rides Reason before cleaning
2026-05-08 17:11:13,900 - transform - INFO - 0 row have null in Incomplete Rides Reason after cleaning
2026-05-08 17:11:13,900 - transform - INFO - terminate updating Incomplete Rides Reason row
2026-05-08 17:11:13,900 - transform - INFO - updating Driver Ratings row...
2026-05-08 17:11:13,919 - transform - INFO - terminate updating Driver Ratings row
2026-05-08 17:11:27,667 - spark session - INFO - Start to connecting to Spark...
2026-05-08 17:11:32,916 - spark session - INFO - Connected To Spark
2026-05-08 17:11:32,916 - transform - INFO - get information about dataset...
2026-05-08 17:11:33,243 - transform - INFO - count of rows before cleaning and duplicating : 150000
2026-05-08 17:11:33,243 - transform - INFO - type of columns [('Date', 'string'), ('Time', 'timestamp'), ('Booking ID', 'string'), ('Booking Status', 'string'), ('Customer ID', 'string'), ('Vehicle Type', 'string'), ('Pickup Location', 'string'), ('Drop Location', 'string'), ('Cancelled Rides by Customer', 'int'), ('Reason for cancelling by Customer', 'string'), ('Cancelled Rides by Driver', 'int'), ('Driver Cancellation Reason', 'string'), ('Incomplete Rides', 'int'), ('Incomplete Rides Reason', 'string'), ('Booking Value', 'int'), ('Ride Distance', 'double'), ('Driver Ratings', 'double'), ('Customer Rating', 'double'), ('Payment Method', 'string')]
2026-05-08 17:11:33,243 - transform - INFO - remove duplicate rows...
2026-05-08 17:11:34,116 - transform - INFO - 1224 row was removed because is duplicated
2026-05-08 17:11:34,524 - transform - INFO - 148767 unique rows
2026-05-08 17:11:34,524 - transform - INFO - updating Cancelled Rides by Customer row...
2026-05-08 17:11:35,324 - transform - INFO - 138271 row have null in Cancelled Rides by Customer before cleaning
2026-05-08 17:11:35,324 - transform - INFO - 0 row have null in Cancelled Rides by Customer after cleaning
2026-05-08 17:11:35,324 - transform - INFO - terminate updating Cancelled Rides by Customer row
2026-05-08 17:11:35,324 - transform - INFO - updating Reason for cancelling by Customer...
2026-05-08 17:11:36,483 - transform - INFO - 138271 row have null value in Reason for cancelling by Customer before cleaning
2026-05-08 17:11:36,483 - transform - INFO - 0 row have null value in Reason for cancelling by Customer have updated to other
2026-05-08 17:11:36,483 - transform - INFO - terminate updating Reason for cancelling by Customer row
2026-05-08 17:11:36,483 - transform - INFO - updating Cancelled Rides by Driver row...
2026-05-08 17:11:37,018 - transform - INFO - 121836 row have null in Cancelled Rides by Driver before cleaning
2026-05-08 17:11:37,018 - transform - INFO - 0 row have null in Cancelled Rides by Driver after cleaning
2026-05-08 17:11:37,018 - transform - INFO - terminate updating Cancelled Rides by Driver row
2026-05-08 17:11:37,018 - transform - INFO - updating Driver Cancellation Reason...
2026-05-08 17:11:37,622 - transform - INFO - 121836 row have null value in Driver Cancellation Reason before cleaning
2026-05-08 17:11:37,622 - transform - INFO - 0 row have null value in Driver Cancellation Reason have updated to other
2026-05-08 17:11:37,622 - transform - INFO - terminate updating Driver Cancellation Reason row
2026-05-08 17:11:37,622 - transform - INFO - updating Incomplete Rides Reason row...
2026-05-08 17:11:38,361 - transform - INFO - 139819 row have null in Incomplete Rides Reason before cleaning
2026-05-08 17:11:38,361 - transform - INFO - 0 row have null in Incomplete Rides Reason after cleaning
2026-05-08 17:11:38,361 - transform - INFO - terminate updating Incomplete Rides Reason row
2026-05-08 17:11:38,361 - transform - INFO - updating Driver Ratings row...
2026-05-08 17:11:38,382 - transform - INFO - terminate updating Driver Ratings row
2026-05-08 17:11:50,942 - spark session - INFO - Start to connecting to Spark...
2026-05-08 17:11:55,988 - spark session - INFO - Connected To Spark
2026-05-08 17:11:55,988 - transform - INFO - get information about dataset...
2026-05-08 17:11:56,317 - transform - INFO - count of rows before cleaning and duplicating : 150000
2026-05-08 17:11:56,317 - transform - INFO - type of columns [('Date', 'string'), ('Time', 'timestamp'), ('Booking ID', 'string'), ('Booking Status', 'string'), ('Customer ID', 'string'), ('Vehicle Type', 'string'), ('Pickup Location', 'string'), ('Drop Location', 'string'), ('Cancelled Rides by Customer', 'int'), ('Reason for cancelling by Customer', 'string'), ('Cancelled Rides by Driver', 'int'), ('Driver Cancellation Reason', 'string'), ('Incomplete Rides', 'int'), ('Incomplete Rides Reason', 'string'), ('Booking Value', 'int'), ('Ride Distance', 'double'), ('Driver Ratings', 'double'), ('Customer Rating', 'double'), ('Payment Method', 'string')]
2026-05-08 17:11:56,317 - transform - INFO - remove duplicate rows...
2026-05-08 17:11:57,228 - transform - INFO - 1224 row was removed because is duplicated
2026-05-08 17:11:57,598 - transform - INFO - 148767 unique rows
2026-05-08 17:11:57,598 - transform - INFO - updating Cancelled Rides by Customer row...
2026-05-08 17:11:58,302 - transform - INFO - 138271 row have null in Cancelled Rides by Customer before cleaning
2026-05-08 17:11:58,302 - transform - INFO - 0 row have null in Cancelled Rides by Customer after cleaning
2026-05-08 17:11:58,302 - transform - INFO - terminate updating Cancelled Rides by Customer row
2026-05-08 17:11:58,302 - transform - INFO - updating Reason for cancelling by Customer...
2026-05-08 17:11:59,163 - transform - INFO - 138271 row have null value in Reason for cancelling by Customer before cleaning
2026-05-08 17:11:59,163 - transform - INFO - 0 row have null value in Reason for cancelling by Customer have updated to other
2026-05-08 17:11:59,163 - transform - INFO - terminate updating Reason for cancelling by Customer row
2026-05-08 17:11:59,163 - transform - INFO - updating Cancelled Rides by Driver row...
2026-05-08 17:11:59,704 - transform - INFO - 121836 row have null in Cancelled Rides by Driver before cleaning
2026-05-08 17:11:59,704 - transform - INFO - 0 row have null in Cancelled Rides by Driver after cleaning
2026-05-08 17:11:59,704 - transform - INFO - terminate updating Cancelled Rides by Driver row
2026-05-08 17:11:59,704 - transform - INFO - updating Driver Cancellation Reason...
2026-05-08 17:12:00,274 - transform - INFO - 121836 row have null value in Driver Cancellation Reason before cleaning
2026-05-08 17:12:00,274 - transform - INFO - 0 row have null value in Driver Cancellation Reason have updated to other
2026-05-08 17:12:00,274 - transform - INFO - terminate updating Driver Cancellation Reason row
2026-05-08 17:12:00,274 - transform - INFO - updating Incomplete Rides Reason row...
2026-05-08 17:12:00,837 - transform - INFO - 139819 row have null in Incomplete Rides Reason before cleaning
2026-05-08 17:12:00,837 - transform - INFO - 0 row have null in Incomplete Rides Reason after cleaning
2026-05-08 17:12:00,837 - transform - INFO - terminate updating Incomplete Rides Reason row
2026-05-08 17:12:00,837 - transform - INFO - updating Driver Ratings row...
2026-05-08 17:12:01,304 - transform - INFO - terminate updating Driver Ratings row
2026-05-08 17:12:53,081 - spark session - INFO - Start to connecting to Spark...
2026-05-08 17:12:58,495 - spark session - INFO - Connected To Spark
2026-05-08 17:12:58,496 - transform - INFO - get information about dataset...
2026-05-08 17:12:58,868 - transform - INFO - count of rows before cleaning and duplicating : 150000
2026-05-08 17:12:58,868 - transform - INFO - type of columns [('Date', 'string'), ('Time', 'timestamp'), ('Booking ID', 'string'), ('Booking Status', 'string'), ('Customer ID', 'string'), ('Vehicle Type', 'string'), ('Pickup Location', 'string'), ('Drop Location', 'string'), ('Cancelled Rides by Customer', 'int'), ('Reason for cancelling by Customer', 'string'), ('Cancelled Rides by Driver', 'int'), ('Driver Cancellation Reason', 'string'), ('Incomplete Rides', 'int'), ('Incomplete Rides Reason', 'string'), ('Booking Value', 'int'), ('Ride Distance', 'double'), ('Driver Ratings', 'double'), ('Customer Rating', 'double'), ('Payment Method', 'string')]
2026-05-08 17:12:58,868 - transform - INFO - remove duplicate rows...
2026-05-08 17:12:59,679 - transform - INFO - 1224 row was removed because is duplicated
2026-05-08 17:13:00,042 - transform - INFO - 148767 unique rows
2026-05-08 17:13:00,042 - transform - INFO - updating Cancelled Rides by Customer row...
2026-05-08 17:13:00,773 - transform - INFO - 138271 row have null in Cancelled Rides by Customer before cleaning
2026-05-08 17:13:00,773 - transform - INFO - 0 row have null in Cancelled Rides by Customer after cleaning
2026-05-08 17:13:00,773 - transform - INFO - terminate updating Cancelled Rides by Customer row
2026-05-08 17:13:00,773 - transform - INFO - updating Reason for cancelling by Customer...
2026-05-08 17:13:01,675 - transform - INFO - 138271 row have null value in Reason for cancelling by Customer before cleaning
2026-05-08 17:13:01,675 - transform - INFO - 0 row have null value in Reason for cancelling by Customer have updated to other
2026-05-08 17:13:01,675 - transform - INFO - terminate updating Reason for cancelling by Customer row
2026-05-08 17:13:01,675 - transform - INFO - updating Cancelled Rides by Driver row...
2026-05-08 17:13:02,215 - transform - INFO - 121836 row have null in Cancelled Rides by Driver before cleaning
2026-05-08 17:13:02,215 - transform - INFO - 0 row have null in Cancelled Rides by Driver after cleaning
2026-05-08 17:13:02,215 - transform - INFO - terminate updating Cancelled Rides by Driver row
2026-05-08 17:13:02,215 - transform - INFO - updating Driver Cancellation Reason...
2026-05-08 17:13:02,781 - transform - INFO - 121836 row have null value in Driver Cancellation Reason before cleaning
2026-05-08 17:13:02,782 - transform - INFO - 0 row have null value in Driver Cancellation Reason have updated to other
2026-05-08 17:13:02,782 - transform - INFO - terminate updating Driver Cancellation Reason row
2026-05-08 17:13:02,782 - transform - INFO - updating Incomplete Rides Reason row...
2026-05-08 17:13:03,323 - transform - INFO - 139819 row have null in Incomplete Rides Reason before cleaning
2026-05-08 17:13:03,324 - transform - INFO - 0 row have null in Incomplete Rides Reason after cleaning
2026-05-08 17:13:03,324 - transform - INFO - terminate updating Incomplete Rides Reason row
2026-05-08 17:13:03,324 - transform - INFO - updating Driver Ratings row...
2026-05-08 17:13:34,392 - spark session - INFO - Start to connecting to Spark...
2026-05-08 17:13:39,813 - spark session - INFO - Connected To Spark
2026-05-08 17:13:39,813 - transform - INFO - get information about dataset...
2026-05-08 17:13:40,153 - transform - INFO - count of rows before cleaning and duplicating : 150000
2026-05-08 17:13:40,153 - transform - INFO - type of columns [('Date', 'string'), ('Time', 'timestamp'), ('Booking ID', 'string'), ('Booking Status', 'string'), ('Customer ID', 'string'), ('Vehicle Type', 'string'), ('Pickup Location', 'string'), ('Drop Location', 'string'), ('Cancelled Rides by Customer', 'int'), ('Reason for cancelling by Customer', 'string'), ('Cancelled Rides by Driver', 'int'), ('Driver Cancellation Reason', 'string'), ('Incomplete Rides', 'int'), ('Incomplete Rides Reason', 'string'), ('Booking Value', 'int'), ('Ride Distance', 'double'), ('Driver Ratings', 'double'), ('Customer Rating', 'double'), ('Payment Method', 'string')]
2026-05-08 17:13:40,153 - transform - INFO - remove duplicate rows...
2026-05-08 17:13:40,987 - transform - INFO - 1224 row was removed because is duplicated
2026-05-08 17:13:41,362 - transform - INFO - 148767 unique rows
2026-05-08 17:13:41,362 - transform - INFO - updating Cancelled Rides by Customer row...
2026-05-08 17:13:42,167 - transform - INFO - 138271 row have null in Cancelled Rides by Customer before cleaning
2026-05-08 17:13:42,167 - transform - INFO - 0 row have null in Cancelled Rides by Customer after cleaning
2026-05-08 17:13:42,167 - transform - INFO - terminate updating Cancelled Rides by Customer row
2026-05-08 17:13:42,167 - transform - INFO - updating Reason for cancelling by Customer...
2026-05-08 17:13:43,119 - transform - INFO - 138271 row have null value in Reason for cancelling by Customer before cleaning
2026-05-08 17:13:43,119 - transform - INFO - 0 row have null value in Reason for cancelling by Customer have updated to other
2026-05-08 17:13:43,119 - transform - INFO - terminate updating Reason for cancelling by Customer row
2026-05-08 17:13:43,119 - transform - INFO - updating Cancelled Rides by Driver row...
2026-05-08 17:13:43,666 - transform - INFO - 121836 row have null in Cancelled Rides by Driver before cleaning
2026-05-08 17:13:43,666 - transform - INFO - 0 row have null in Cancelled Rides by Driver after cleaning
2026-05-08 17:13:43,666 - transform - INFO - terminate updating Cancelled Rides by Driver row
2026-05-08 17:13:43,666 - transform - INFO - updating Driver Cancellation Reason...
2026-05-08 17:13:44,271 - transform - INFO - 121836 row have null value in Driver Cancellation Reason before cleaning
2026-05-08 17:13:44,271 - transform - INFO - 0 row have null value in Driver Cancellation Reason have updated to other
2026-05-08 17:13:44,271 - transform - INFO - terminate updating Driver Cancellation Reason row
2026-05-08 17:13:44,271 - transform - INFO - updating Incomplete Rides Reason row...
2026-05-08 17:13:44,839 - transform - INFO - 139819 row have null in Incomplete Rides Reason before cleaning
2026-05-08 17:13:44,839 - transform - INFO - 0 row have null in Incomplete Rides Reason after cleaning
2026-05-08 17:13:44,839 - transform - INFO - terminate updating Incomplete Rides Reason row
2026-05-08 17:13:44,839 - transform - INFO - updating Driver Ratings row...
2026-05-08 17:13:55,824 - spark session - INFO - Start to connecting to Spark...
2026-05-08 17:14:01,035 - spark session - INFO - Connected To Spark
2026-05-08 17:14:01,036 - transform - INFO - get information about dataset...
2026-05-08 17:14:01,359 - transform - INFO - count of rows before cleaning and duplicating : 150000
2026-05-08 17:14:01,359 - transform - INFO - type of columns [('Date', 'string'), ('Time', 'timestamp'), ('Booking ID', 'string'), ('Booking Status', 'string'), ('Customer ID', 'string'), ('Vehicle Type', 'string'), ('Pickup Location', 'string'), ('Drop Location', 'string'), ('Cancelled Rides by Customer', 'int'), ('Reason for cancelling by Customer', 'string'), ('Cancelled Rides by Driver', 'int'), ('Driver Cancellation Reason', 'string'), ('Incomplete Rides', 'int'), ('Incomplete Rides Reason', 'string'), ('Booking Value', 'int'), ('Ride Distance', 'double'), ('Driver Ratings', 'double'), ('Customer Rating', 'double'), ('Payment Method', 'string')]
2026-05-08 17:14:01,359 - transform - INFO - remove duplicate rows...
2026-05-08 17:14:02,277 - transform - INFO - 1224 row was removed because is duplicated
2026-05-08 17:14:02,638 - transform - INFO - 148767 unique rows
2026-05-08 17:14:02,638 - transform - INFO - updating Cancelled Rides by Customer row...
2026-05-08 17:14:03,343 - transform - INFO - 138271 row have null in Cancelled Rides by Customer before cleaning
2026-05-08 17:14:03,343 - transform - INFO - 0 row have null in Cancelled Rides by Customer after cleaning
2026-05-08 17:14:03,343 - transform - INFO - terminate updating Cancelled Rides by Customer row
2026-05-08 17:14:03,343 - transform - INFO - updating Reason for cancelling by Customer...
2026-05-08 17:14:04,250 - transform - INFO - 138271 row have null value in Reason for cancelling by Customer before cleaning
2026-05-08 17:14:04,250 - transform - INFO - 0 row have null value in Reason for cancelling by Customer have updated to other
2026-05-08 17:14:04,250 - transform - INFO - terminate updating Reason for cancelling by Customer row
2026-05-08 17:14:04,250 - transform - INFO - updating Cancelled Rides by Driver row...
2026-05-08 17:14:04,793 - transform - INFO - 121836 row have null in Cancelled Rides by Driver before cleaning
2026-05-08 17:14:04,793 - transform - INFO - 0 row have null in Cancelled Rides by Driver after cleaning
2026-05-08 17:14:04,793 - transform - INFO - terminate updating Cancelled Rides by Driver row
2026-05-08 17:14:04,793 - transform - INFO - updating Driver Cancellation Reason...
2026-05-08 17:14:05,412 - transform - INFO - 121836 row have null value in Driver Cancellation Reason before cleaning
2026-05-08 17:14:05,412 - transform - INFO - 0 row have null value in Driver Cancellation Reason have updated to other
2026-05-08 17:14:05,412 - transform - INFO - terminate updating Driver Cancellation Reason row
2026-05-08 17:14:05,412 - transform - INFO - updating Incomplete Rides Reason row...
2026-05-08 17:14:06,020 - transform - INFO - 139819 row have null in Incomplete Rides Reason before cleaning
2026-05-08 17:14:06,020 - transform - INFO - 0 row have null in Incomplete Rides Reason after cleaning
2026-05-08 17:14:06,020 - transform - INFO - terminate updating Incomplete Rides Reason row
2026-05-08 17:14:06,020 - transform - INFO - updating Driver Ratings row...
2026-05-08 17:14:06,889 - transform - INFO - terminate updating Driver Ratings row
2026-05-08 17:14:30,899 - spark session - INFO - Start to connecting to Spark...
2026-05-08 17:14:36,014 - spark session - INFO - Connected To Spark
2026-05-08 17:14:36,014 - transform - INFO - get information about dataset...
2026-05-08 17:14:36,330 - transform - INFO - count of rows before cleaning and duplicating : 150000
2026-05-08 17:14:36,330 - transform - INFO - type of columns [('Date', 'string'), ('Time', 'timestamp'), ('Booking ID', 'string'), ('Booking Status', 'string'), ('Customer ID', 'string'), ('Vehicle Type', 'string'), ('Pickup Location', 'string'), ('Drop Location', 'string'), ('Cancelled Rides by Customer', 'int'), ('Reason for cancelling by Customer', 'string'), ('Cancelled Rides by Driver', 'int'), ('Driver Cancellation Reason', 'string'), ('Incomplete Rides', 'int'), ('Incomplete Rides Reason', 'string'), ('Booking Value', 'int'), ('Ride Distance', 'double'), ('Driver Ratings', 'double'), ('Customer Rating', 'double'), ('Payment Method', 'string')]
2026-05-08 17:14:36,330 - transform - INFO - remove duplicate rows...
2026-05-08 17:14:37,134 - transform - INFO - 1224 row was removed because is duplicated
2026-05-08 17:14:37,487 - transform - INFO - 148767 unique rows
2026-05-08 17:14:37,487 - transform - INFO - updating Cancelled Rides by Customer row...
2026-05-08 17:14:38,188 - transform - INFO - 138271 row have null in Cancelled Rides by Customer before cleaning
2026-05-08 17:14:38,188 - transform - INFO - 0 row have null in Cancelled Rides by Customer after cleaning
2026-05-08 17:14:38,188 - transform - INFO - terminate updating Cancelled Rides by Customer row
2026-05-08 17:14:38,188 - transform - INFO - updating Reason for cancelling by Customer...
2026-05-08 17:14:39,102 - transform - INFO - 138271 row have null value in Reason for cancelling by Customer before cleaning
2026-05-08 17:14:39,102 - transform - INFO - 0 row have null value in Reason for cancelling by Customer have updated to other
2026-05-08 17:14:39,102 - transform - INFO - terminate updating Reason for cancelling by Customer row
2026-05-08 17:14:39,102 - transform - INFO - updating Cancelled Rides by Driver row...
2026-05-08 17:14:39,639 - transform - INFO - 121836 row have null in Cancelled Rides by Driver before cleaning
2026-05-08 17:14:39,639 - transform - INFO - 0 row have null in Cancelled Rides by Driver after cleaning
2026-05-08 17:14:39,639 - transform - INFO - terminate updating Cancelled Rides by Driver row
2026-05-08 17:14:39,639 - transform - INFO - updating Driver Cancellation Reason...
2026-05-08 17:14:40,185 - transform - INFO - 121836 row have null value in Driver Cancellation Reason before cleaning
2026-05-08 17:14:40,185 - transform - INFO - 0 row have null value in Driver Cancellation Reason have updated to other
2026-05-08 17:14:40,185 - transform - INFO - terminate updating Driver Cancellation Reason row
2026-05-08 17:14:40,185 - transform - INFO - updating Incomplete Rides Reason row...
2026-05-08 17:14:40,695 - transform - INFO - 139819 row have null in Incomplete Rides Reason before cleaning
2026-05-08 17:14:40,695 - transform - INFO - 0 row have null in Incomplete Rides Reason after cleaning
2026-05-08 17:14:40,695 - transform - INFO - terminate updating Incomplete Rides Reason row
2026-05-08 17:14:40,695 - transform - INFO - updating Driver Ratings row...
2026-05-08 17:14:41,537 - transform - INFO - terminate updating Driver Ratings row
2026-05-08 17:14:55,858 - spark session - INFO - Start to connecting to Spark...
2026-05-08 17:15:00,723 - spark session - INFO - Connected To Spark
2026-05-08 17:15:00,724 - transform - INFO - get information about dataset...
2026-05-08 17:15:01,078 - transform - INFO - count of rows before cleaning and duplicating : 150000
2026-05-08 17:15:01,078 - transform - INFO - type of columns [('Date', 'string'), ('Time', 'timestamp'), ('Booking ID', 'string'), ('Booking Status', 'string'), ('Customer ID', 'string'), ('Vehicle Type', 'string'), ('Pickup Location', 'string'), ('Drop Location', 'string'), ('Cancelled Rides by Customer', 'int'), ('Reason for cancelling by Customer', 'string'), ('Cancelled Rides by Driver', 'int'), ('Driver Cancellation Reason', 'string'), ('Incomplete Rides', 'int'), ('Incomplete Rides Reason', 'string'), ('Booking Value', 'int'), ('Ride Distance', 'double'), ('Driver Ratings', 'double'), ('Customer Rating', 'double'), ('Payment Method', 'string')]
2026-05-08 17:15:01,078 - transform - INFO - remove duplicate rows...
2026-05-08 17:15:01,977 - transform - INFO - 1224 row was removed because is duplicated
2026-05-08 17:15:02,316 - transform - INFO - 148767 unique rows
2026-05-08 17:15:02,316 - transform - INFO - updating Cancelled Rides by Customer row...
2026-05-08 17:15:03,050 - transform - INFO - 138271 row have null in Cancelled Rides by Customer before cleaning
2026-05-08 17:15:03,050 - transform - INFO - 0 row have null in Cancelled Rides by Customer after cleaning
2026-05-08 17:15:03,050 - transform - INFO - terminate updating Cancelled Rides by Customer row
2026-05-08 17:15:03,050 - transform - INFO - updating Reason for cancelling by Customer...
2026-05-08 17:15:04,059 - transform - INFO - 138271 row have null value in Reason for cancelling by Customer before cleaning
2026-05-08 17:15:04,059 - transform - INFO - 0 row have null value in Reason for cancelling by Customer have updated to other
2026-05-08 17:15:04,059 - transform - INFO - terminate updating Reason for cancelling by Customer row
2026-05-08 17:15:04,059 - transform - INFO - updating Cancelled Rides by Driver row...
2026-05-08 17:15:04,568 - transform - INFO - 121836 row have null in Cancelled Rides by Driver before cleaning
2026-05-08 17:15:04,568 - transform - INFO - 0 row have null in Cancelled Rides by Driver after cleaning
2026-05-08 17:15:04,568 - transform - INFO - terminate updating Cancelled Rides by Driver row
2026-05-08 17:15:04,568 - transform - INFO - updating Driver Cancellation Reason...
2026-05-08 17:15:05,147 - transform - INFO - 121836 row have null value in Driver Cancellation Reason before cleaning
2026-05-08 17:15:05,147 - transform - INFO - 0 row have null value in Driver Cancellation Reason have updated to other
2026-05-08 17:15:05,147 - transform - INFO - terminate updating Driver Cancellation Reason row
2026-05-08 17:15:05,147 - transform - INFO - updating Incomplete Rides Reason row...
2026-05-08 17:15:05,688 - transform - INFO - 139819 row have null in Incomplete Rides Reason before cleaning
2026-05-08 17:15:05,688 - transform - INFO - 0 row have null in Incomplete Rides Reason after cleaning
2026-05-08 17:15:05,688 - transform - INFO - terminate updating Incomplete Rides Reason row
2026-05-08 17:15:05,688 - transform - INFO - updating Driver Ratings row...
2026-05-08 17:15:06,493 - transform - INFO - terminate updating Driver Ratings row
2026-05-08 17:15:18,631 - spark session - INFO - Start to connecting to Spark...
2026-05-08 17:15:23,574 - spark session - INFO - Connected To Spark
2026-05-08 17:15:23,575 - transform - INFO - get information about dataset...
2026-05-08 17:15:23,919 - transform - INFO - count of rows before cleaning and duplicating : 150000
2026-05-08 17:15:23,920 - transform - INFO - type of columns [('Date', 'string'), ('Time', 'timestamp'), ('Booking ID', 'string'), ('Booking Status', 'string'), ('Customer ID', 'string'), ('Vehicle Type', 'string'), ('Pickup Location', 'string'), ('Drop Location', 'string'), ('Cancelled Rides by Customer', 'int'), ('Reason for cancelling by Customer', 'string'), ('Cancelled Rides by Driver', 'int'), ('Driver Cancellation Reason', 'string'), ('Incomplete Rides', 'int'), ('Incomplete Rides Reason', 'string'), ('Booking Value', 'int'), ('Ride Distance', 'double'), ('Driver Ratings', 'double'), ('Customer Rating', 'double'), ('Payment Method', 'string')]
2026-05-08 17:15:23,920 - transform - INFO - remove duplicate rows...
2026-05-08 17:15:24,788 - transform - INFO - 1224 row was removed because is duplicated
2026-05-08 17:15:25,116 - transform - INFO - 148767 unique rows
2026-05-08 17:15:25,116 - transform - INFO - updating Cancelled Rides by Customer row...
2026-05-08 17:15:25,876 - transform - INFO - 138271 row have null in Cancelled Rides by Customer before cleaning
2026-05-08 17:15:25,876 - transform - INFO - 0 row have null in Cancelled Rides by Customer after cleaning
2026-05-08 17:15:25,876 - transform - INFO - terminate updating Cancelled Rides by Customer row
2026-05-08 17:15:25,876 - transform - INFO - updating Reason for cancelling by Customer...
2026-05-08 17:15:26,786 - transform - INFO - 138271 row have null value in Reason for cancelling by Customer before cleaning
2026-05-08 17:15:26,786 - transform - INFO - 0 row have null value in Reason for cancelling by Customer have updated to other
2026-05-08 17:15:26,786 - transform - INFO - terminate updating Reason for cancelling by Customer row
2026-05-08 17:15:26,786 - transform - INFO - updating Cancelled Rides by Driver row...
2026-05-08 17:15:27,323 - transform - INFO - 121836 row have null in Cancelled Rides by Driver before cleaning
2026-05-08 17:15:27,323 - transform - INFO - 0 row have null in Cancelled Rides by Driver after cleaning
2026-05-08 17:15:27,323 - transform - INFO - terminate updating Cancelled Rides by Driver row
2026-05-08 17:15:27,323 - transform - INFO - updating Driver Cancellation Reason...
2026-05-08 17:15:27,910 - transform - INFO - 121836 row have null value in Driver Cancellation Reason before cleaning
2026-05-08 17:15:27,910 - transform - INFO - 0 row have null value in Driver Cancellation Reason have updated to other
2026-05-08 17:15:27,910 - transform - INFO - terminate updating Driver Cancellation Reason row
2026-05-08 17:15:27,910 - transform - INFO - updating Incomplete Rides Reason row...
2026-05-08 17:15:28,448 - transform - INFO - 139819 row have null in Incomplete Rides Reason before cleaning
2026-05-08 17:15:28,449 - transform - INFO - 0 row have null in Incomplete Rides Reason after cleaning
2026-05-08 17:15:28,449 - transform - INFO - terminate updating Incomplete Rides Reason row
2026-05-08 17:15:28,449 - transform - INFO - updating Driver Ratings row...
2026-05-08 17:16:01,796 - spark session - INFO - Start to connecting to Spark...
2026-05-08 17:16:07,202 - spark session - INFO - Connected To Spark
2026-05-08 17:16:07,203 - transform - INFO - get information about dataset...
2026-05-08 17:16:07,529 - transform - INFO - count of rows before cleaning and duplicating : 150000
2026-05-08 17:16:07,529 - transform - INFO - type of columns [('Date', 'string'), ('Time', 'timestamp'), ('Booking ID', 'string'), ('Booking Status', 'string'), ('Customer ID', 'string'), ('Vehicle Type', 'string'), ('Pickup Location', 'string'), ('Drop Location', 'string'), ('Cancelled Rides by Customer', 'int'), ('Reason for cancelling by Customer', 'string'), ('Cancelled Rides by Driver', 'int'), ('Driver Cancellation Reason', 'string'), ('Incomplete Rides', 'int'), ('Incomplete Rides Reason', 'string'), ('Booking Value', 'int'), ('Ride Distance', 'double'), ('Driver Ratings', 'double'), ('Customer Rating', 'double'), ('Payment Method', 'string')]
2026-05-08 17:16:07,529 - transform - INFO - remove duplicate rows...
2026-05-08 17:16:08,424 - transform - INFO - 1224 row was removed because is duplicated
2026-05-08 17:16:08,781 - transform - INFO - 148767 unique rows
2026-05-08 17:16:08,781 - transform - INFO - updating Cancelled Rides by Customer row...
2026-05-08 17:16:09,527 - transform - INFO - 138271 row have null in Cancelled Rides by Customer before cleaning
2026-05-08 17:16:09,527 - transform - INFO - 0 row have null in Cancelled Rides by Customer after cleaning
2026-05-08 17:16:09,527 - transform - INFO - terminate updating Cancelled Rides by Customer row
2026-05-08 17:16:09,527 - transform - INFO - updating Reason for cancelling by Customer...
2026-05-08 17:16:10,425 - transform - INFO - 138271 row have null value in Reason for cancelling by Customer before cleaning
2026-05-08 17:16:10,425 - transform - INFO - 0 row have null value in Reason for cancelling by Customer have updated to other
2026-05-08 17:16:10,425 - transform - INFO - terminate updating Reason for cancelling by Customer row
2026-05-08 17:16:10,425 - transform - INFO - updating Cancelled Rides by Driver row...
2026-05-08 17:16:10,938 - transform - INFO - 121836 row have null in Cancelled Rides by Driver before cleaning
2026-05-08 17:16:10,938 - transform - INFO - 0 row have null in Cancelled Rides by Driver after cleaning
2026-05-08 17:16:10,938 - transform - INFO - terminate updating Cancelled Rides by Driver row
2026-05-08 17:16:10,938 - transform - INFO - updating Driver Cancellation Reason...
2026-05-08 17:16:11,489 - transform - INFO - 121836 row have null value in Driver Cancellation Reason before cleaning
2026-05-08 17:16:11,490 - transform - INFO - 0 row have null value in Driver Cancellation Reason have updated to other
2026-05-08 17:16:11,490 - transform - INFO - terminate updating Driver Cancellation Reason row
2026-05-08 17:16:11,490 - transform - INFO - updating Incomplete Rides Reason row...
2026-05-08 17:16:12,015 - transform - INFO - 139819 row have null in Incomplete Rides Reason before cleaning
2026-05-08 17:16:12,015 - transform - INFO - 0 row have null in Incomplete Rides Reason after cleaning
2026-05-08 17:16:12,015 - transform - INFO - terminate updating Incomplete Rides Reason row
2026-05-08 17:16:12,015 - transform - INFO - updating Driver Ratings row...
2026-05-08 17:16:12,384 - transform - INFO - terminate updating Driver Ratings row
2026-05-08 17:16:22,341 - spark session - INFO - Start to connecting to Spark...
2026-05-08 17:16:27,517 - spark session - INFO - Connected To Spark
2026-05-08 17:16:27,517 - transform - INFO - get information about dataset...
2026-05-08 17:16:27,830 - transform - INFO - count of rows before cleaning and duplicating : 150000
2026-05-08 17:16:27,830 - transform - INFO - type of columns [('Date', 'string'), ('Time', 'timestamp'), ('Booking ID', 'string'), ('Booking Status', 'string'), ('Customer ID', 'string'), ('Vehicle Type', 'string'), ('Pickup Location', 'string'), ('Drop Location', 'string'), ('Cancelled Rides by Customer', 'int'), ('Reason for cancelling by Customer', 'string'), ('Cancelled Rides by Driver', 'int'), ('Driver Cancellation Reason', 'string'), ('Incomplete Rides', 'int'), ('Incomplete Rides Reason', 'string'), ('Booking Value', 'int'), ('Ride Distance', 'double'), ('Driver Ratings', 'double'), ('Customer Rating', 'double'), ('Payment Method', 'string')]
2026-05-08 17:16:27,830 - transform - INFO - remove duplicate rows...
2026-05-08 17:16:28,646 - transform - INFO - 1224 row was removed because is duplicated
2026-05-08 17:16:29,022 - transform - INFO - 148767 unique rows
2026-05-08 17:16:29,022 - transform - INFO - updating Cancelled Rides by Customer row...
2026-05-08 17:16:29,744 - transform - INFO - 138271 row have null in Cancelled Rides by Customer before cleaning
2026-05-08 17:16:29,744 - transform - INFO - 0 row have null in Cancelled Rides by Customer after cleaning
2026-05-08 17:16:29,744 - transform - INFO - terminate updating Cancelled Rides by Customer row
2026-05-08 17:16:29,744 - transform - INFO - updating Reason for cancelling by Customer...
2026-05-08 17:16:30,633 - transform - INFO - 138271 row have null value in Reason for cancelling by Customer before cleaning
2026-05-08 17:16:30,633 - transform - INFO - 0 row have null value in Reason for cancelling by Customer have updated to other
2026-05-08 17:16:30,633 - transform - INFO - terminate updating Reason for cancelling by Customer row
2026-05-08 17:16:30,633 - transform - INFO - updating Cancelled Rides by Driver row...
2026-05-08 17:16:31,147 - transform - INFO - 121836 row have null in Cancelled Rides by Driver before cleaning
2026-05-08 17:16:31,147 - transform - INFO - 0 row have null in Cancelled Rides by Driver after cleaning
2026-05-08 17:16:31,147 - transform - INFO - terminate updating Cancelled Rides by Driver row
2026-05-08 17:16:31,147 - transform - INFO - updating Driver Cancellation Reason...
2026-05-08 17:16:31,717 - transform - INFO - 121836 row have null value in Driver Cancellation Reason before cleaning
2026-05-08 17:16:31,717 - transform - INFO - 0 row have null value in Driver Cancellation Reason have updated to other
2026-05-08 17:16:31,717 - transform - INFO - terminate updating Driver Cancellation Reason row
2026-05-08 17:16:31,717 - transform - INFO - updating Incomplete Rides Reason row...
2026-05-08 17:16:32,249 - transform - INFO - 139819 row have null in Incomplete Rides Reason before cleaning
2026-05-08 17:16:32,249 - transform - INFO - 0 row have null in Incomplete Rides Reason after cleaning
2026-05-08 17:16:32,249 - transform - INFO - terminate updating Incomplete Rides Reason row
2026-05-08 17:16:32,249 - transform - INFO - updating Driver Ratings row...
2026-05-08 17:16:32,658 - transform - INFO - terminate updating Driver Ratings row
2026-05-08 17:16:39,101 - spark session - INFO - Start to connecting to Spark...
2026-05-08 17:16:44,136 - spark session - INFO - Connected To Spark
2026-05-08 17:16:44,136 - transform - INFO - get information about dataset...
2026-05-08 17:16:44,453 - transform - INFO - count of rows before cleaning and duplicating : 150000
2026-05-08 17:16:44,453 - transform - INFO - type of columns [('Date', 'string'), ('Time', 'timestamp'), ('Booking ID', 'string'), ('Booking Status', 'string'), ('Customer ID', 'string'), ('Vehicle Type', 'string'), ('Pickup Location', 'string'), ('Drop Location', 'string'), ('Cancelled Rides by Customer', 'int'), ('Reason for cancelling by Customer', 'string'), ('Cancelled Rides by Driver', 'int'), ('Driver Cancellation Reason', 'string'), ('Incomplete Rides', 'int'), ('Incomplete Rides Reason', 'string'), ('Booking Value', 'int'), ('Ride Distance', 'double'), ('Driver Ratings', 'double'), ('Customer Rating', 'double'), ('Payment Method', 'string')]
2026-05-08 17:16:44,453 - transform - INFO - remove duplicate rows...
2026-05-08 17:16:45,326 - transform - INFO - 1224 row was removed because is duplicated
2026-05-08 17:16:45,675 - transform - INFO - 148767 unique rows
2026-05-08 17:16:45,675 - transform - INFO - updating Cancelled Rides by Customer row...
2026-05-08 17:16:46,368 - transform - INFO - 138271 row have null in Cancelled Rides by Customer before cleaning
2026-05-08 17:16:46,368 - transform - INFO - 0 row have null in Cancelled Rides by Customer after cleaning
2026-05-08 17:16:46,368 - transform - INFO - terminate updating Cancelled Rides by Customer row
2026-05-08 17:16:46,368 - transform - INFO - updating Reason for cancelling by Customer...
2026-05-08 17:16:47,275 - transform - INFO - 138271 row have null value in Reason for cancelling by Customer before cleaning
2026-05-08 17:16:47,275 - transform - INFO - 0 row have null value in Reason for cancelling by Customer have updated to other
2026-05-08 17:16:47,275 - transform - INFO - terminate updating Reason for cancelling by Customer row
2026-05-08 17:16:47,275 - transform - INFO - updating Cancelled Rides by Driver row...
2026-05-08 17:16:47,781 - transform - INFO - 121836 row have null in Cancelled Rides by Driver before cleaning
2026-05-08 17:16:47,781 - transform - INFO - 0 row have null in Cancelled Rides by Driver after cleaning
2026-05-08 17:16:47,781 - transform - INFO - terminate updating Cancelled Rides by Driver row
2026-05-08 17:16:47,781 - transform - INFO - updating Driver Cancellation Reason...
2026-05-08 17:16:48,354 - transform - INFO - 121836 row have null value in Driver Cancellation Reason before cleaning
2026-05-08 17:16:48,354 - transform - INFO - 0 row have null value in Driver Cancellation Reason have updated to other
2026-05-08 17:16:48,354 - transform - INFO - terminate updating Driver Cancellation Reason row
2026-05-08 17:16:48,354 - transform - INFO - updating Incomplete Rides Reason row...
2026-05-08 17:16:48,884 - transform - INFO - 139819 row have null in Incomplete Rides Reason before cleaning
2026-05-08 17:16:48,884 - transform - INFO - 0 row have null in Incomplete Rides Reason after cleaning
2026-05-08 17:16:48,884 - transform - INFO - terminate updating Incomplete Rides Reason row
2026-05-08 17:16:48,884 - transform - INFO - updating Driver Ratings row...
2026-05-08 17:16:49,274 - transform - INFO - terminate updating Driver Ratings row
2026-05-08 17:16:56,094 - spark session - INFO - Start to connecting to Spark...
2026-05-08 17:17:00,943 - spark session - INFO - Connected To Spark
2026-05-08 17:17:00,943 - transform - INFO - get information about dataset...
2026-05-08 17:17:01,260 - transform - INFO - count of rows before cleaning and duplicating : 150000
2026-05-08 17:17:01,261 - transform - INFO - type of columns [('Date', 'string'), ('Time', 'timestamp'), ('Booking ID', 'string'), ('Booking Status', 'string'), ('Customer ID', 'string'), ('Vehicle Type', 'string'), ('Pickup Location', 'string'), ('Drop Location', 'string'), ('Cancelled Rides by Customer', 'int'), ('Reason for cancelling by Customer', 'string'), ('Cancelled Rides by Driver', 'int'), ('Driver Cancellation Reason', 'string'), ('Incomplete Rides', 'int'), ('Incomplete Rides Reason', 'string'), ('Booking Value', 'int'), ('Ride Distance', 'double'), ('Driver Ratings', 'double'), ('Customer Rating', 'double'), ('Payment Method', 'string')]
2026-05-08 17:17:01,261 - transform - INFO - remove duplicate rows...
2026-05-08 17:17:02,117 - transform - INFO - 1224 row was removed because is duplicated
2026-05-08 17:17:02,475 - transform - INFO - 148767 unique rows
2026-05-08 17:17:02,475 - transform - INFO - updating Cancelled Rides by Customer row...
2026-05-08 17:17:03,218 - transform - INFO - 138271 row have null in Cancelled Rides by Customer before cleaning
2026-05-08 17:17:03,218 - transform - INFO - 0 row have null in Cancelled Rides by Customer after cleaning
2026-05-08 17:17:03,218 - transform - INFO - terminate updating Cancelled Rides by Customer row
2026-05-08 17:17:03,218 - transform - INFO - updating Reason for cancelling by Customer...
2026-05-08 17:17:04,142 - transform - INFO - 138271 row have null value in Reason for cancelling by Customer before cleaning
2026-05-08 17:17:04,142 - transform - INFO - 0 row have null value in Reason for cancelling by Customer have updated to other
2026-05-08 17:17:04,142 - transform - INFO - terminate updating Reason for cancelling by Customer row
2026-05-08 17:17:04,142 - transform - INFO - updating Cancelled Rides by Driver row...
2026-05-08 17:17:04,654 - transform - INFO - 121836 row have null in Cancelled Rides by Driver before cleaning
2026-05-08 17:17:04,654 - transform - INFO - 0 row have null in Cancelled Rides by Driver after cleaning
2026-05-08 17:17:04,654 - transform - INFO - terminate updating Cancelled Rides by Driver row
2026-05-08 17:17:04,654 - transform - INFO - updating Driver Cancellation Reason...
2026-05-08 17:17:05,268 - transform - INFO - 121836 row have null value in Driver Cancellation Reason before cleaning
2026-05-08 17:17:05,268 - transform - INFO - 0 row have null value in Driver Cancellation Reason have updated to other
2026-05-08 17:17:05,268 - transform - INFO - terminate updating Driver Cancellation Reason row
2026-05-08 17:17:05,268 - transform - INFO - updating Incomplete Rides Reason row...
2026-05-08 17:17:05,783 - transform - INFO - 139819 row have null in Incomplete Rides Reason before cleaning
2026-05-08 17:17:05,783 - transform - INFO - 0 row have null in Incomplete Rides Reason after cleaning
2026-05-08 17:17:05,783 - transform - INFO - terminate updating Incomplete Rides Reason row
2026-05-08 17:17:05,783 - transform - INFO - updating Driver Ratings row...
2026-05-08 17:17:06,208 - transform - INFO - terminate updating Driver Ratings row
2026-05-08 17:17:46,519 - spark session - INFO - Start to connecting to Spark...
2026-05-08 17:17:51,869 - spark session - INFO - Connected To Spark
2026-05-08 17:17:51,869 - transform - INFO - get information about dataset...
2026-05-08 17:17:52,232 - transform - INFO - count of rows before cleaning and duplicating : 150000
2026-05-08 17:17:52,232 - transform - INFO - type of columns [('Date', 'string'), ('Time', 'timestamp'), ('Booking ID', 'string'), ('Booking Status', 'string'), ('Customer ID', 'string'), ('Vehicle Type', 'string'), ('Pickup Location', 'string'), ('Drop Location', 'string'), ('Cancelled Rides by Customer', 'int'), ('Reason for cancelling by Customer', 'string'), ('Cancelled Rides by Driver', 'int'), ('Driver Cancellation Reason', 'string'), ('Incomplete Rides', 'int'), ('Incomplete Rides Reason', 'string'), ('Booking Value', 'int'), ('Ride Distance', 'double'), ('Driver Ratings', 'double'), ('Customer Rating', 'double'), ('Payment Method', 'string')]
2026-05-08 17:17:52,232 - transform - INFO - remove duplicate rows...
2026-05-08 17:17:53,128 - transform - INFO - 1224 row was removed because is duplicated
2026-05-08 17:17:53,481 - transform - INFO - 148767 unique rows
2026-05-08 17:17:53,481 - transform - INFO - updating Cancelled Rides by Customer row...
2026-05-08 17:17:54,302 - transform - INFO - 138271 row have null in Cancelled Rides by Customer before cleaning
2026-05-08 17:17:54,302 - transform - INFO - 0 row have null in Cancelled Rides by Customer after cleaning
2026-05-08 17:17:54,302 - transform - INFO - terminate updating Cancelled Rides by Customer row
2026-05-08 17:17:54,302 - transform - INFO - updating Reason for cancelling by Customer...
2026-05-08 17:17:55,329 - transform - INFO - 138271 row have null value in Reason for cancelling by Customer before cleaning
2026-05-08 17:17:55,329 - transform - INFO - 0 row have null value in Reason for cancelling by Customer have updated to other
2026-05-08 17:17:55,329 - transform - INFO - terminate updating Reason for cancelling by Customer row
2026-05-08 17:17:55,329 - transform - INFO - updating Cancelled Rides by Driver row...
2026-05-08 17:17:55,866 - transform - INFO - 121836 row have null in Cancelled Rides by Driver before cleaning
2026-05-08 17:17:55,866 - transform - INFO - 0 row have null in Cancelled Rides by Driver after cleaning
2026-05-08 17:17:55,866 - transform - INFO - terminate updating Cancelled Rides by Driver row
2026-05-08 17:17:55,866 - transform - INFO - updating Driver Cancellation Reason...
2026-05-08 17:17:56,533 - transform - INFO - 121836 row have null value in Driver Cancellation Reason before cleaning
2026-05-08 17:17:56,533 - transform - INFO - 0 row have null value in Driver Cancellation Reason have updated to other
2026-05-08 17:17:56,533 - transform - INFO - terminate updating Driver Cancellation Reason row
2026-05-08 17:17:56,533 - transform - INFO - updating Incomplete Rides Reason row...
2026-05-08 17:17:57,082 - transform - INFO - 139819 row have null in Incomplete Rides Reason before cleaning
2026-05-08 17:17:57,082 - transform - INFO - 0 row have null in Incomplete Rides Reason after cleaning
2026-05-08 17:17:57,082 - transform - INFO - terminate updating Incomplete Rides Reason row
2026-05-08 17:17:57,082 - transform - INFO - updating Driver Ratings row...
2026-05-08 17:18:11,234 - spark session - INFO - Start to connecting to Spark...
2026-05-08 17:18:16,191 - spark session - INFO - Connected To Spark
2026-05-08 17:18:16,191 - transform - INFO - get information about dataset...
2026-05-08 17:18:16,511 - transform - INFO - count of rows before cleaning and duplicating : 150000
2026-05-08 17:18:16,511 - transform - INFO - type of columns [('Date', 'string'), ('Time', 'timestamp'), ('Booking ID', 'string'), ('Booking Status', 'string'), ('Customer ID', 'string'), ('Vehicle Type', 'string'), ('Pickup Location', 'string'), ('Drop Location', 'string'), ('Cancelled Rides by Customer', 'int'), ('Reason for cancelling by Customer', 'string'), ('Cancelled Rides by Driver', 'int'), ('Driver Cancellation Reason', 'string'), ('Incomplete Rides', 'int'), ('Incomplete Rides Reason', 'string'), ('Booking Value', 'int'), ('Ride Distance', 'double'), ('Driver Ratings', 'double'), ('Customer Rating', 'double'), ('Payment Method', 'string')]
2026-05-08 17:18:16,511 - transform - INFO - remove duplicate rows...
2026-05-08 17:18:17,410 - transform - INFO - 1224 row was removed because is duplicated
2026-05-08 17:18:17,777 - transform - INFO - 148767 unique rows
2026-05-08 17:18:17,777 - transform - INFO - updating Cancelled Rides by Customer row...
2026-05-08 17:18:18,549 - transform - INFO - 138271 row have null in Cancelled Rides by Customer before cleaning
2026-05-08 17:18:18,549 - transform - INFO - 0 row have null in Cancelled Rides by Customer after cleaning
2026-05-08 17:18:18,549 - transform - INFO - terminate updating Cancelled Rides by Customer row
2026-05-08 17:18:18,549 - transform - INFO - updating Reason for cancelling by Customer...
2026-05-08 17:18:19,481 - transform - INFO - 138271 row have null value in Reason for cancelling by Customer before cleaning
2026-05-08 17:18:19,481 - transform - INFO - 0 row have null value in Reason for cancelling by Customer have updated to other
2026-05-08 17:18:19,481 - transform - INFO - terminate updating Reason for cancelling by Customer row
2026-05-08 17:18:19,481 - transform - INFO - updating Cancelled Rides by Driver row...
2026-05-08 17:18:20,046 - transform - INFO - 121836 row have null in Cancelled Rides by Driver before cleaning
2026-05-08 17:18:20,047 - transform - INFO - 0 row have null in Cancelled Rides by Driver after cleaning
2026-05-08 17:18:20,047 - transform - INFO - terminate updating Cancelled Rides by Driver row
2026-05-08 17:18:20,047 - transform - INFO - updating Driver Cancellation Reason...
2026-05-08 17:18:20,595 - transform - INFO - 121836 row have null value in Driver Cancellation Reason before cleaning
2026-05-08 17:18:20,595 - transform - INFO - 0 row have null value in Driver Cancellation Reason have updated to other
2026-05-08 17:18:20,595 - transform - INFO - terminate updating Driver Cancellation Reason row
2026-05-08 17:18:20,595 - transform - INFO - updating Incomplete Rides Reason row...
2026-05-08 17:18:21,162 - transform - INFO - 139819 row have null in Incomplete Rides Reason before cleaning
2026-05-08 17:18:21,162 - transform - INFO - 0 row have null in Incomplete Rides Reason after cleaning
2026-05-08 17:18:21,162 - transform - INFO - terminate updating Incomplete Rides Reason row
2026-05-08 17:18:21,162 - transform - INFO - updating Driver Ratings row...
2026-05-08 17:19:06,950 - spark session - INFO - Start to connecting to Spark...
2026-05-08 17:19:12,344 - spark session - INFO - Connected To Spark
2026-05-08 17:19:12,344 - transform - INFO - get information about dataset...
2026-05-08 17:19:12,673 - transform - INFO - count of rows before cleaning and duplicating : 150000
2026-05-08 17:19:12,673 - transform - INFO - type of columns [('Date', 'string'), ('Time', 'timestamp'), ('Booking ID', 'string'), ('Booking Status', 'string'), ('Customer ID', 'string'), ('Vehicle Type', 'string'), ('Pickup Location', 'string'), ('Drop Location', 'string'), ('Cancelled Rides by Customer', 'int'), ('Reason for cancelling by Customer', 'string'), ('Cancelled Rides by Driver', 'int'), ('Driver Cancellation Reason', 'string'), ('Incomplete Rides', 'int'), ('Incomplete Rides Reason', 'string'), ('Booking Value', 'int'), ('Ride Distance', 'double'), ('Driver Ratings', 'double'), ('Customer Rating', 'double'), ('Payment Method', 'string')]
2026-05-08 17:19:12,673 - transform - INFO - remove duplicate rows...
2026-05-08 17:19:13,532 - transform - INFO - 1224 row was removed because is duplicated
2026-05-08 17:19:13,864 - transform - INFO - 148767 unique rows
2026-05-08 17:19:13,864 - transform - INFO - updating Cancelled Rides by Customer row...
2026-05-08 17:19:14,591 - transform - INFO - 138271 row have null in Cancelled Rides by Customer before cleaning
2026-05-08 17:19:14,592 - transform - INFO - 0 row have null in Cancelled Rides by Customer after cleaning
2026-05-08 17:19:14,592 - transform - INFO - terminate updating Cancelled Rides by Customer row
2026-05-08 17:19:14,592 - transform - INFO - updating Reason for cancelling by Customer...
2026-05-08 17:19:15,549 - transform - INFO - 138271 row have null value in Reason for cancelling by Customer before cleaning
2026-05-08 17:19:15,550 - transform - INFO - 0 row have null value in Reason for cancelling by Customer have updated to other
2026-05-08 17:19:15,550 - transform - INFO - terminate updating Reason for cancelling by Customer row
2026-05-08 17:19:15,550 - transform - INFO - updating Cancelled Rides by Driver row...
2026-05-08 17:19:16,076 - transform - INFO - 121836 row have null in Cancelled Rides by Driver before cleaning
2026-05-08 17:19:16,076 - transform - INFO - 0 row have null in Cancelled Rides by Driver after cleaning
2026-05-08 17:19:16,076 - transform - INFO - terminate updating Cancelled Rides by Driver row
2026-05-08 17:19:16,076 - transform - INFO - updating Driver Cancellation Reason...
2026-05-08 17:19:16,663 - transform - INFO - 121836 row have null value in Driver Cancellation Reason before cleaning
2026-05-08 17:19:16,663 - transform - INFO - 0 row have null value in Driver Cancellation Reason have updated to other
2026-05-08 17:19:16,663 - transform - INFO - terminate updating Driver Cancellation Reason row
2026-05-08 17:19:16,663 - transform - INFO - updating Incomplete Rides Reason row...
2026-05-08 17:19:17,216 - transform - INFO - 139819 row have null in Incomplete Rides Reason before cleaning
2026-05-08 17:19:17,216 - transform - INFO - 0 row have null in Incomplete Rides Reason after cleaning
2026-05-08 17:19:17,216 - transform - INFO - terminate updating Incomplete Rides Reason row
2026-05-08 17:19:17,216 - transform - INFO - updating Driver Ratings row...
2026-05-08 17:19:24,423 - spark session - INFO - Start to connecting to Spark...
2026-05-08 17:19:29,219 - spark session - INFO - Connected To Spark
2026-05-08 17:19:29,219 - transform - INFO - get information about dataset...
2026-05-08 17:19:29,591 - transform - INFO - count of rows before cleaning and duplicating : 150000
2026-05-08 17:19:29,591 - transform - INFO - type of columns [('Date', 'string'), ('Time', 'timestamp'), ('Booking ID', 'string'), ('Booking Status', 'string'), ('Customer ID', 'string'), ('Vehicle Type', 'string'), ('Pickup Location', 'string'), ('Drop Location', 'string'), ('Cancelled Rides by Customer', 'int'), ('Reason for cancelling by Customer', 'string'), ('Cancelled Rides by Driver', 'int'), ('Driver Cancellation Reason', 'string'), ('Incomplete Rides', 'int'), ('Incomplete Rides Reason', 'string'), ('Booking Value', 'int'), ('Ride Distance', 'double'), ('Driver Ratings', 'double'), ('Customer Rating', 'double'), ('Payment Method', 'string')]
2026-05-08 17:19:29,591 - transform - INFO - remove duplicate rows...
2026-05-08 17:19:30,462 - transform - INFO - 1224 row was removed because is duplicated
2026-05-08 17:19:30,829 - transform - INFO - 148767 unique rows
2026-05-08 17:19:30,829 - transform - INFO - updating Cancelled Rides by Customer row...
2026-05-08 17:19:31,581 - transform - INFO - 138271 row have null in Cancelled Rides by Customer before cleaning
2026-05-08 17:19:31,581 - transform - INFO - 0 row have null in Cancelled Rides by Customer after cleaning
2026-05-08 17:19:31,581 - transform - INFO - terminate updating Cancelled Rides by Customer row
2026-05-08 17:19:31,581 - transform - INFO - updating Reason for cancelling by Customer...
2026-05-08 17:19:32,512 - transform - INFO - 138271 row have null value in Reason for cancelling by Customer before cleaning
2026-05-08 17:19:32,512 - transform - INFO - 0 row have null value in Reason for cancelling by Customer have updated to other
2026-05-08 17:19:32,512 - transform - INFO - terminate updating Reason for cancelling by Customer row
2026-05-08 17:19:32,512 - transform - INFO - updating Cancelled Rides by Driver row...
2026-05-08 17:19:33,028 - transform - INFO - 121836 row have null in Cancelled Rides by Driver before cleaning
2026-05-08 17:19:33,029 - transform - INFO - 0 row have null in Cancelled Rides by Driver after cleaning
2026-05-08 17:19:33,029 - transform - INFO - terminate updating Cancelled Rides by Driver row
2026-05-08 17:19:33,029 - transform - INFO - updating Driver Cancellation Reason...
2026-05-08 17:19:33,606 - transform - INFO - 121836 row have null value in Driver Cancellation Reason before cleaning
2026-05-08 17:19:33,606 - transform - INFO - 0 row have null value in Driver Cancellation Reason have updated to other
2026-05-08 17:19:33,606 - transform - INFO - terminate updating Driver Cancellation Reason row
2026-05-08 17:19:33,606 - transform - INFO - updating Incomplete Rides Reason row...
2026-05-08 17:19:34,130 - transform - INFO - 139819 row have null in Incomplete Rides Reason before cleaning
2026-05-08 17:19:34,131 - transform - INFO - 0 row have null in Incomplete Rides Reason after cleaning
2026-05-08 17:19:34,131 - transform - INFO - terminate updating Incomplete Rides Reason row
2026-05-08 17:19:34,131 - transform - INFO - updating Driver Ratings row...
2026-05-08 17:19:34,565 - transform - INFO - terminate updating Driver Ratings row
2026-05-08 17:19:50,060 - spark session - INFO - Start to connecting to Spark...
2026-05-08 17:19:54,982 - spark session - INFO - Connected To Spark
2026-05-08 17:19:54,982 - transform - INFO - get information about dataset...
2026-05-08 17:19:55,309 - transform - INFO - count of rows before cleaning and duplicating : 150000
2026-05-08 17:19:55,309 - transform - INFO - type of columns [('Date', 'string'), ('Time', 'timestamp'), ('Booking ID', 'string'), ('Booking Status', 'string'), ('Customer ID', 'string'), ('Vehicle Type', 'string'), ('Pickup Location', 'string'), ('Drop Location', 'string'), ('Cancelled Rides by Customer', 'int'), ('Reason for cancelling by Customer', 'string'), ('Cancelled Rides by Driver', 'int'), ('Driver Cancellation Reason', 'string'), ('Incomplete Rides', 'int'), ('Incomplete Rides Reason', 'string'), ('Booking Value', 'int'), ('Ride Distance', 'double'), ('Driver Ratings', 'double'), ('Customer Rating', 'double'), ('Payment Method', 'string')]
2026-05-08 17:19:55,309 - transform - INFO - remove duplicate rows...
2026-05-08 17:19:56,142 - transform - INFO - 1224 row was removed because is duplicated
2026-05-08 17:19:56,496 - transform - INFO - 148767 unique rows
2026-05-08 17:19:56,496 - transform - INFO - updating Cancelled Rides by Customer row...
2026-05-08 17:19:57,222 - transform - INFO - 138271 row have null in Cancelled Rides by Customer before cleaning
2026-05-08 17:19:57,222 - transform - INFO - 0 row have null in Cancelled Rides by Customer after cleaning
2026-05-08 17:19:57,222 - transform - INFO - terminate updating Cancelled Rides by Customer row
2026-05-08 17:19:57,222 - transform - INFO - updating Reason for cancelling by Customer...
2026-05-08 17:19:58,136 - transform - INFO - 138271 row have null value in Reason for cancelling by Customer before cleaning
2026-05-08 17:19:58,136 - transform - INFO - 0 row have null value in Reason for cancelling by Customer have updated to other
2026-05-08 17:19:58,136 - transform - INFO - terminate updating Reason for cancelling by Customer row
2026-05-08 17:19:58,136 - transform - INFO - updating Cancelled Rides by Driver row...
2026-05-08 17:19:58,668 - transform - INFO - 121836 row have null in Cancelled Rides by Driver before cleaning
2026-05-08 17:19:58,669 - transform - INFO - 0 row have null in Cancelled Rides by Driver after cleaning
2026-05-08 17:19:58,669 - transform - INFO - terminate updating Cancelled Rides by Driver row
2026-05-08 17:19:58,669 - transform - INFO - updating Driver Cancellation Reason...
2026-05-08 17:19:59,206 - transform - INFO - 121836 row have null value in Driver Cancellation Reason before cleaning
2026-05-08 17:19:59,206 - transform - INFO - 0 row have null value in Driver Cancellation Reason have updated to other
2026-05-08 17:19:59,206 - transform - INFO - terminate updating Driver Cancellation Reason row
2026-05-08 17:19:59,206 - transform - INFO - updating Incomplete Rides Reason row...
2026-05-08 17:19:59,717 - transform - INFO - 139819 row have null in Incomplete Rides Reason before cleaning
2026-05-08 17:19:59,717 - transform - INFO - 0 row have null in Incomplete Rides Reason after cleaning
2026-05-08 17:19:59,717 - transform - INFO - terminate updating Incomplete Rides Reason row
2026-05-08 17:19:59,717 - transform - INFO - updating Driver Ratings row...
2026-05-08 17:20:00,647 - transform - INFO - 56817 row have null value in Driver Ratings before cleaning
2026-05-08 17:20:00,647 - transform - INFO - 0 row have null value in Driver Ratings after cleaning
2026-05-08 17:20:00,647 - transform - INFO - terminate updating Driver Ratings row
2026-05-08 17:20:09,532 - spark session - INFO - Start to connecting to Spark...
2026-05-08 17:20:14,659 - spark session - INFO - Connected To Spark
2026-05-08 17:20:14,659 - transform - INFO - get information about dataset...
2026-05-08 17:20:15,038 - transform - INFO - count of rows before cleaning and duplicating : 150000
2026-05-08 17:20:15,038 - transform - INFO - type of columns [('Date', 'string'), ('Time', 'timestamp'), ('Booking ID', 'string'), ('Booking Status', 'string'), ('Customer ID', 'string'), ('Vehicle Type', 'string'), ('Pickup Location', 'string'), ('Drop Location', 'string'), ('Cancelled Rides by Customer', 'int'), ('Reason for cancelling by Customer', 'string'), ('Cancelled Rides by Driver', 'int'), ('Driver Cancellation Reason', 'string'), ('Incomplete Rides', 'int'), ('Incomplete Rides Reason', 'string'), ('Booking Value', 'int'), ('Ride Distance', 'double'), ('Driver Ratings', 'double'), ('Customer Rating', 'double'), ('Payment Method', 'string')]
2026-05-08 17:20:15,038 - transform - INFO - remove duplicate rows...
2026-05-08 17:20:15,878 - transform - INFO - 1224 row was removed because is duplicated
2026-05-08 17:20:16,271 - transform - INFO - 148767 unique rows
2026-05-08 17:20:16,271 - transform - INFO - updating Cancelled Rides by Customer row...
2026-05-08 17:20:17,016 - transform - INFO - 138271 row have null in Cancelled Rides by Customer before cleaning
2026-05-08 17:20:17,016 - transform - INFO - 0 row have null in Cancelled Rides by Customer after cleaning
2026-05-08 17:20:17,016 - transform - INFO - terminate updating Cancelled Rides by Customer row
2026-05-08 17:20:17,016 - transform - INFO - updating Reason for cancelling by Customer...
2026-05-08 17:20:17,880 - transform - INFO - 138271 row have null value in Reason for cancelling by Customer before cleaning
2026-05-08 17:20:17,880 - transform - INFO - 0 row have null value in Reason for cancelling by Customer have updated to other
2026-05-08 17:20:17,880 - transform - INFO - terminate updating Reason for cancelling by Customer row
2026-05-08 17:20:17,880 - transform - INFO - updating Cancelled Rides by Driver row...
2026-05-08 17:20:18,375 - transform - INFO - 121836 row have null in Cancelled Rides by Driver before cleaning
2026-05-08 17:20:18,375 - transform - INFO - 0 row have null in Cancelled Rides by Driver after cleaning
2026-05-08 17:20:18,375 - transform - INFO - terminate updating Cancelled Rides by Driver row
2026-05-08 17:20:18,375 - transform - INFO - updating Driver Cancellation Reason...
2026-05-08 17:20:18,945 - transform - INFO - 121836 row have null value in Driver Cancellation Reason before cleaning
2026-05-08 17:20:18,945 - transform - INFO - 0 row have null value in Driver Cancellation Reason have updated to other
2026-05-08 17:20:18,945 - transform - INFO - terminate updating Driver Cancellation Reason row
2026-05-08 17:20:18,945 - transform - INFO - updating Incomplete Rides Reason row...
2026-05-08 17:20:19,487 - transform - INFO - 139819 row have null in Incomplete Rides Reason before cleaning
2026-05-08 17:20:19,487 - transform - INFO - 0 row have null in Incomplete Rides Reason after cleaning
2026-05-08 17:20:19,487 - transform - INFO - terminate updating Incomplete Rides Reason row
2026-05-08 17:20:19,487 - transform - INFO - updating Driver Ratings row...
2026-05-08 17:20:25,545 - spark session - INFO - Start to connecting to Spark...
2026-05-08 17:20:30,412 - spark session - INFO - Connected To Spark
2026-05-08 17:20:30,412 - transform - INFO - get information about dataset...
2026-05-08 17:20:30,778 - transform - INFO - count of rows before cleaning and duplicating : 150000
2026-05-08 17:20:30,778 - transform - INFO - type of columns [('Date', 'string'), ('Time', 'timestamp'), ('Booking ID', 'string'), ('Booking Status', 'string'), ('Customer ID', 'string'), ('Vehicle Type', 'string'), ('Pickup Location', 'string'), ('Drop Location', 'string'), ('Cancelled Rides by Customer', 'int'), ('Reason for cancelling by Customer', 'string'), ('Cancelled Rides by Driver', 'int'), ('Driver Cancellation Reason', 'string'), ('Incomplete Rides', 'int'), ('Incomplete Rides Reason', 'string'), ('Booking Value', 'int'), ('Ride Distance', 'double'), ('Driver Ratings', 'double'), ('Customer Rating', 'double'), ('Payment Method', 'string')]
2026-05-08 17:20:30,778 - transform - INFO - remove duplicate rows...
2026-05-08 17:20:31,792 - transform - INFO - 1224 row was removed because is duplicated
2026-05-08 17:20:32,187 - transform - INFO - 148767 unique rows
2026-05-08 17:20:32,187 - transform - INFO - updating Cancelled Rides by Customer row...
2026-05-08 17:20:32,970 - transform - INFO - 138271 row have null in Cancelled Rides by Customer before cleaning
2026-05-08 17:20:32,970 - transform - INFO - 0 row have null in Cancelled Rides by Customer after cleaning
2026-05-08 17:20:32,970 - transform - INFO - terminate updating Cancelled Rides by Customer row
2026-05-08 17:20:32,970 - transform - INFO - updating Reason for cancelling by Customer...
2026-05-08 17:20:33,877 - transform - INFO - 138271 row have null value in Reason for cancelling by Customer before cleaning
2026-05-08 17:20:33,877 - transform - INFO - 0 row have null value in Reason for cancelling by Customer have updated to other
2026-05-08 17:20:33,877 - transform - INFO - terminate updating Reason for cancelling by Customer row
2026-05-08 17:20:33,877 - transform - INFO - updating Cancelled Rides by Driver row...
2026-05-08 17:20:34,395 - transform - INFO - 121836 row have null in Cancelled Rides by Driver before cleaning
2026-05-08 17:20:34,395 - transform - INFO - 0 row have null in Cancelled Rides by Driver after cleaning
2026-05-08 17:20:34,395 - transform - INFO - terminate updating Cancelled Rides by Driver row
2026-05-08 17:20:34,395 - transform - INFO - updating Driver Cancellation Reason...
2026-05-08 17:20:34,932 - transform - INFO - 121836 row have null value in Driver Cancellation Reason before cleaning
2026-05-08 17:20:34,932 - transform - INFO - 0 row have null value in Driver Cancellation Reason have updated to other
2026-05-08 17:20:34,932 - transform - INFO - terminate updating Driver Cancellation Reason row
2026-05-08 17:20:34,932 - transform - INFO - updating Incomplete Rides Reason row...
2026-05-08 17:20:35,445 - transform - INFO - 139819 row have null in Incomplete Rides Reason before cleaning
2026-05-08 17:20:35,445 - transform - INFO - 0 row have null in Incomplete Rides Reason after cleaning
2026-05-08 17:20:35,445 - transform - INFO - terminate updating Incomplete Rides Reason row
2026-05-08 17:20:35,445 - transform - INFO - updating Driver Ratings row...
2026-05-08 17:20:36,441 - transform - INFO - 56817 row have null value in Driver Ratings before cleaning
2026-05-08 17:20:36,441 - transform - INFO - 0 row have null value in Driver Ratings after cleaning
2026-05-08 17:20:36,441 - transform - INFO - terminate updating Driver Ratings row
2026-05-08 17:20:53,435 - spark session - INFO - Start to connecting to Spark...
2026-05-08 17:20:58,643 - spark session - INFO - Connected To Spark
2026-05-08 17:20:58,644 - transform - INFO - get information about dataset...
2026-05-08 17:20:58,954 - transform - INFO - count of rows before cleaning and duplicating : 150000
2026-05-08 17:20:58,954 - transform - INFO - type of columns [('Date', 'string'), ('Time', 'timestamp'), ('Booking ID', 'string'), ('Booking Status', 'string'), ('Customer ID', 'string'), ('Vehicle Type', 'string'), ('Pickup Location', 'string'), ('Drop Location', 'string'), ('Cancelled Rides by Customer', 'int'), ('Reason for cancelling by Customer', 'string'), ('Cancelled Rides by Driver', 'int'), ('Driver Cancellation Reason', 'string'), ('Incomplete Rides', 'int'), ('Incomplete Rides Reason', 'string'), ('Booking Value', 'int'), ('Ride Distance', 'double'), ('Driver Ratings', 'double'), ('Customer Rating', 'double'), ('Payment Method', 'string')]
2026-05-08 17:20:58,954 - transform - INFO - remove duplicate rows...
2026-05-08 17:20:59,813 - transform - INFO - 1224 row was removed because is duplicated
2026-05-08 17:21:00,193 - transform - INFO - 148767 unique rows
2026-05-08 17:21:00,193 - transform - INFO - updating Cancelled Rides by Customer row...
2026-05-08 17:21:00,944 - transform - INFO - 138271 row have null in Cancelled Rides by Customer before cleaning
2026-05-08 17:21:00,944 - transform - INFO - 0 row have null in Cancelled Rides by Customer after cleaning
2026-05-08 17:21:00,944 - transform - INFO - terminate updating Cancelled Rides by Customer row
2026-05-08 17:21:00,944 - transform - INFO - updating Reason for cancelling by Customer...
2026-05-08 17:21:01,883 - transform - INFO - 138271 row have null value in Reason for cancelling by Customer before cleaning
2026-05-08 17:21:01,883 - transform - INFO - 0 row have null value in Reason for cancelling by Customer have updated to other
2026-05-08 17:21:01,883 - transform - INFO - terminate updating Reason for cancelling by Customer row
2026-05-08 17:21:01,883 - transform - INFO - updating Cancelled Rides by Driver row...
2026-05-08 17:21:02,412 - transform - INFO - 121836 row have null in Cancelled Rides by Driver before cleaning
2026-05-08 17:21:02,412 - transform - INFO - 0 row have null in Cancelled Rides by Driver after cleaning
2026-05-08 17:21:02,412 - transform - INFO - terminate updating Cancelled Rides by Driver row
2026-05-08 17:21:02,412 - transform - INFO - updating Driver Cancellation Reason...
2026-05-08 17:21:02,970 - transform - INFO - 121836 row have null value in Driver Cancellation Reason before cleaning
2026-05-08 17:21:02,970 - transform - INFO - 0 row have null value in Driver Cancellation Reason have updated to other
2026-05-08 17:21:02,970 - transform - INFO - terminate updating Driver Cancellation Reason row
2026-05-08 17:21:02,971 - transform - INFO - updating Incomplete Rides Reason row...
2026-05-08 17:21:03,500 - transform - INFO - 139819 row have null in Incomplete Rides Reason before cleaning
2026-05-08 17:21:03,501 - transform - INFO - 0 row have null in Incomplete Rides Reason after cleaning
2026-05-08 17:21:03,501 - transform - INFO - terminate updating Incomplete Rides Reason row
2026-05-08 17:21:03,501 - transform - INFO - updating Driver Ratings row...
2026-05-08 17:21:05,321 - transform - INFO - 56817 row have null value in Driver Ratings before cleaning
2026-05-08 17:21:05,321 - transform - INFO - 0 row have null value in Driver Ratings after cleaning
2026-05-08 17:21:05,321 - transform - INFO - terminate updating Driver Ratings row
2026-05-08 17:21:30,048 - spark session - INFO - Start to connecting to Spark...
2026-05-08 17:21:35,286 - spark session - INFO - Connected To Spark
2026-05-08 17:21:35,286 - transform - INFO - get information about dataset...
2026-05-08 17:21:35,612 - transform - INFO - count of rows before cleaning and duplicating : 150000
2026-05-08 17:21:35,612 - transform - INFO - type of columns [('Date', 'string'), ('Time', 'timestamp'), ('Booking ID', 'string'), ('Booking Status', 'string'), ('Customer ID', 'string'), ('Vehicle Type', 'string'), ('Pickup Location', 'string'), ('Drop Location', 'string'), ('Cancelled Rides by Customer', 'int'), ('Reason for cancelling by Customer', 'string'), ('Cancelled Rides by Driver', 'int'), ('Driver Cancellation Reason', 'string'), ('Incomplete Rides', 'int'), ('Incomplete Rides Reason', 'string'), ('Booking Value', 'int'), ('Ride Distance', 'double'), ('Driver Ratings', 'double'), ('Customer Rating', 'double'), ('Payment Method', 'string')]
2026-05-08 17:21:35,612 - transform - INFO - remove duplicate rows...
2026-05-08 17:21:36,469 - transform - INFO - 1224 row was removed because is duplicated
2026-05-08 17:21:36,807 - transform - INFO - 148767 unique rows
2026-05-08 17:21:36,807 - transform - INFO - updating Cancelled Rides by Customer row...
2026-05-08 17:21:37,539 - transform - INFO - 138271 row have null in Cancelled Rides by Customer before cleaning
2026-05-08 17:21:37,539 - transform - INFO - 0 row have null in Cancelled Rides by Customer after cleaning
2026-05-08 17:21:37,539 - transform - INFO - terminate updating Cancelled Rides by Customer row
2026-05-08 17:21:37,539 - transform - INFO - updating Reason for cancelling by Customer...
2026-05-08 17:21:38,407 - transform - INFO - 138271 row have null value in Reason for cancelling by Customer before cleaning
2026-05-08 17:21:38,408 - transform - INFO - 0 row have null value in Reason for cancelling by Customer have updated to other
2026-05-08 17:21:38,408 - transform - INFO - terminate updating Reason for cancelling by Customer row
2026-05-08 17:21:38,408 - transform - INFO - updating Cancelled Rides by Driver row...
2026-05-08 17:21:38,913 - transform - INFO - 121836 row have null in Cancelled Rides by Driver before cleaning
2026-05-08 17:21:38,913 - transform - INFO - 0 row have null in Cancelled Rides by Driver after cleaning
2026-05-08 17:21:38,913 - transform - INFO - terminate updating Cancelled Rides by Driver row
2026-05-08 17:21:38,913 - transform - INFO - updating Driver Cancellation Reason...
2026-05-08 17:21:39,495 - transform - INFO - 121836 row have null value in Driver Cancellation Reason before cleaning
2026-05-08 17:21:39,495 - transform - INFO - 0 row have null value in Driver Cancellation Reason have updated to other
2026-05-08 17:21:39,495 - transform - INFO - terminate updating Driver Cancellation Reason row
2026-05-08 17:21:39,495 - transform - INFO - updating Incomplete Rides Reason row...
2026-05-08 17:21:40,019 - transform - INFO - 139819 row have null in Incomplete Rides Reason before cleaning
2026-05-08 17:21:40,019 - transform - INFO - 0 row have null in Incomplete Rides Reason after cleaning
2026-05-08 17:21:40,020 - transform - INFO - terminate updating Incomplete Rides Reason row
2026-05-08 17:21:40,020 - transform - INFO - updating Driver Ratings row...
2026-05-08 17:21:40,962 - transform - INFO - 56817 row have null value in Driver Ratings before cleaning
2026-05-08 17:21:40,962 - transform - INFO - 0 row have null value in Driver Ratings after cleaning
2026-05-08 17:21:40,962 - transform - INFO - terminate updating Driver Ratings row
2026-05-08 17:23:23,471 - spark session - INFO - Start to connecting to Spark...
2026-05-08 17:23:29,792 - spark session - INFO - Connected To Spark
2026-05-08 17:23:29,792 - transform - INFO - get information about dataset...
2026-05-08 17:23:30,148 - transform - INFO - count of rows before cleaning and duplicating : 150000
2026-05-08 17:23:30,148 - transform - INFO - type of columns [('Date', 'string'), ('Time', 'timestamp'), ('Booking ID', 'string'), ('Booking Status', 'string'), ('Customer ID', 'string'), ('Vehicle Type', 'string'), ('Pickup Location', 'string'), ('Drop Location', 'string'), ('Cancelled Rides by Customer', 'int'), ('Reason for cancelling by Customer', 'string'), ('Cancelled Rides by Driver', 'int'), ('Driver Cancellation Reason', 'string'), ('Incomplete Rides', 'int'), ('Incomplete Rides Reason', 'string'), ('Booking Value', 'int'), ('Ride Distance', 'double'), ('Driver Ratings', 'double'), ('Customer Rating', 'double'), ('Payment Method', 'string')]
2026-05-08 17:23:30,148 - transform - INFO - remove duplicate rows...
2026-05-08 17:23:31,045 - transform - INFO - 1224 row was removed because is duplicated
2026-05-08 17:23:31,418 - transform - INFO - 148767 unique rows
2026-05-08 17:23:31,418 - transform - INFO - updating Cancelled Rides by Customer row...
2026-05-08 17:23:32,221 - transform - INFO - 138271 row have null in Cancelled Rides by Customer before cleaning
2026-05-08 17:23:32,221 - transform - INFO - 0 row have null in Cancelled Rides by Customer after cleaning
2026-05-08 17:23:32,221 - transform - INFO - terminate updating Cancelled Rides by Customer row
2026-05-08 17:23:32,221 - transform - INFO - updating Reason for cancelling by Customer...
2026-05-08 17:23:33,127 - transform - INFO - 138271 row have null value in Reason for cancelling by Customer before cleaning
2026-05-08 17:23:33,127 - transform - INFO - 0 row have null value in Reason for cancelling by Customer have updated to other
2026-05-08 17:23:33,127 - transform - INFO - terminate updating Reason for cancelling by Customer row
2026-05-08 17:23:33,127 - transform - INFO - updating Cancelled Rides by Driver row...
2026-05-08 17:23:33,763 - transform - INFO - 121836 row have null in Cancelled Rides by Driver before cleaning
2026-05-08 17:23:33,763 - transform - INFO - 0 row have null in Cancelled Rides by Driver after cleaning
2026-05-08 17:23:33,763 - transform - INFO - terminate updating Cancelled Rides by Driver row
2026-05-08 17:23:33,763 - transform - INFO - updating Driver Cancellation Reason...
2026-05-08 17:23:34,363 - transform - INFO - 121836 row have null value in Driver Cancellation Reason before cleaning
2026-05-08 17:23:34,364 - transform - INFO - 0 row have null value in Driver Cancellation Reason have updated to other
2026-05-08 17:23:34,364 - transform - INFO - terminate updating Driver Cancellation Reason row
2026-05-08 17:23:34,364 - transform - INFO - updating Incomplete Rides Reason row...
2026-05-08 17:23:34,928 - transform - INFO - 139819 row have null in Incomplete Rides Reason before cleaning
2026-05-08 17:23:34,928 - transform - INFO - 0 row have null in Incomplete Rides Reason after cleaning
2026-05-08 17:23:34,928 - transform - INFO - terminate updating Incomplete Rides Reason row
2026-05-08 17:23:34,928 - transform - INFO - updating Driver Ratings row...
2026-05-08 17:23:36,590 - transform - INFO - 56817 row have null value in Driver Ratings before cleaning
2026-05-08 17:23:36,592 - transform - INFO - 0 row have null value in Driver Ratings after cleaning
2026-05-08 17:23:36,592 - transform - INFO - terminate updating Driver Ratings row
2026-05-08 17:24:32,327 - spark session - INFO - Start to connecting to Spark...
2026-05-08 17:24:38,562 - spark session - INFO - Connected To Spark
2026-05-08 17:24:38,562 - transform - INFO - get information about dataset...
2026-05-08 17:24:38,961 - transform - INFO - count of rows before cleaning and duplicating : 150000
2026-05-08 17:24:38,961 - transform - INFO - type of columns [('Date', 'string'), ('Time', 'timestamp'), ('Booking ID', 'string'), ('Booking Status', 'string'), ('Customer ID', 'string'), ('Vehicle Type', 'string'), ('Pickup Location', 'string'), ('Drop Location', 'string'), ('Cancelled Rides by Customer', 'int'), ('Reason for cancelling by Customer', 'string'), ('Cancelled Rides by Driver', 'int'), ('Driver Cancellation Reason', 'string'), ('Incomplete Rides', 'int'), ('Incomplete Rides Reason', 'string'), ('Booking Value', 'int'), ('Ride Distance', 'double'), ('Driver Ratings', 'double'), ('Customer Rating', 'double'), ('Payment Method', 'string')]
2026-05-08 17:24:38,961 - transform - INFO - remove duplicate rows...
2026-05-08 17:24:39,956 - transform - INFO - 1224 row was removed because is duplicated
2026-05-08 17:24:40,309 - transform - INFO - 148767 unique rows
2026-05-08 17:24:40,309 - transform - INFO - updating Cancelled Rides by Customer row...
2026-05-08 17:24:41,058 - transform - INFO - 138271 row have null in Cancelled Rides by Customer before cleaning
2026-05-08 17:24:41,058 - transform - INFO - 0 row have null in Cancelled Rides by Customer after cleaning
2026-05-08 17:24:41,058 - transform - INFO - terminate updating Cancelled Rides by Customer row
2026-05-08 17:24:41,058 - transform - INFO - updating Reason for cancelling by Customer...
2026-05-08 17:24:42,119 - transform - INFO - 138271 row have null value in Reason for cancelling by Customer before cleaning
2026-05-08 17:24:42,119 - transform - INFO - 0 row have null value in Reason for cancelling by Customer have updated to other
2026-05-08 17:24:42,119 - transform - INFO - terminate updating Reason for cancelling by Customer row
2026-05-08 17:24:42,119 - transform - INFO - updating Cancelled Rides by Driver row...
2026-05-08 17:24:42,675 - transform - INFO - 121836 row have null in Cancelled Rides by Driver before cleaning
2026-05-08 17:24:42,676 - transform - INFO - 0 row have null in Cancelled Rides by Driver after cleaning
2026-05-08 17:24:42,676 - transform - INFO - terminate updating Cancelled Rides by Driver row
2026-05-08 17:24:42,676 - transform - INFO - updating Driver Cancellation Reason...
2026-05-08 17:24:43,288 - transform - INFO - 121836 row have null value in Driver Cancellation Reason before cleaning
2026-05-08 17:24:43,288 - transform - INFO - 0 row have null value in Driver Cancellation Reason have updated to other
2026-05-08 17:24:43,289 - transform - INFO - terminate updating Driver Cancellation Reason row
2026-05-08 17:24:43,289 - transform - INFO - updating Incomplete Rides Reason row...
2026-05-08 17:24:43,913 - transform - INFO - 139819 row have null in Incomplete Rides Reason before cleaning
2026-05-08 17:24:43,913 - transform - INFO - 0 row have null in Incomplete Rides Reason after cleaning
2026-05-08 17:24:43,913 - transform - INFO - terminate updating Incomplete Rides Reason row
2026-05-08 17:24:43,913 - transform - INFO - updating Driver Ratings row...
2026-05-08 17:24:45,460 - transform - INFO - 56817 row have null value in Driver Ratings before cleaning
2026-05-08 17:24:45,461 - transform - INFO - 0 row have null value in Driver Ratings after cleaning
2026-05-08 17:24:45,461 - transform - INFO - terminate updating Driver Ratings row
2026-05-08 17:26:03,356 - spark session - INFO - Start to connecting to Spark...
2026-05-08 17:26:09,340 - spark session - INFO - Connected To Spark
2026-05-08 17:26:09,340 - transform - INFO - get information about dataset...
2026-05-08 17:26:09,826 - transform - INFO - count of rows before cleaning and duplicating : 150000
2026-05-08 17:26:09,826 - transform - INFO - type of columns [('Date', 'string'), ('Time', 'timestamp'), ('Booking ID', 'string'), ('Booking Status', 'string'), ('Customer ID', 'string'), ('Vehicle Type', 'string'), ('Pickup Location', 'string'), ('Drop Location', 'string'), ('Cancelled Rides by Customer', 'int'), ('Reason for cancelling by Customer', 'string'), ('Cancelled Rides by Driver', 'int'), ('Driver Cancellation Reason', 'string'), ('Incomplete Rides', 'int'), ('Incomplete Rides Reason', 'string'), ('Booking Value', 'int'), ('Ride Distance', 'double'), ('Driver Ratings', 'double'), ('Customer Rating', 'double'), ('Payment Method', 'string')]
2026-05-08 17:26:09,826 - transform - INFO - remove duplicate rows...
2026-05-08 17:26:10,797 - transform - INFO - 1224 row was removed because is duplicated
2026-05-08 17:26:11,167 - transform - INFO - 148767 unique rows
2026-05-08 17:26:11,167 - transform - INFO - updating Cancelled Rides by Customer row...
2026-05-08 17:26:11,923 - transform - INFO - 138271 row have null in Cancelled Rides by Customer before cleaning
2026-05-08 17:26:11,923 - transform - INFO - 0 row have null in Cancelled Rides by Customer after cleaning
2026-05-08 17:26:11,923 - transform - INFO - terminate updating Cancelled Rides by Customer row
2026-05-08 17:26:11,923 - transform - INFO - updating Reason for cancelling by Customer...
2026-05-08 17:26:12,905 - transform - INFO - 138271 row have null value in Reason for cancelling by Customer before cleaning
2026-05-08 17:26:12,905 - transform - INFO - 0 row have null value in Reason for cancelling by Customer have updated to other
2026-05-08 17:26:12,905 - transform - INFO - terminate updating Reason for cancelling by Customer row
2026-05-08 17:26:12,905 - transform - INFO - updating Cancelled Rides by Driver row...
2026-05-08 17:26:13,498 - transform - INFO - 121836 row have null in Cancelled Rides by Driver before cleaning
2026-05-08 17:26:13,498 - transform - INFO - 0 row have null in Cancelled Rides by Driver after cleaning
2026-05-08 17:26:13,498 - transform - INFO - terminate updating Cancelled Rides by Driver row
2026-05-08 17:26:13,498 - transform - INFO - updating Driver Cancellation Reason...
2026-05-08 17:26:14,071 - transform - INFO - 121836 row have null value in Driver Cancellation Reason before cleaning
2026-05-08 17:26:14,071 - transform - INFO - 0 row have null value in Driver Cancellation Reason have updated to other
2026-05-08 17:26:14,071 - transform - INFO - terminate updating Driver Cancellation Reason row
2026-05-08 17:26:14,071 - transform - INFO - updating Incomplete Rides Reason row...
2026-05-08 17:26:14,677 - transform - INFO - 139819 row have null in Incomplete Rides Reason before cleaning
2026-05-08 17:26:14,677 - transform - INFO - 0 row have null in Incomplete Rides Reason after cleaning
2026-05-08 17:26:14,677 - transform - INFO - terminate updating Incomplete Rides Reason row
2026-05-08 17:26:14,677 - transform - INFO - updating Driver Ratings row...
2026-05-08 17:26:15,425 - transform - INFO - round the Driver Ratings value to 2 number after the comma...
2026-05-08 17:26:15,761 - transform - INFO - 56817 row have null value in Driver Ratings before cleaning
2026-05-08 17:26:15,761 - transform - INFO - 0 row have null value in Driver Ratings after cleaning
2026-05-08 17:26:15,761 - transform - INFO - terminate updating Driver Ratings row
2026-05-08 17:27:23,207 - spark session - INFO - Start to connecting to Spark...
2026-05-08 17:27:29,426 - spark session - INFO - Connected To Spark
2026-05-08 17:27:29,426 - transform - INFO - get information about dataset...
2026-05-08 17:27:29,741 - transform - INFO - count of rows before cleaning and duplicating : 150000
2026-05-08 17:27:29,741 - transform - INFO - type of columns [('Date', 'string'), ('Time', 'timestamp'), ('Booking ID', 'string'), ('Booking Status', 'string'), ('Customer ID', 'string'), ('Vehicle Type', 'string'), ('Pickup Location', 'string'), ('Drop Location', 'string'), ('Cancelled Rides by Customer', 'int'), ('Reason for cancelling by Customer', 'string'), ('Cancelled Rides by Driver', 'int'), ('Driver Cancellation Reason', 'string'), ('Incomplete Rides', 'int'), ('Incomplete Rides Reason', 'string'), ('Booking Value', 'int'), ('Ride Distance', 'double'), ('Driver Ratings', 'double'), ('Customer Rating', 'double'), ('Payment Method', 'string')]
2026-05-08 17:27:29,741 - transform - INFO - remove duplicate rows...
2026-05-08 17:27:30,571 - transform - INFO - 1224 row was removed because is duplicated
2026-05-08 17:27:30,930 - transform - INFO - 148767 unique rows
2026-05-08 17:27:30,930 - transform - INFO - updating Cancelled Rides by Customer row...
2026-05-08 17:27:31,854 - transform - INFO - 138271 row have null in Cancelled Rides by Customer before cleaning
2026-05-08 17:27:31,854 - transform - INFO - 0 row have null in Cancelled Rides by Customer after cleaning
2026-05-08 17:27:31,854 - transform - INFO - terminate updating Cancelled Rides by Customer row
2026-05-08 17:27:31,854 - transform - INFO - updating Reason for cancelling by Customer...
2026-05-08 17:27:32,952 - transform - INFO - 138271 row have null value in Reason for cancelling by Customer before cleaning
2026-05-08 17:27:32,952 - transform - INFO - 0 row have null value in Reason for cancelling by Customer have updated to other
2026-05-08 17:27:32,952 - transform - INFO - terminate updating Reason for cancelling by Customer row
2026-05-08 17:27:32,952 - transform - INFO - updating Cancelled Rides by Driver row...
2026-05-08 17:27:33,496 - transform - INFO - 121836 row have null in Cancelled Rides by Driver before cleaning
2026-05-08 17:27:33,496 - transform - INFO - 0 row have null in Cancelled Rides by Driver after cleaning
2026-05-08 17:27:33,496 - transform - INFO - terminate updating Cancelled Rides by Driver row
2026-05-08 17:27:33,496 - transform - INFO - updating Driver Cancellation Reason...
2026-05-08 17:27:34,088 - transform - INFO - 121836 row have null value in Driver Cancellation Reason before cleaning
2026-05-08 17:27:34,088 - transform - INFO - 0 row have null value in Driver Cancellation Reason have updated to other
2026-05-08 17:27:34,088 - transform - INFO - terminate updating Driver Cancellation Reason row
2026-05-08 17:27:34,089 - transform - INFO - updating Incomplete Rides Reason row...
2026-05-08 17:27:34,694 - transform - INFO - 139819 row have null in Incomplete Rides Reason before cleaning
2026-05-08 17:27:34,694 - transform - INFO - 0 row have null in Incomplete Rides Reason after cleaning
2026-05-08 17:27:34,694 - transform - INFO - terminate updating Incomplete Rides Reason row
2026-05-08 17:27:34,694 - transform - INFO - updating Driver Ratings row...
2026-05-08 17:27:35,426 - transform - INFO - round the Driver Ratings value to 2 number after the comma...
2026-05-08 17:27:35,770 - transform - INFO - 56817 row have null value in Driver Ratings before cleaning
2026-05-08 17:27:35,770 - transform - INFO - 0 row have null value in Driver Ratings after cleaning
2026-05-08 17:27:35,770 - transform - INFO - terminate updating Driver Ratings row
2026-05-08 17:27:35,770 - transform - INFO - updating Customer Ratings row...
2026-05-08 17:29:23,068 - spark session - INFO - Start to connecting to Spark...
2026-05-08 17:29:29,369 - spark session - INFO - Connected To Spark
2026-05-08 17:29:29,369 - transform - INFO - get information about dataset...
2026-05-08 17:29:29,732 - transform - INFO - count of rows before cleaning and duplicating : 150000
2026-05-08 17:29:29,732 - transform - INFO - type of columns [('Date', 'string'), ('Time', 'timestamp'), ('Booking ID', 'string'), ('Booking Status', 'string'), ('Customer ID', 'string'), ('Vehicle Type', 'string'), ('Pickup Location', 'string'), ('Drop Location', 'string'), ('Cancelled Rides by Customer', 'int'), ('Reason for cancelling by Customer', 'string'), ('Cancelled Rides by Driver', 'int'), ('Driver Cancellation Reason', 'string'), ('Incomplete Rides', 'int'), ('Incomplete Rides Reason', 'string'), ('Booking Value', 'int'), ('Ride Distance', 'double'), ('Driver Ratings', 'double'), ('Customer Rating', 'double'), ('Payment Method', 'string')]
2026-05-08 17:29:29,732 - transform - INFO - remove duplicate rows...
2026-05-08 17:29:30,680 - transform - INFO - 1224 row was removed because is duplicated
2026-05-08 17:29:31,060 - transform - INFO - 148767 unique rows
2026-05-08 17:29:31,060 - transform - INFO - updating Cancelled Rides by Customer row...
2026-05-08 17:29:31,890 - transform - INFO - 138271 row have null in Cancelled Rides by Customer before cleaning
2026-05-08 17:29:31,890 - transform - INFO - 0 row have null in Cancelled Rides by Customer after cleaning
2026-05-08 17:29:31,890 - transform - INFO - terminate updating Cancelled Rides by Customer row
2026-05-08 17:29:31,890 - transform - INFO - updating Reason for cancelling by Customer...
2026-05-08 17:29:32,830 - transform - INFO - 138271 row have null value in Reason for cancelling by Customer before cleaning
2026-05-08 17:29:32,830 - transform - INFO - 0 row have null value in Reason for cancelling by Customer have updated to other
2026-05-08 17:29:32,830 - transform - INFO - terminate updating Reason for cancelling by Customer row
2026-05-08 17:29:32,830 - transform - INFO - updating Cancelled Rides by Driver row...
2026-05-08 17:29:33,351 - transform - INFO - 121836 row have null in Cancelled Rides by Driver before cleaning
2026-05-08 17:29:33,351 - transform - INFO - 0 row have null in Cancelled Rides by Driver after cleaning
2026-05-08 17:29:33,351 - transform - INFO - terminate updating Cancelled Rides by Driver row
2026-05-08 17:29:33,351 - transform - INFO - updating Driver Cancellation Reason...
2026-05-08 17:29:33,928 - transform - INFO - 121836 row have null value in Driver Cancellation Reason before cleaning
2026-05-08 17:29:33,928 - transform - INFO - 0 row have null value in Driver Cancellation Reason have updated to other
2026-05-08 17:29:33,928 - transform - INFO - terminate updating Driver Cancellation Reason row
2026-05-08 17:29:33,928 - transform - INFO - updating Incomplete Rides Reason row...
2026-05-08 17:29:34,468 - transform - INFO - 139819 row have null in Incomplete Rides Reason before cleaning
2026-05-08 17:29:34,468 - transform - INFO - 0 row have null in Incomplete Rides Reason after cleaning
2026-05-08 17:29:34,468 - transform - INFO - terminate updating Incomplete Rides Reason row
2026-05-08 17:29:34,468 - transform - INFO - updating Driver Ratings row...
2026-05-08 17:29:35,140 - transform - INFO - round the Driver Ratings value to 2 number after the comma...
2026-05-08 17:29:35,416 - transform - INFO - 56817 row have null value in Driver Ratings before cleaning
2026-05-08 17:29:35,416 - transform - INFO - 0 row have null value in Driver Ratings after cleaning
2026-05-08 17:29:35,416 - transform - INFO - terminate updating Driver Ratings row
2026-05-08 17:29:35,416 - transform - INFO - updating Customer Rating row...
2026-05-08 17:29:35,911 - transform - INFO - round the Customer Rating value to 2 number after the comma...
2026-05-08 17:29:36,155 - transform - INFO - 56817 row have null value in Customer Rating before cleaning
2026-05-08 17:29:36,155 - transform - INFO - 0 row have null value in Customer Rating after cleaning
2026-05-08 17:29:36,155 - transform - INFO - terminate updating Customer Rating row
2026-05-08 17:34:57,046 - spark session - INFO - Start to connecting to Spark...
2026-05-08 17:35:03,305 - spark session - INFO - Connected To Spark
2026-05-08 17:35:03,306 - transform - INFO - get information about dataset...
2026-05-08 17:35:03,665 - transform - INFO - count of rows before cleaning and duplicating : 150000
2026-05-08 17:35:03,665 - transform - INFO - type of columns [('Date', 'string'), ('Time', 'timestamp'), ('Booking ID', 'string'), ('Booking Status', 'string'), ('Customer ID', 'string'), ('Vehicle Type', 'string'), ('Pickup Location', 'string'), ('Drop Location', 'string'), ('Cancelled Rides by Customer', 'int'), ('Reason for cancelling by Customer', 'string'), ('Cancelled Rides by Driver', 'int'), ('Driver Cancellation Reason', 'string'), ('Incomplete Rides', 'int'), ('Incomplete Rides Reason', 'string'), ('Booking Value', 'int'), ('Ride Distance', 'double'), ('Driver Ratings', 'double'), ('Customer Rating', 'double'), ('Payment Method', 'string')]
2026-05-08 17:35:03,665 - transform - INFO - remove duplicate rows...
2026-05-08 17:35:04,699 - transform - INFO - 1224 row was removed because is duplicated
2026-05-08 17:35:05,062 - transform - INFO - 148767 unique rows
2026-05-08 17:35:05,062 - transform - INFO - updating Cancelled Rides by Customer row...
2026-05-08 17:35:05,795 - transform - INFO - 138271 row have null in Cancelled Rides by Customer before cleaning
2026-05-08 17:35:05,795 - transform - INFO - 0 row have null in Cancelled Rides by Customer after cleaning
2026-05-08 17:35:05,795 - transform - INFO - terminate updating Cancelled Rides by Customer row
2026-05-08 17:35:05,795 - transform - INFO - updating Reason for cancelling by Customer...
2026-05-08 17:35:06,751 - transform - INFO - 138271 row have null value in Reason for cancelling by Customer before cleaning
2026-05-08 17:35:06,751 - transform - INFO - 0 row have null value in Reason for cancelling by Customer have updated to other
2026-05-08 17:35:06,751 - transform - INFO - terminate updating Reason for cancelling by Customer row
2026-05-08 17:35:06,751 - transform - INFO - updating Cancelled Rides by Driver row...
2026-05-08 17:35:07,313 - transform - INFO - 121836 row have null in Cancelled Rides by Driver before cleaning
2026-05-08 17:35:07,313 - transform - INFO - 0 row have null in Cancelled Rides by Driver after cleaning
2026-05-08 17:35:07,313 - transform - INFO - terminate updating Cancelled Rides by Driver row
2026-05-08 17:35:07,313 - transform - INFO - updating Driver Cancellation Reason...
2026-05-08 17:35:07,858 - transform - INFO - 121836 row have null value in Driver Cancellation Reason before cleaning
2026-05-08 17:35:07,858 - transform - INFO - 0 row have null value in Driver Cancellation Reason have updated to other
2026-05-08 17:35:07,858 - transform - INFO - terminate updating Driver Cancellation Reason row
2026-05-08 17:35:07,858 - transform - INFO - updating Incomplete Rides Reason row...
2026-05-08 17:35:08,382 - transform - INFO - 139819 row have null in Incomplete Rides Reason before cleaning
2026-05-08 17:35:08,382 - transform - INFO - 0 row have null in Incomplete Rides Reason after cleaning
2026-05-08 17:35:08,382 - transform - INFO - terminate updating Incomplete Rides Reason row
2026-05-08 17:35:08,382 - transform - INFO - updating Driver Ratings row...
2026-05-08 17:35:09,050 - transform - INFO - round the Driver Ratings value to 2 number after the comma...
2026-05-08 17:35:09,352 - transform - INFO - 56817 row have null value in Driver Ratings before cleaning
2026-05-08 17:35:09,352 - transform - INFO - 0 row have null value in Driver Ratings after cleaning
2026-05-08 17:35:09,352 - transform - INFO - terminate updating Driver Ratings row
2026-05-08 17:35:09,352 - transform - INFO - updating Customer Rating row...
2026-05-08 17:35:09,847 - transform - INFO - round the Customer Rating value to 2 number after the comma...
2026-05-08 17:35:10,086 - transform - INFO - 56817 row have null value in Customer Rating before cleaning
2026-05-08 17:35:10,086 - transform - INFO - 0 row have null value in Customer Rating after cleaning
2026-05-08 17:35:10,086 - transform - INFO - terminate updating Customer Rating row
2026-05-08 17:35:10,086 - transform - INFO - updating Payment Method row...
2026-05-08 17:35:10,638 - transform - INFO - 47869 row have null value in Payment Method before cleaning
2026-05-08 17:35:10,638 - transform - INFO - 0 row have null value in Payment Method after cleaning
2026-05-08 17:35:10,639 - transform - INFO - terminate updating Payment Method row
2026-05-08 17:40:53,842 - spark session - INFO - Start to connecting to Spark...
2026-05-08 17:41:00,263 - spark session - INFO - Connected To Spark
2026-05-08 17:41:00,264 - transform - INFO - get information about dataset...
2026-05-08 17:41:00,656 - transform - INFO - count of rows before cleaning and duplicating : 150000
2026-05-08 17:41:00,656 - transform - INFO - type of columns [('Date', 'string'), ('Time', 'timestamp'), ('Booking ID', 'string'), ('Booking Status', 'string'), ('Customer ID', 'string'), ('Vehicle Type', 'string'), ('Pickup Location', 'string'), ('Drop Location', 'string'), ('Cancelled Rides by Customer', 'int'), ('Reason for cancelling by Customer', 'string'), ('Cancelled Rides by Driver', 'int'), ('Driver Cancellation Reason', 'string'), ('Incomplete Rides', 'int'), ('Incomplete Rides Reason', 'string'), ('Booking Value', 'int'), ('Ride Distance', 'double'), ('Driver Ratings', 'double'), ('Customer Rating', 'double'), ('Payment Method', 'string')]
2026-05-08 17:41:00,656 - transform - INFO - remove duplicate rows...
2026-05-08 17:41:01,567 - transform - INFO - 1224 row was removed because is duplicated
2026-05-08 17:41:01,929 - transform - INFO - 148767 unique rows
2026-05-08 17:41:01,929 - transform - INFO - updating Cancelled Rides by Customer row...
2026-05-08 17:41:02,698 - transform - INFO - 138271 row have null in Cancelled Rides by Customer before cleaning
2026-05-08 17:41:02,698 - transform - INFO - 0 row have null in Cancelled Rides by Customer after cleaning
2026-05-08 17:41:02,698 - transform - INFO - terminate updating Cancelled Rides by Customer row
2026-05-08 17:41:02,698 - transform - INFO - updating Reason for cancelling by Customer...
2026-05-08 17:41:03,707 - transform - INFO - 138271 row have null value in Reason for cancelling by Customer before cleaning
2026-05-08 17:41:03,707 - transform - INFO - 0 row have null value in Reason for cancelling by Customer have updated to other
2026-05-08 17:41:03,707 - transform - INFO - terminate updating Reason for cancelling by Customer row
2026-05-08 17:41:03,707 - transform - INFO - updating Cancelled Rides by Driver row...
2026-05-08 17:41:04,201 - transform - INFO - 121836 row have null in Cancelled Rides by Driver before cleaning
2026-05-08 17:41:04,201 - transform - INFO - 0 row have null in Cancelled Rides by Driver after cleaning
2026-05-08 17:41:04,201 - transform - INFO - terminate updating Cancelled Rides by Driver row
2026-05-08 17:41:04,201 - transform - INFO - updating Driver Cancellation Reason...
2026-05-08 17:41:04,774 - transform - INFO - 121836 row have null value in Driver Cancellation Reason before cleaning
2026-05-08 17:41:04,774 - transform - INFO - 0 row have null value in Driver Cancellation Reason have updated to other
2026-05-08 17:41:04,774 - transform - INFO - terminate updating Driver Cancellation Reason row
2026-05-08 17:41:04,774 - transform - INFO - updating Incomplete Rides Reason row...
2026-05-08 17:41:05,312 - transform - INFO - 139819 row have null in Incomplete Rides Reason before cleaning
2026-05-08 17:41:05,312 - transform - INFO - 0 row have null in Incomplete Rides Reason after cleaning
2026-05-08 17:41:05,312 - transform - INFO - terminate updating Incomplete Rides Reason row
2026-05-08 17:41:05,312 - transform - INFO - updating Driver Ratings row...
2026-05-08 17:41:06,016 - transform - INFO - round the Driver Ratings value to 2 number after the comma...
2026-05-08 17:41:06,295 - transform - INFO - 56817 row have null value in Driver Ratings before cleaning
2026-05-08 17:41:06,295 - transform - INFO - 0 row have null value in Driver Ratings after cleaning
2026-05-08 17:41:06,295 - transform - INFO - terminate updating Driver Ratings row
2026-05-08 17:41:06,295 - transform - INFO - updating Customer Rating row...
2026-05-08 17:41:06,777 - transform - INFO - round the Customer Rating value to 2 number after the comma...
2026-05-08 17:41:07,039 - transform - INFO - 56817 row have null value in Customer Rating before cleaning
2026-05-08 17:41:07,039 - transform - INFO - 0 row have null value in Customer Rating after cleaning
2026-05-08 17:41:07,039 - transform - INFO - terminate updating Customer Rating row
2026-05-08 17:41:07,039 - transform - INFO - updating Payment Method row...
2026-05-08 17:41:07,620 - transform - INFO - 47869 row have null value in Payment Method before cleaning
2026-05-08 17:41:07,621 - transform - INFO - 0 row have null value in Payment Method after cleaning
2026-05-08 17:41:07,621 - transform - INFO - terminate updating Payment Method row
2026-05-08 17:41:10,768 - spark session - INFO - Start to connecting to Spark...
2026-05-08 17:41:15,588 - spark session - INFO - Connected To Spark
2026-05-08 17:41:15,589 - transform - INFO - get information about dataset...
2026-05-08 17:41:15,897 - transform - INFO - count of rows before cleaning and duplicating : 150000
2026-05-08 17:41:15,897 - transform - INFO - type of columns [('Date', 'string'), ('Time', 'timestamp'), ('Booking ID', 'string'), ('Booking Status', 'string'), ('Customer ID', 'string'), ('Vehicle Type', 'string'), ('Pickup Location', 'string'), ('Drop Location', 'string'), ('Cancelled Rides by Customer', 'int'), ('Reason for cancelling by Customer', 'string'), ('Cancelled Rides by Driver', 'int'), ('Driver Cancellation Reason', 'string'), ('Incomplete Rides', 'int'), ('Incomplete Rides Reason', 'string'), ('Booking Value', 'int'), ('Ride Distance', 'double'), ('Driver Ratings', 'double'), ('Customer Rating', 'double'), ('Payment Method', 'string')]
2026-05-08 17:41:15,897 - transform - INFO - remove duplicate rows...
2026-05-08 17:41:16,834 - transform - INFO - 1224 row was removed because is duplicated
2026-05-08 17:41:17,232 - transform - INFO - 148767 unique rows
2026-05-08 17:41:17,232 - transform - INFO - updating Cancelled Rides by Customer row...
2026-05-08 17:41:17,978 - transform - INFO - 138271 row have null in Cancelled Rides by Customer before cleaning
2026-05-08 17:41:17,978 - transform - INFO - 0 row have null in Cancelled Rides by Customer after cleaning
2026-05-08 17:41:17,978 - transform - INFO - terminate updating Cancelled Rides by Customer row
2026-05-08 17:41:17,978 - transform - INFO - updating Reason for cancelling by Customer...
2026-05-08 17:41:18,881 - transform - INFO - 138271 row have null value in Reason for cancelling by Customer before cleaning
2026-05-08 17:41:18,881 - transform - INFO - 0 row have null value in Reason for cancelling by Customer have updated to other
2026-05-08 17:41:18,881 - transform - INFO - terminate updating Reason for cancelling by Customer row
2026-05-08 17:41:18,881 - transform - INFO - updating Cancelled Rides by Driver row...
2026-05-08 17:41:19,386 - transform - INFO - 121836 row have null in Cancelled Rides by Driver before cleaning
2026-05-08 17:41:19,386 - transform - INFO - 0 row have null in Cancelled Rides by Driver after cleaning
2026-05-08 17:41:19,386 - transform - INFO - terminate updating Cancelled Rides by Driver row
2026-05-08 17:41:19,386 - transform - INFO - updating Driver Cancellation Reason...
2026-05-08 17:41:19,929 - transform - INFO - 121836 row have null value in Driver Cancellation Reason before cleaning
2026-05-08 17:41:19,929 - transform - INFO - 0 row have null value in Driver Cancellation Reason have updated to other
2026-05-08 17:41:19,929 - transform - INFO - terminate updating Driver Cancellation Reason row
2026-05-08 17:41:19,929 - transform - INFO - updating Incomplete Rides Reason row...
2026-05-08 17:41:20,440 - transform - INFO - 139819 row have null in Incomplete Rides Reason before cleaning
2026-05-08 17:41:20,440 - transform - INFO - 0 row have null in Incomplete Rides Reason after cleaning
2026-05-08 17:41:20,440 - transform - INFO - terminate updating Incomplete Rides Reason row
2026-05-08 17:41:20,440 - transform - INFO - updating Driver Ratings row...
2026-05-08 17:41:21,142 - transform - INFO - round the Driver Ratings value to 2 number after the comma...
2026-05-08 17:41:21,434 - transform - INFO - 56817 row have null value in Driver Ratings before cleaning
2026-05-08 17:41:21,434 - transform - INFO - 0 row have null value in Driver Ratings after cleaning
2026-05-08 17:41:21,434 - transform - INFO - terminate updating Driver Ratings row
2026-05-08 17:41:21,434 - transform - INFO - updating Customer Rating row...
2026-05-08 17:41:21,897 - transform - INFO - round the Customer Rating value to 2 number after the comma...
2026-05-08 17:41:22,127 - transform - INFO - 56817 row have null value in Customer Rating before cleaning
2026-05-08 17:41:22,127 - transform - INFO - 0 row have null value in Customer Rating after cleaning
2026-05-08 17:41:22,127 - transform - INFO - terminate updating Customer Rating row
2026-05-08 17:41:22,127 - transform - INFO - updating Payment Method row...
2026-05-08 17:41:22,689 - transform - INFO - 47869 row have null value in Payment Method before cleaning
2026-05-08 17:41:22,689 - transform - INFO - 0 row have null value in Payment Method after cleaning
2026-05-08 17:41:22,689 - transform - INFO - terminate updating Payment Method row
2026-05-08 17:41:22,689 - transform - INFO - updating Type of Date row...
2026-05-08 17:41:22,694 - transform - INFO - date was updated
2026-05-08 17:41:35,930 - spark session - INFO - Start to connecting to Spark...
2026-05-08 17:41:41,083 - spark session - INFO - Connected To Spark
2026-05-08 17:41:41,084 - transform - INFO - get information about dataset...
2026-05-08 17:41:41,424 - transform - INFO - count of rows before cleaning and duplicating : 150000
2026-05-08 17:41:41,425 - transform - INFO - type of columns [('Date', 'string'), ('Time', 'timestamp'), ('Booking ID', 'string'), ('Booking Status', 'string'), ('Customer ID', 'string'), ('Vehicle Type', 'string'), ('Pickup Location', 'string'), ('Drop Location', 'string'), ('Cancelled Rides by Customer', 'int'), ('Reason for cancelling by Customer', 'string'), ('Cancelled Rides by Driver', 'int'), ('Driver Cancellation Reason', 'string'), ('Incomplete Rides', 'int'), ('Incomplete Rides Reason', 'string'), ('Booking Value', 'int'), ('Ride Distance', 'double'), ('Driver Ratings', 'double'), ('Customer Rating', 'double'), ('Payment Method', 'string')]
2026-05-08 17:41:41,425 - transform - INFO - remove duplicate rows...
2026-05-08 17:41:42,291 - transform - INFO - 1224 row was removed because is duplicated
2026-05-08 17:41:42,625 - transform - INFO - 148767 unique rows
2026-05-08 17:41:42,626 - transform - INFO - updating Cancelled Rides by Customer row...
2026-05-08 17:41:43,356 - transform - INFO - 138271 row have null in Cancelled Rides by Customer before cleaning
2026-05-08 17:41:43,357 - transform - INFO - 0 row have null in Cancelled Rides by Customer after cleaning
2026-05-08 17:41:43,357 - transform - INFO - terminate updating Cancelled Rides by Customer row
2026-05-08 17:41:43,357 - transform - INFO - updating Reason for cancelling by Customer...
2026-05-08 17:41:44,250 - transform - INFO - 138271 row have null value in Reason for cancelling by Customer before cleaning
2026-05-08 17:41:44,250 - transform - INFO - 0 row have null value in Reason for cancelling by Customer have updated to other
2026-05-08 17:41:44,250 - transform - INFO - terminate updating Reason for cancelling by Customer row
2026-05-08 17:41:44,250 - transform - INFO - updating Cancelled Rides by Driver row...
2026-05-08 17:41:44,769 - transform - INFO - 121836 row have null in Cancelled Rides by Driver before cleaning
2026-05-08 17:41:44,769 - transform - INFO - 0 row have null in Cancelled Rides by Driver after cleaning
2026-05-08 17:41:44,769 - transform - INFO - terminate updating Cancelled Rides by Driver row
2026-05-08 17:41:44,769 - transform - INFO - updating Driver Cancellation Reason...
2026-05-08 17:41:45,360 - transform - INFO - 121836 row have null value in Driver Cancellation Reason before cleaning
2026-05-08 17:41:45,360 - transform - INFO - 0 row have null value in Driver Cancellation Reason have updated to other
2026-05-08 17:41:45,360 - transform - INFO - terminate updating Driver Cancellation Reason row
2026-05-08 17:41:45,360 - transform - INFO - updating Incomplete Rides Reason row...
2026-05-08 17:41:45,935 - transform - INFO - 139819 row have null in Incomplete Rides Reason before cleaning
2026-05-08 17:41:45,935 - transform - INFO - 0 row have null in Incomplete Rides Reason after cleaning
2026-05-08 17:41:45,935 - transform - INFO - terminate updating Incomplete Rides Reason row
2026-05-08 17:41:45,935 - transform - INFO - updating Driver Ratings row...
2026-05-08 17:41:46,631 - transform - INFO - round the Driver Ratings value to 2 number after the comma...
2026-05-08 17:41:46,937 - transform - INFO - 56817 row have null value in Driver Ratings before cleaning
2026-05-08 17:41:46,937 - transform - INFO - 0 row have null value in Driver Ratings after cleaning
2026-05-08 17:41:46,937 - transform - INFO - terminate updating Driver Ratings row
2026-05-08 17:41:46,937 - transform - INFO - updating Customer Rating row...
2026-05-08 17:41:47,409 - transform - INFO - round the Customer Rating value to 2 number after the comma...
2026-05-08 17:41:47,646 - transform - INFO - 56817 row have null value in Customer Rating before cleaning
2026-05-08 17:41:47,646 - transform - INFO - 0 row have null value in Customer Rating after cleaning
2026-05-08 17:41:47,646 - transform - INFO - terminate updating Customer Rating row
2026-05-08 17:41:47,646 - transform - INFO - updating Payment Method row...
2026-05-08 17:41:48,226 - transform - INFO - 47869 row have null value in Payment Method before cleaning
2026-05-08 17:41:48,227 - transform - INFO - 0 row have null value in Payment Method after cleaning
2026-05-08 17:41:48,227 - transform - INFO - terminate updating Payment Method row
2026-05-08 17:41:48,227 - transform - INFO - updating Type of Date row...
2026-05-08 17:41:48,232 - transform - INFO - date was updated
2026-05-08 17:42:03,480 - spark session - INFO - Start to connecting to Spark...
2026-05-08 17:42:08,656 - spark session - INFO - Connected To Spark
2026-05-08 17:42:08,656 - transform - INFO - get information about dataset...
2026-05-08 17:42:08,991 - transform - INFO - count of rows before cleaning and duplicating : 150000
2026-05-08 17:42:08,991 - transform - INFO - type of columns [('Date', 'string'), ('Time', 'timestamp'), ('Booking ID', 'string'), ('Booking Status', 'string'), ('Customer ID', 'string'), ('Vehicle Type', 'string'), ('Pickup Location', 'string'), ('Drop Location', 'string'), ('Cancelled Rides by Customer', 'int'), ('Reason for cancelling by Customer', 'string'), ('Cancelled Rides by Driver', 'int'), ('Driver Cancellation Reason', 'string'), ('Incomplete Rides', 'int'), ('Incomplete Rides Reason', 'string'), ('Booking Value', 'int'), ('Ride Distance', 'double'), ('Driver Ratings', 'double'), ('Customer Rating', 'double'), ('Payment Method', 'string')]
2026-05-08 17:42:08,991 - transform - INFO - remove duplicate rows...
2026-05-08 17:42:09,919 - transform - INFO - 1224 row was removed because is duplicated
2026-05-08 17:42:10,274 - transform - INFO - 148767 unique rows
2026-05-08 17:42:10,274 - transform - INFO - updating Cancelled Rides by Customer row...
2026-05-08 17:42:11,009 - transform - INFO - 138271 row have null in Cancelled Rides by Customer before cleaning
2026-05-08 17:42:11,010 - transform - INFO - 0 row have null in Cancelled Rides by Customer after cleaning
2026-05-08 17:42:11,010 - transform - INFO - terminate updating Cancelled Rides by Customer row
2026-05-08 17:42:11,010 - transform - INFO - updating Reason for cancelling by Customer...
2026-05-08 17:42:11,907 - transform - INFO - 138271 row have null value in Reason for cancelling by Customer before cleaning
2026-05-08 17:42:11,908 - transform - INFO - 0 row have null value in Reason for cancelling by Customer have updated to other
2026-05-08 17:42:11,908 - transform - INFO - terminate updating Reason for cancelling by Customer row
2026-05-08 17:42:11,908 - transform - INFO - updating Cancelled Rides by Driver row...
2026-05-08 17:42:12,454 - transform - INFO - 121836 row have null in Cancelled Rides by Driver before cleaning
2026-05-08 17:42:12,454 - transform - INFO - 0 row have null in Cancelled Rides by Driver after cleaning
2026-05-08 17:42:12,454 - transform - INFO - terminate updating Cancelled Rides by Driver row
2026-05-08 17:42:12,454 - transform - INFO - updating Driver Cancellation Reason...
2026-05-08 17:42:13,040 - transform - INFO - 121836 row have null value in Driver Cancellation Reason before cleaning
2026-05-08 17:42:13,040 - transform - INFO - 0 row have null value in Driver Cancellation Reason have updated to other
2026-05-08 17:42:13,040 - transform - INFO - terminate updating Driver Cancellation Reason row
2026-05-08 17:42:13,040 - transform - INFO - updating Incomplete Rides Reason row...
2026-05-08 17:42:13,592 - transform - INFO - 139819 row have null in Incomplete Rides Reason before cleaning
2026-05-08 17:42:13,593 - transform - INFO - 0 row have null in Incomplete Rides Reason after cleaning
2026-05-08 17:42:13,593 - transform - INFO - terminate updating Incomplete Rides Reason row
2026-05-08 17:42:13,593 - transform - INFO - updating Driver Ratings row...
2026-05-08 17:42:14,246 - transform - INFO - round the Driver Ratings value to 2 number after the comma...
2026-05-08 17:42:14,545 - transform - INFO - 56817 row have null value in Driver Ratings before cleaning
2026-05-08 17:42:14,545 - transform - INFO - 0 row have null value in Driver Ratings after cleaning
2026-05-08 17:42:14,545 - transform - INFO - terminate updating Driver Ratings row
2026-05-08 17:42:14,545 - transform - INFO - updating Customer Rating row...
2026-05-08 17:42:15,014 - transform - INFO - round the Customer Rating value to 2 number after the comma...
2026-05-08 17:42:15,250 - transform - INFO - 56817 row have null value in Customer Rating before cleaning
2026-05-08 17:42:15,250 - transform - INFO - 0 row have null value in Customer Rating after cleaning
2026-05-08 17:42:15,250 - transform - INFO - terminate updating Customer Rating row
2026-05-08 17:42:15,250 - transform - INFO - updating Payment Method row...
2026-05-08 17:42:15,790 - transform - INFO - 47869 row have null value in Payment Method before cleaning
2026-05-08 17:42:15,790 - transform - INFO - 0 row have null value in Payment Method after cleaning
2026-05-08 17:42:15,790 - transform - INFO - terminate updating Payment Method row
2026-05-08 17:42:15,790 - transform - INFO - updating Type of Date row...
2026-05-08 17:42:15,798 - transform - INFO - date was updated
2026-05-08 17:42:42,892 - spark session - INFO - Start to connecting to Spark...
2026-05-08 17:42:48,344 - spark session - INFO - Connected To Spark
2026-05-08 17:42:48,344 - transform - INFO - get information about dataset...
2026-05-08 17:42:48,739 - transform - INFO - count of rows before cleaning and duplicating : 150000
2026-05-08 17:42:48,739 - transform - INFO - type of columns [('Date', 'string'), ('Time', 'timestamp'), ('Booking ID', 'string'), ('Booking Status', 'string'), ('Customer ID', 'string'), ('Vehicle Type', 'string'), ('Pickup Location', 'string'), ('Drop Location', 'string'), ('Cancelled Rides by Customer', 'int'), ('Reason for cancelling by Customer', 'string'), ('Cancelled Rides by Driver', 'int'), ('Driver Cancellation Reason', 'string'), ('Incomplete Rides', 'int'), ('Incomplete Rides Reason', 'string'), ('Booking Value', 'int'), ('Ride Distance', 'double'), ('Driver Ratings', 'double'), ('Customer Rating', 'double'), ('Payment Method', 'string')]
2026-05-08 17:42:48,739 - transform - INFO - remove duplicate rows...
2026-05-08 17:42:49,723 - transform - INFO - 1224 row was removed because is duplicated
2026-05-08 17:42:50,112 - transform - INFO - 148767 unique rows
2026-05-08 17:42:50,112 - transform - INFO - updating Cancelled Rides by Customer row...
2026-05-08 17:42:50,905 - transform - INFO - 138271 row have null in Cancelled Rides by Customer before cleaning
2026-05-08 17:42:50,905 - transform - INFO - 0 row have null in Cancelled Rides by Customer after cleaning
2026-05-08 17:42:50,905 - transform - INFO - terminate updating Cancelled Rides by Customer row
2026-05-08 17:42:50,905 - transform - INFO - updating Reason for cancelling by Customer...
2026-05-08 17:42:51,886 - transform - INFO - 138271 row have null value in Reason for cancelling by Customer before cleaning
2026-05-08 17:42:51,886 - transform - INFO - 0 row have null value in Reason for cancelling by Customer have updated to other
2026-05-08 17:42:51,886 - transform - INFO - terminate updating Reason for cancelling by Customer row
2026-05-08 17:42:51,886 - transform - INFO - updating Cancelled Rides by Driver row...
2026-05-08 17:42:52,473 - transform - INFO - 121836 row have null in Cancelled Rides by Driver before cleaning
2026-05-08 17:42:52,473 - transform - INFO - 0 row have null in Cancelled Rides by Driver after cleaning
2026-05-08 17:42:52,473 - transform - INFO - terminate updating Cancelled Rides by Driver row
2026-05-08 17:42:52,473 - transform - INFO - updating Driver Cancellation Reason...
2026-05-08 17:42:53,135 - transform - INFO - 121836 row have null value in Driver Cancellation Reason before cleaning
2026-05-08 17:42:53,135 - transform - INFO - 0 row have null value in Driver Cancellation Reason have updated to other
2026-05-08 17:42:53,135 - transform - INFO - terminate updating Driver Cancellation Reason row
2026-05-08 17:42:53,135 - transform - INFO - updating Incomplete Rides Reason row...
2026-05-08 17:42:53,691 - transform - INFO - 139819 row have null in Incomplete Rides Reason before cleaning
2026-05-08 17:42:53,691 - transform - INFO - 0 row have null in Incomplete Rides Reason after cleaning
2026-05-08 17:42:53,691 - transform - INFO - terminate updating Incomplete Rides Reason row
2026-05-08 17:42:53,691 - transform - INFO - updating Driver Ratings row...
2026-05-08 17:42:54,535 - transform - INFO - round the Driver Ratings value to 2 number after the comma...
2026-05-08 17:42:54,865 - transform - INFO - 56817 row have null value in Driver Ratings before cleaning
2026-05-08 17:42:54,865 - transform - INFO - 0 row have null value in Driver Ratings after cleaning
2026-05-08 17:42:54,865 - transform - INFO - terminate updating Driver Ratings row
2026-05-08 17:42:54,865 - transform - INFO - updating Customer Rating row...
2026-05-08 17:42:55,365 - transform - INFO - round the Customer Rating value to 2 number after the comma...
2026-05-08 17:42:55,640 - transform - INFO - 56817 row have null value in Customer Rating before cleaning
2026-05-08 17:42:55,640 - transform - INFO - 0 row have null value in Customer Rating after cleaning
2026-05-08 17:42:55,640 - transform - INFO - terminate updating Customer Rating row
2026-05-08 17:42:55,640 - transform - INFO - updating Payment Method row...
2026-05-08 17:42:56,189 - transform - INFO - 47869 row have null value in Payment Method before cleaning
2026-05-08 17:42:56,189 - transform - INFO - 0 row have null value in Payment Method after cleaning
2026-05-08 17:42:56,189 - transform - INFO - terminate updating Payment Method row
2026-05-08 17:42:56,189 - transform - INFO - updating Type of Date row...
2026-05-08 17:42:56,195 - transform - INFO - date was updated
2026-05-08 17:43:21,649 - spark session - INFO - Start to connecting to Spark...
2026-05-08 17:43:27,294 - spark session - INFO - Connected To Spark
2026-05-08 17:43:27,295 - transform - INFO - get information about dataset...
2026-05-08 17:43:27,631 - transform - INFO - count of rows before cleaning and duplicating : 150000
2026-05-08 17:43:27,631 - transform - INFO - type of columns [('Date', 'string'), ('Time', 'timestamp'), ('Booking ID', 'string'), ('Booking Status', 'string'), ('Customer ID', 'string'), ('Vehicle Type', 'string'), ('Pickup Location', 'string'), ('Drop Location', 'string'), ('Cancelled Rides by Customer', 'int'), ('Reason for cancelling by Customer', 'string'), ('Cancelled Rides by Driver', 'int'), ('Driver Cancellation Reason', 'string'), ('Incomplete Rides', 'int'), ('Incomplete Rides Reason', 'string'), ('Booking Value', 'int'), ('Ride Distance', 'double'), ('Driver Ratings', 'double'), ('Customer Rating', 'double'), ('Payment Method', 'string')]
2026-05-08 17:43:27,631 - transform - INFO - remove duplicate rows...
2026-05-08 17:43:28,705 - transform - INFO - 1224 row was removed because is duplicated
2026-05-08 17:43:29,047 - transform - INFO - 148767 unique rows
2026-05-08 17:43:29,047 - transform - INFO - updating Cancelled Rides by Customer row...
2026-05-08 17:43:29,748 - transform - INFO - 138271 row have null in Cancelled Rides by Customer before cleaning
2026-05-08 17:43:29,748 - transform - INFO - 0 row have null in Cancelled Rides by Customer after cleaning
2026-05-08 17:43:29,748 - transform - INFO - terminate updating Cancelled Rides by Customer row
2026-05-08 17:43:29,748 - transform - INFO - updating Reason for cancelling by Customer...
2026-05-08 17:43:30,653 - transform - INFO - 138271 row have null value in Reason for cancelling by Customer before cleaning
2026-05-08 17:43:30,653 - transform - INFO - 0 row have null value in Reason for cancelling by Customer have updated to other
2026-05-08 17:43:30,654 - transform - INFO - terminate updating Reason for cancelling by Customer row
2026-05-08 17:43:30,654 - transform - INFO - updating Cancelled Rides by Driver row...
2026-05-08 17:43:31,192 - transform - INFO - 121836 row have null in Cancelled Rides by Driver before cleaning
2026-05-08 17:43:31,192 - transform - INFO - 0 row have null in Cancelled Rides by Driver after cleaning
2026-05-08 17:43:31,192 - transform - INFO - terminate updating Cancelled Rides by Driver row
2026-05-08 17:43:31,192 - transform - INFO - updating Driver Cancellation Reason...
2026-05-08 17:43:31,731 - transform - INFO - 121836 row have null value in Driver Cancellation Reason before cleaning
2026-05-08 17:43:31,731 - transform - INFO - 0 row have null value in Driver Cancellation Reason have updated to other
2026-05-08 17:43:31,731 - transform - INFO - terminate updating Driver Cancellation Reason row
2026-05-08 17:43:31,731 - transform - INFO - updating Incomplete Rides Reason row...
2026-05-08 17:43:32,416 - transform - INFO - 139819 row have null in Incomplete Rides Reason before cleaning
2026-05-08 17:43:32,416 - transform - INFO - 0 row have null in Incomplete Rides Reason after cleaning
2026-05-08 17:43:32,416 - transform - INFO - terminate updating Incomplete Rides Reason row
2026-05-08 17:43:32,416 - transform - INFO - updating Driver Ratings row...
2026-05-08 17:43:33,194 - transform - INFO - round the Driver Ratings value to 2 number after the comma...
2026-05-08 17:43:33,510 - transform - INFO - 56817 row have null value in Driver Ratings before cleaning
2026-05-08 17:43:33,510 - transform - INFO - 0 row have null value in Driver Ratings after cleaning
2026-05-08 17:43:33,510 - transform - INFO - terminate updating Driver Ratings row
2026-05-08 17:43:33,510 - transform - INFO - updating Customer Rating row...
2026-05-08 17:43:33,979 - transform - INFO - round the Customer Rating value to 2 number after the comma...
2026-05-08 17:43:34,213 - transform - INFO - 56817 row have null value in Customer Rating before cleaning
2026-05-08 17:43:34,213 - transform - INFO - 0 row have null value in Customer Rating after cleaning
2026-05-08 17:43:34,213 - transform - INFO - terminate updating Customer Rating row
2026-05-08 17:43:34,213 - transform - INFO - updating Payment Method row...
2026-05-08 17:43:34,745 - transform - INFO - 47869 row have null value in Payment Method before cleaning
2026-05-08 17:43:34,745 - transform - INFO - 0 row have null value in Payment Method after cleaning
2026-05-08 17:43:34,745 - transform - INFO - terminate updating Payment Method row
2026-05-08 17:43:34,746 - transform - INFO - updating Type of Date row...
2026-05-08 17:43:34,751 - transform - INFO - date was updated
2026-05-08 17:43:45,220 - spark session - INFO - Start to connecting to Spark...
2026-05-08 17:43:50,505 - spark session - INFO - Connected To Spark
2026-05-08 17:43:50,505 - transform - INFO - get information about dataset...
2026-05-08 17:43:50,810 - transform - INFO - count of rows before cleaning and duplicating : 150000
2026-05-08 17:43:50,810 - transform - INFO - type of columns [('Date', 'string'), ('Time', 'timestamp'), ('Booking ID', 'string'), ('Booking Status', 'string'), ('Customer ID', 'string'), ('Vehicle Type', 'string'), ('Pickup Location', 'string'), ('Drop Location', 'string'), ('Cancelled Rides by Customer', 'int'), ('Reason for cancelling by Customer', 'string'), ('Cancelled Rides by Driver', 'int'), ('Driver Cancellation Reason', 'string'), ('Incomplete Rides', 'int'), ('Incomplete Rides Reason', 'string'), ('Booking Value', 'int'), ('Ride Distance', 'double'), ('Driver Ratings', 'double'), ('Customer Rating', 'double'), ('Payment Method', 'string')]
2026-05-08 17:43:50,810 - transform - INFO - remove duplicate rows...
2026-05-08 17:43:51,676 - transform - INFO - 1224 row was removed because is duplicated
2026-05-08 17:43:52,056 - transform - INFO - 148767 unique rows
2026-05-08 17:43:52,056 - transform - INFO - updating Cancelled Rides by Customer row...
2026-05-08 17:43:52,794 - transform - INFO - 138271 row have null in Cancelled Rides by Customer before cleaning
2026-05-08 17:43:52,794 - transform - INFO - 0 row have null in Cancelled Rides by Customer after cleaning
2026-05-08 17:43:52,794 - transform - INFO - terminate updating Cancelled Rides by Customer row
2026-05-08 17:43:52,794 - transform - INFO - updating Reason for cancelling by Customer...
2026-05-08 17:43:53,713 - transform - INFO - 138271 row have null value in Reason for cancelling by Customer before cleaning
2026-05-08 17:43:53,713 - transform - INFO - 0 row have null value in Reason for cancelling by Customer have updated to other
2026-05-08 17:43:53,713 - transform - INFO - terminate updating Reason for cancelling by Customer row
2026-05-08 17:43:53,713 - transform - INFO - updating Cancelled Rides by Driver row...
2026-05-08 17:43:54,232 - transform - INFO - 121836 row have null in Cancelled Rides by Driver before cleaning
2026-05-08 17:43:54,232 - transform - INFO - 0 row have null in Cancelled Rides by Driver after cleaning
2026-05-08 17:43:54,232 - transform - INFO - terminate updating Cancelled Rides by Driver row
2026-05-08 17:43:54,232 - transform - INFO - updating Driver Cancellation Reason...
2026-05-08 17:43:54,797 - transform - INFO - 121836 row have null value in Driver Cancellation Reason before cleaning
2026-05-08 17:43:54,797 - transform - INFO - 0 row have null value in Driver Cancellation Reason have updated to other
2026-05-08 17:43:54,797 - transform - INFO - terminate updating Driver Cancellation Reason row
2026-05-08 17:43:54,797 - transform - INFO - updating Incomplete Rides Reason row...
2026-05-08 17:43:55,356 - transform - INFO - 139819 row have null in Incomplete Rides Reason before cleaning
2026-05-08 17:43:55,356 - transform - INFO - 0 row have null in Incomplete Rides Reason after cleaning
2026-05-08 17:43:55,356 - transform - INFO - terminate updating Incomplete Rides Reason row
2026-05-08 17:43:55,356 - transform - INFO - updating Driver Ratings row...
2026-05-08 17:43:56,034 - transform - INFO - round the Driver Ratings value to 2 number after the comma...
2026-05-08 17:43:56,361 - transform - INFO - 56817 row have null value in Driver Ratings before cleaning
2026-05-08 17:43:56,361 - transform - INFO - 0 row have null value in Driver Ratings after cleaning
2026-05-08 17:43:56,361 - transform - INFO - terminate updating Driver Ratings row
2026-05-08 17:43:56,361 - transform - INFO - updating Customer Rating row...
2026-05-08 17:43:56,890 - transform - INFO - round the Customer Rating value to 2 number after the comma...
2026-05-08 17:43:57,144 - transform - INFO - 56817 row have null value in Customer Rating before cleaning
2026-05-08 17:43:57,144 - transform - INFO - 0 row have null value in Customer Rating after cleaning
2026-05-08 17:43:57,144 - transform - INFO - terminate updating Customer Rating row
2026-05-08 17:43:57,144 - transform - INFO - updating Payment Method row...
2026-05-08 17:43:57,731 - transform - INFO - 47869 row have null value in Payment Method before cleaning
2026-05-08 17:43:57,731 - transform - INFO - 0 row have null value in Payment Method after cleaning
2026-05-08 17:43:57,731 - transform - INFO - terminate updating Payment Method row
2026-05-08 17:43:57,731 - transform - INFO - updating Type of Date row...
2026-05-08 17:43:57,738 - transform - INFO - date was updated
2026-05-08 17:44:05,457 - spark session - INFO - Start to connecting to Spark...
2026-05-08 17:44:10,219 - spark session - INFO - Connected To Spark
2026-05-08 17:44:10,220 - transform - INFO - get information about dataset...
2026-05-08 17:44:10,573 - transform - INFO - count of rows before cleaning and duplicating : 150000
2026-05-08 17:44:10,573 - transform - INFO - type of columns [('Date', 'string'), ('Time', 'timestamp'), ('Booking ID', 'string'), ('Booking Status', 'string'), ('Customer ID', 'string'), ('Vehicle Type', 'string'), ('Pickup Location', 'string'), ('Drop Location', 'string'), ('Cancelled Rides by Customer', 'int'), ('Reason for cancelling by Customer', 'string'), ('Cancelled Rides by Driver', 'int'), ('Driver Cancellation Reason', 'string'), ('Incomplete Rides', 'int'), ('Incomplete Rides Reason', 'string'), ('Booking Value', 'int'), ('Ride Distance', 'double'), ('Driver Ratings', 'double'), ('Customer Rating', 'double'), ('Payment Method', 'string')]
2026-05-08 17:44:10,573 - transform - INFO - remove duplicate rows...
2026-05-08 17:44:11,492 - transform - INFO - 1224 row was removed because is duplicated
2026-05-08 17:44:11,850 - transform - INFO - 148767 unique rows
2026-05-08 17:44:11,850 - transform - INFO - updating Cancelled Rides by Customer row...
2026-05-08 17:44:12,731 - transform - INFO - 138271 row have null in Cancelled Rides by Customer before cleaning
2026-05-08 17:44:12,731 - transform - INFO - 0 row have null in Cancelled Rides by Customer after cleaning
2026-05-08 17:44:12,731 - transform - INFO - terminate updating Cancelled Rides by Customer row
2026-05-08 17:44:12,731 - transform - INFO - updating Reason for cancelling by Customer...
2026-05-08 17:44:13,728 - transform - INFO - 138271 row have null value in Reason for cancelling by Customer before cleaning
2026-05-08 17:44:13,728 - transform - INFO - 0 row have null value in Reason for cancelling by Customer have updated to other
2026-05-08 17:44:13,728 - transform - INFO - terminate updating Reason for cancelling by Customer row
2026-05-08 17:44:13,728 - transform - INFO - updating Cancelled Rides by Driver row...
2026-05-08 17:44:14,269 - transform - INFO - 121836 row have null in Cancelled Rides by Driver before cleaning
2026-05-08 17:44:14,269 - transform - INFO - 0 row have null in Cancelled Rides by Driver after cleaning
2026-05-08 17:44:14,269 - transform - INFO - terminate updating Cancelled Rides by Driver row
2026-05-08 17:44:14,270 - transform - INFO - updating Driver Cancellation Reason...
2026-05-08 17:44:14,824 - transform - INFO - 121836 row have null value in Driver Cancellation Reason before cleaning
2026-05-08 17:44:14,824 - transform - INFO - 0 row have null value in Driver Cancellation Reason have updated to other
2026-05-08 17:44:14,824 - transform - INFO - terminate updating Driver Cancellation Reason row
2026-05-08 17:44:14,824 - transform - INFO - updating Incomplete Rides Reason row...
2026-05-08 17:44:15,390 - transform - INFO - 139819 row have null in Incomplete Rides Reason before cleaning
2026-05-08 17:44:15,390 - transform - INFO - 0 row have null in Incomplete Rides Reason after cleaning
2026-05-08 17:44:15,390 - transform - INFO - terminate updating Incomplete Rides Reason row
2026-05-08 17:44:15,390 - transform - INFO - updating Driver Ratings row...
2026-05-08 17:44:16,102 - transform - INFO - round the Driver Ratings value to 2 number after the comma...
2026-05-08 17:44:16,406 - transform - INFO - 56817 row have null value in Driver Ratings before cleaning
2026-05-08 17:44:16,406 - transform - INFO - 0 row have null value in Driver Ratings after cleaning
2026-05-08 17:44:16,406 - transform - INFO - terminate updating Driver Ratings row
2026-05-08 17:44:16,406 - transform - INFO - updating Customer Rating row...
2026-05-08 17:44:16,860 - transform - INFO - round the Customer Rating value to 2 number after the comma...
2026-05-08 17:44:17,120 - transform - INFO - 56817 row have null value in Customer Rating before cleaning
2026-05-08 17:44:17,120 - transform - INFO - 0 row have null value in Customer Rating after cleaning
2026-05-08 17:44:17,120 - transform - INFO - terminate updating Customer Rating row
2026-05-08 17:44:17,120 - transform - INFO - updating Payment Method row...
2026-05-08 17:44:17,641 - transform - INFO - 47869 row have null value in Payment Method before cleaning
2026-05-08 17:44:17,642 - transform - INFO - 0 row have null value in Payment Method after cleaning
2026-05-08 17:44:17,642 - transform - INFO - terminate updating Payment Method row
2026-05-08 17:44:17,642 - transform - INFO - updating Type of Date row...
2026-05-08 17:44:17,648 - transform - INFO - date was updated
2026-05-08 17:44:45,534 - spark session - INFO - Start to connecting to Spark...
2026-05-08 17:44:51,303 - spark session - INFO - Connected To Spark
2026-05-08 17:44:51,303 - transform - INFO - get information about dataset...
2026-05-08 17:44:51,680 - transform - INFO - count of rows before cleaning and duplicating : 150000
2026-05-08 17:44:51,681 - transform - INFO - type of columns [('Date', 'string'), ('Time', 'timestamp'), ('Booking ID', 'string'), ('Booking Status', 'string'), ('Customer ID', 'string'), ('Vehicle Type', 'string'), ('Pickup Location', 'string'), ('Drop Location', 'string'), ('Cancelled Rides by Customer', 'int'), ('Reason for cancelling by Customer', 'string'), ('Cancelled Rides by Driver', 'int'), ('Driver Cancellation Reason', 'string'), ('Incomplete Rides', 'int'), ('Incomplete Rides Reason', 'string'), ('Booking Value', 'int'), ('Ride Distance', 'double'), ('Driver Ratings', 'double'), ('Customer Rating', 'double'), ('Payment Method', 'string')]
2026-05-08 17:44:51,681 - transform - INFO - remove duplicate rows...
2026-05-08 17:44:52,542 - transform - INFO - 1224 row was removed because is duplicated
2026-05-08 17:44:52,870 - transform - INFO - 148767 unique rows
2026-05-08 17:44:52,870 - transform - INFO - updating Cancelled Rides by Customer row...
2026-05-08 17:44:53,577 - transform - INFO - 138271 row have null in Cancelled Rides by Customer before cleaning
2026-05-08 17:44:53,577 - transform - INFO - 0 row have null in Cancelled Rides by Customer after cleaning
2026-05-08 17:44:53,577 - transform - INFO - terminate updating Cancelled Rides by Customer row
2026-05-08 17:44:53,577 - transform - INFO - updating Reason for cancelling by Customer...
2026-05-08 17:44:54,522 - transform - INFO - 138271 row have null value in Reason for cancelling by Customer before cleaning
2026-05-08 17:44:54,522 - transform - INFO - 0 row have null value in Reason for cancelling by Customer have updated to other
2026-05-08 17:44:54,522 - transform - INFO - terminate updating Reason for cancelling by Customer row
2026-05-08 17:44:54,522 - transform - INFO - updating Cancelled Rides by Driver row...
2026-05-08 17:44:55,058 - transform - INFO - 121836 row have null in Cancelled Rides by Driver before cleaning
2026-05-08 17:44:55,058 - transform - INFO - 0 row have null in Cancelled Rides by Driver after cleaning
2026-05-08 17:44:55,058 - transform - INFO - terminate updating Cancelled Rides by Driver row
2026-05-08 17:44:55,058 - transform - INFO - updating Driver Cancellation Reason...
2026-05-08 17:44:55,601 - transform - INFO - 121836 row have null value in Driver Cancellation Reason before cleaning
2026-05-08 17:44:55,601 - transform - INFO - 0 row have null value in Driver Cancellation Reason have updated to other
2026-05-08 17:44:55,601 - transform - INFO - terminate updating Driver Cancellation Reason row
2026-05-08 17:44:55,601 - transform - INFO - updating Incomplete Rides Reason row...
2026-05-08 17:44:56,157 - transform - INFO - 139819 row have null in Incomplete Rides Reason before cleaning
2026-05-08 17:44:56,157 - transform - INFO - 0 row have null in Incomplete Rides Reason after cleaning
2026-05-08 17:44:56,157 - transform - INFO - terminate updating Incomplete Rides Reason row
2026-05-08 17:44:56,157 - transform - INFO - updating Driver Ratings row...
2026-05-08 17:44:56,854 - transform - INFO - round the Driver Ratings value to 2 number after the comma...
2026-05-08 17:44:57,142 - transform - INFO - 56817 row have null value in Driver Ratings before cleaning
2026-05-08 17:44:57,142 - transform - INFO - 0 row have null value in Driver Ratings after cleaning
2026-05-08 17:44:57,142 - transform - INFO - terminate updating Driver Ratings row
2026-05-08 17:44:57,142 - transform - INFO - updating Customer Rating row...
2026-05-08 17:44:57,650 - transform - INFO - round the Customer Rating value to 2 number after the comma...
2026-05-08 17:44:57,960 - transform - INFO - 56817 row have null value in Customer Rating before cleaning
2026-05-08 17:44:57,960 - transform - INFO - 0 row have null value in Customer Rating after cleaning
2026-05-08 17:44:57,960 - transform - INFO - terminate updating Customer Rating row
2026-05-08 17:44:57,960 - transform - INFO - updating Payment Method row...
2026-05-08 17:44:58,866 - transform - INFO - 47869 row have null value in Payment Method before cleaning
2026-05-08 17:44:58,866 - transform - INFO - 0 row have null value in Payment Method after cleaning
2026-05-08 17:44:58,866 - transform - INFO - terminate updating Payment Method row
2026-05-08 17:44:58,866 - transform - INFO - updating Type of Date row...
2026-05-08 17:44:58,874 - transform - INFO - date was updated
2026-05-08 17:45:29,488 - spark session - INFO - Start to connecting to Spark...
2026-05-08 17:45:35,371 - spark session - INFO - Connected To Spark
2026-05-08 17:45:35,371 - transform - INFO - get information about dataset...
2026-05-08 17:45:35,761 - transform - INFO - count of rows before cleaning and duplicating : 150000
2026-05-08 17:45:35,761 - transform - INFO - type of columns [('Date', 'string'), ('Time', 'timestamp'), ('Booking ID', 'string'), ('Booking Status', 'string'), ('Customer ID', 'string'), ('Vehicle Type', 'string'), ('Pickup Location', 'string'), ('Drop Location', 'string'), ('Cancelled Rides by Customer', 'int'), ('Reason for cancelling by Customer', 'string'), ('Cancelled Rides by Driver', 'int'), ('Driver Cancellation Reason', 'string'), ('Incomplete Rides', 'int'), ('Incomplete Rides Reason', 'string'), ('Booking Value', 'int'), ('Ride Distance', 'double'), ('Driver Ratings', 'double'), ('Customer Rating', 'double'), ('Payment Method', 'string')]
2026-05-08 17:45:35,761 - transform - INFO - remove duplicate rows...
2026-05-08 17:45:36,597 - transform - INFO - 1224 row was removed because is duplicated
2026-05-08 17:45:36,940 - transform - INFO - 148767 unique rows
2026-05-08 17:45:36,940 - transform - INFO - updating Cancelled Rides by Customer row...
2026-05-08 17:45:37,711 - transform - INFO - 138271 row have null in Cancelled Rides by Customer before cleaning
2026-05-08 17:45:37,711 - transform - INFO - 0 row have null in Cancelled Rides by Customer after cleaning
2026-05-08 17:45:37,711 - transform - INFO - terminate updating Cancelled Rides by Customer row
2026-05-08 17:45:37,711 - transform - INFO - updating Reason for cancelling by Customer...
2026-05-08 17:45:38,612 - transform - INFO - 138271 row have null value in Reason for cancelling by Customer before cleaning
2026-05-08 17:45:38,612 - transform - INFO - 0 row have null value in Reason for cancelling by Customer have updated to other
2026-05-08 17:45:38,612 - transform - INFO - terminate updating Reason for cancelling by Customer row
2026-05-08 17:45:38,612 - transform - INFO - updating Cancelled Rides by Driver row...
2026-05-08 17:45:39,108 - transform - INFO - 121836 row have null in Cancelled Rides by Driver before cleaning
2026-05-08 17:45:39,108 - transform - INFO - 0 row have null in Cancelled Rides by Driver after cleaning
2026-05-08 17:45:39,108 - transform - INFO - terminate updating Cancelled Rides by Driver row
2026-05-08 17:45:39,108 - transform - INFO - updating Driver Cancellation Reason...
2026-05-08 17:45:39,668 - transform - INFO - 121836 row have null value in Driver Cancellation Reason before cleaning
2026-05-08 17:45:39,668 - transform - INFO - 0 row have null value in Driver Cancellation Reason have updated to other
2026-05-08 17:45:39,668 - transform - INFO - terminate updating Driver Cancellation Reason row
2026-05-08 17:45:39,668 - transform - INFO - updating Incomplete Rides Reason row...
2026-05-08 17:45:40,195 - transform - INFO - 139819 row have null in Incomplete Rides Reason before cleaning
2026-05-08 17:45:40,195 - transform - INFO - 0 row have null in Incomplete Rides Reason after cleaning
2026-05-08 17:45:40,195 - transform - INFO - terminate updating Incomplete Rides Reason row
2026-05-08 17:45:40,195 - transform - INFO - updating Driver Ratings row...
2026-05-08 17:45:40,862 - transform - INFO - round the Driver Ratings value to 2 number after the comma...
2026-05-08 17:45:41,163 - transform - INFO - 56817 row have null value in Driver Ratings before cleaning
2026-05-08 17:45:41,163 - transform - INFO - 0 row have null value in Driver Ratings after cleaning
2026-05-08 17:45:41,163 - transform - INFO - terminate updating Driver Ratings row
2026-05-08 17:45:41,163 - transform - INFO - updating Customer Rating row...
2026-05-08 17:45:41,622 - transform - INFO - round the Customer Rating value to 2 number after the comma...
2026-05-08 17:45:41,880 - transform - INFO - 56817 row have null value in Customer Rating before cleaning
2026-05-08 17:45:41,880 - transform - INFO - 0 row have null value in Customer Rating after cleaning
2026-05-08 17:45:41,880 - transform - INFO - terminate updating Customer Rating row
2026-05-08 17:45:41,880 - transform - INFO - updating Payment Method row...
2026-05-08 17:45:42,418 - transform - INFO - 47869 row have null value in Payment Method before cleaning
2026-05-08 17:45:42,418 - transform - INFO - 0 row have null value in Payment Method after cleaning
2026-05-08 17:45:42,418 - transform - INFO - terminate updating Payment Method row
2026-05-08 17:45:42,418 - transform - INFO - updating Type of Date row...
2026-05-08 17:45:42,425 - transform - INFO - date was updated
2026-05-08 17:46:19,002 - spark session - INFO - Start to connecting to Spark...
2026-05-08 17:46:25,317 - spark session - INFO - Connected To Spark
2026-05-08 17:46:25,318 - transform - INFO - get information about dataset...
2026-05-08 17:46:25,659 - transform - INFO - count of rows before cleaning and duplicating : 150000
2026-05-08 17:46:25,659 - transform - INFO - type of columns [('Date', 'string'), ('Time', 'timestamp'), ('Booking ID', 'string'), ('Booking Status', 'string'), ('Customer ID', 'string'), ('Vehicle Type', 'string'), ('Pickup Location', 'string'), ('Drop Location', 'string'), ('Cancelled Rides by Customer', 'int'), ('Reason for cancelling by Customer', 'string'), ('Cancelled Rides by Driver', 'int'), ('Driver Cancellation Reason', 'string'), ('Incomplete Rides', 'int'), ('Incomplete Rides Reason', 'string'), ('Booking Value', 'int'), ('Ride Distance', 'double'), ('Driver Ratings', 'double'), ('Customer Rating', 'double'), ('Payment Method', 'string')]
2026-05-08 17:46:25,659 - transform - INFO - remove duplicate rows...
2026-05-08 17:46:26,565 - transform - INFO - 1224 row was removed because is duplicated
2026-05-08 17:46:26,922 - transform - INFO - 148767 unique rows
2026-05-08 17:46:26,922 - transform - INFO - updating Cancelled Rides by Customer row...
2026-05-08 17:46:27,650 - transform - INFO - 138271 row have null in Cancelled Rides by Customer before cleaning
2026-05-08 17:46:27,650 - transform - INFO - 0 row have null in Cancelled Rides by Customer after cleaning
2026-05-08 17:46:27,650 - transform - INFO - terminate updating Cancelled Rides by Customer row
2026-05-08 17:46:27,650 - transform - INFO - updating Reason for cancelling by Customer...
2026-05-08 17:46:28,570 - transform - INFO - 138271 row have null value in Reason for cancelling by Customer before cleaning
2026-05-08 17:46:28,570 - transform - INFO - 0 row have null value in Reason for cancelling by Customer have updated to other
2026-05-08 17:46:28,570 - transform - INFO - terminate updating Reason for cancelling by Customer row
2026-05-08 17:46:28,570 - transform - INFO - updating Cancelled Rides by Driver row...
2026-05-08 17:46:29,100 - transform - INFO - 121836 row have null in Cancelled Rides by Driver before cleaning
2026-05-08 17:46:29,100 - transform - INFO - 0 row have null in Cancelled Rides by Driver after cleaning
2026-05-08 17:46:29,100 - transform - INFO - terminate updating Cancelled Rides by Driver row
2026-05-08 17:46:29,100 - transform - INFO - updating Driver Cancellation Reason...
2026-05-08 17:46:29,689 - transform - INFO - 121836 row have null value in Driver Cancellation Reason before cleaning
2026-05-08 17:46:29,689 - transform - INFO - 0 row have null value in Driver Cancellation Reason have updated to other
2026-05-08 17:46:29,690 - transform - INFO - terminate updating Driver Cancellation Reason row
2026-05-08 17:46:29,690 - transform - INFO - updating Incomplete Rides Reason row...
2026-05-08 17:46:30,292 - transform - INFO - 139819 row have null in Incomplete Rides Reason before cleaning
2026-05-08 17:46:30,292 - transform - INFO - 0 row have null in Incomplete Rides Reason after cleaning
2026-05-08 17:46:30,292 - transform - INFO - terminate updating Incomplete Rides Reason row
2026-05-08 17:46:30,292 - transform - INFO - updating Driver Ratings row...
2026-05-08 17:46:31,062 - transform - INFO - round the Driver Ratings value to 2 number after the comma...
2026-05-08 17:46:31,395 - transform - INFO - 56817 row have null value in Driver Ratings before cleaning
2026-05-08 17:46:31,395 - transform - INFO - 0 row have null value in Driver Ratings after cleaning
2026-05-08 17:46:31,395 - transform - INFO - terminate updating Driver Ratings row
2026-05-08 17:46:31,395 - transform - INFO - updating Customer Rating row...
2026-05-08 17:46:32,101 - transform - INFO - round the Customer Rating value to 2 number after the comma...
2026-05-08 17:46:32,382 - transform - INFO - 56817 row have null value in Customer Rating before cleaning
2026-05-08 17:46:32,382 - transform - INFO - 0 row have null value in Customer Rating after cleaning
2026-05-08 17:46:32,382 - transform - INFO - terminate updating Customer Rating row
2026-05-08 17:46:32,382 - transform - INFO - updating Payment Method row...
2026-05-08 17:46:33,044 - transform - INFO - 47869 row have null value in Payment Method before cleaning
2026-05-08 17:46:33,044 - transform - INFO - 0 row have null value in Payment Method after cleaning
2026-05-08 17:46:33,044 - transform - INFO - terminate updating Payment Method row
2026-05-08 17:46:33,044 - transform - INFO - updating Type of Date row...
2026-05-08 17:46:33,053 - transform - INFO - date was updated
2026-05-08 17:47:21,383 - spark session - INFO - Start to connecting to Spark...
2026-05-08 17:47:27,537 - spark session - INFO - Connected To Spark
2026-05-08 17:47:27,537 - transform - INFO - get information about dataset...
2026-05-08 17:47:27,933 - transform - INFO - count of rows before cleaning and duplicating : 150000
2026-05-08 17:47:27,933 - transform - INFO - type of columns [('Date', 'string'), ('Time', 'timestamp'), ('Booking ID', 'string'), ('Booking Status', 'string'), ('Customer ID', 'string'), ('Vehicle Type', 'string'), ('Pickup Location', 'string'), ('Drop Location', 'string'), ('Cancelled Rides by Customer', 'int'), ('Reason for cancelling by Customer', 'string'), ('Cancelled Rides by Driver', 'int'), ('Driver Cancellation Reason', 'string'), ('Incomplete Rides', 'int'), ('Incomplete Rides Reason', 'string'), ('Booking Value', 'int'), ('Ride Distance', 'double'), ('Driver Ratings', 'double'), ('Customer Rating', 'double'), ('Payment Method', 'string')]
2026-05-08 17:47:27,933 - transform - INFO - remove duplicate rows...
2026-05-08 17:47:28,882 - transform - INFO - 1224 row was removed because is duplicated
2026-05-08 17:47:29,235 - transform - INFO - 148767 unique rows
2026-05-08 17:47:29,235 - transform - INFO - updating Cancelled Rides by Customer row...
2026-05-08 17:47:29,965 - transform - INFO - 138271 row have null in Cancelled Rides by Customer before cleaning
2026-05-08 17:47:29,965 - transform - INFO - 0 row have null in Cancelled Rides by Customer after cleaning
2026-05-08 17:47:29,965 - transform - INFO - terminate updating Cancelled Rides by Customer row
2026-05-08 17:47:29,965 - transform - INFO - updating Reason for cancelling by Customer...
2026-05-08 17:47:30,855 - transform - INFO - 138271 row have null value in Reason for cancelling by Customer before cleaning
2026-05-08 17:47:30,855 - transform - INFO - 0 row have null value in Reason for cancelling by Customer have updated to other
2026-05-08 17:47:30,855 - transform - INFO - terminate updating Reason for cancelling by Customer row
2026-05-08 17:47:30,855 - transform - INFO - updating Cancelled Rides by Driver row...
2026-05-08 17:47:31,392 - transform - INFO - 121836 row have null in Cancelled Rides by Driver before cleaning
2026-05-08 17:47:31,392 - transform - INFO - 0 row have null in Cancelled Rides by Driver after cleaning
2026-05-08 17:47:31,392 - transform - INFO - terminate updating Cancelled Rides by Driver row
2026-05-08 17:47:31,392 - transform - INFO - updating Driver Cancellation Reason...
2026-05-08 17:47:31,975 - transform - INFO - 121836 row have null value in Driver Cancellation Reason before cleaning
2026-05-08 17:47:31,975 - transform - INFO - 0 row have null value in Driver Cancellation Reason have updated to other
2026-05-08 17:47:31,975 - transform - INFO - terminate updating Driver Cancellation Reason row
2026-05-08 17:47:31,975 - transform - INFO - updating Incomplete Rides Reason row...
2026-05-08 17:47:32,512 - transform - INFO - 139819 row have null in Incomplete Rides Reason before cleaning
2026-05-08 17:47:32,512 - transform - INFO - 0 row have null in Incomplete Rides Reason after cleaning
2026-05-08 17:47:32,512 - transform - INFO - terminate updating Incomplete Rides Reason row
2026-05-08 17:47:32,512 - transform - INFO - updating Driver Ratings row...
2026-05-08 17:47:33,173 - transform - INFO - round the Driver Ratings value to 2 number after the comma...
2026-05-08 17:47:33,473 - transform - INFO - 56817 row have null value in Driver Ratings before cleaning
2026-05-08 17:47:33,473 - transform - INFO - 0 row have null value in Driver Ratings after cleaning
2026-05-08 17:47:33,473 - transform - INFO - terminate updating Driver Ratings row
2026-05-08 17:47:33,473 - transform - INFO - updating Customer Rating row...
2026-05-08 17:47:33,952 - transform - INFO - round the Customer Rating value to 2 number after the comma...
2026-05-08 17:47:34,213 - transform - INFO - 56817 row have null value in Customer Rating before cleaning
2026-05-08 17:47:34,213 - transform - INFO - 0 row have null value in Customer Rating after cleaning
2026-05-08 17:47:34,213 - transform - INFO - terminate updating Customer Rating row
2026-05-08 17:47:34,213 - transform - INFO - updating Payment Method row...
2026-05-08 17:47:34,755 - transform - INFO - 47869 row have null value in Payment Method before cleaning
2026-05-08 17:47:34,756 - transform - INFO - 0 row have null value in Payment Method after cleaning
2026-05-08 17:47:34,756 - transform - INFO - terminate updating Payment Method row
2026-05-08 17:47:34,756 - transform - INFO - updating Type of Date row...
2026-05-08 17:47:34,762 - transform - INFO - date was updated
2026-05-08 17:48:57,994 - spark session - INFO - Start to connecting to Spark...
2026-05-08 17:49:04,392 - spark session - INFO - Connected To Spark
2026-05-08 17:49:04,392 - transform - INFO - get information about dataset...
2026-05-08 17:49:04,773 - transform - INFO - count of rows before cleaning and duplicating : 150000
2026-05-08 17:49:04,773 - transform - INFO - type of columns [('Date', 'string'), ('Time', 'timestamp'), ('Booking ID', 'string'), ('Booking Status', 'string'), ('Customer ID', 'string'), ('Vehicle Type', 'string'), ('Pickup Location', 'string'), ('Drop Location', 'string'), ('Cancelled Rides by Customer', 'int'), ('Reason for cancelling by Customer', 'string'), ('Cancelled Rides by Driver', 'int'), ('Driver Cancellation Reason', 'string'), ('Incomplete Rides', 'int'), ('Incomplete Rides Reason', 'string'), ('Booking Value', 'int'), ('Ride Distance', 'double'), ('Driver Ratings', 'double'), ('Customer Rating', 'double'), ('Payment Method', 'string')]
2026-05-08 17:49:04,773 - transform - INFO - remove duplicate rows...
2026-05-08 17:49:05,666 - transform - INFO - 1224 row was removed because is duplicated
2026-05-08 17:49:06,036 - transform - INFO - 148767 unique rows
2026-05-08 17:49:06,036 - transform - INFO - updating Cancelled Rides by Customer row...
2026-05-08 17:49:06,815 - transform - INFO - 138271 row have null in Cancelled Rides by Customer before cleaning
2026-05-08 17:49:06,815 - transform - INFO - 0 row have null in Cancelled Rides by Customer after cleaning
2026-05-08 17:49:06,815 - transform - INFO - terminate updating Cancelled Rides by Customer row
2026-05-08 17:49:06,815 - transform - INFO - updating Reason for cancelling by Customer...
2026-05-08 17:49:07,752 - transform - INFO - 138271 row have null value in Reason for cancelling by Customer before cleaning
2026-05-08 17:49:07,752 - transform - INFO - 0 row have null value in Reason for cancelling by Customer have updated to other
2026-05-08 17:49:07,752 - transform - INFO - terminate updating Reason for cancelling by Customer row
2026-05-08 17:49:07,752 - transform - INFO - updating Cancelled Rides by Driver row...
2026-05-08 17:49:08,265 - transform - INFO - 121836 row have null in Cancelled Rides by Driver before cleaning
2026-05-08 17:49:08,265 - transform - INFO - 0 row have null in Cancelled Rides by Driver after cleaning
2026-05-08 17:49:08,265 - transform - INFO - terminate updating Cancelled Rides by Driver row
2026-05-08 17:49:08,265 - transform - INFO - updating Driver Cancellation Reason...
2026-05-08 17:49:08,945 - transform - INFO - 121836 row have null value in Driver Cancellation Reason before cleaning
2026-05-08 17:49:08,945 - transform - INFO - 0 row have null value in Driver Cancellation Reason have updated to other
2026-05-08 17:49:08,945 - transform - INFO - terminate updating Driver Cancellation Reason row
2026-05-08 17:49:08,945 - transform - INFO - updating Incomplete Rides Reason row...
2026-05-08 17:49:09,514 - transform - INFO - 139819 row have null in Incomplete Rides Reason before cleaning
2026-05-08 17:49:09,514 - transform - INFO - 0 row have null in Incomplete Rides Reason after cleaning
2026-05-08 17:49:09,514 - transform - INFO - terminate updating Incomplete Rides Reason row
2026-05-08 17:49:09,514 - transform - INFO - updating Driver Ratings row...
2026-05-08 17:49:10,173 - transform - INFO - round the Driver Ratings value to 2 number after the comma...
2026-05-08 17:49:10,468 - transform - INFO - 56817 row have null value in Driver Ratings before cleaning
2026-05-08 17:49:10,468 - transform - INFO - 0 row have null value in Driver Ratings after cleaning
2026-05-08 17:49:10,468 - transform - INFO - terminate updating Driver Ratings row
2026-05-08 17:49:10,468 - transform - INFO - updating Customer Rating row...
2026-05-08 17:49:10,928 - transform - INFO - round the Customer Rating value to 2 number after the comma...
2026-05-08 17:49:11,165 - transform - INFO - 56817 row have null value in Customer Rating before cleaning
2026-05-08 17:49:11,165 - transform - INFO - 0 row have null value in Customer Rating after cleaning
2026-05-08 17:49:11,165 - transform - INFO - terminate updating Customer Rating row
2026-05-08 17:49:11,165 - transform - INFO - updating Payment Method row...
2026-05-08 17:49:11,752 - transform - INFO - 47869 row have null value in Payment Method before cleaning
2026-05-08 17:49:11,752 - transform - INFO - 0 row have null value in Payment Method after cleaning
2026-05-08 17:49:11,752 - transform - INFO - terminate updating Payment Method row
2026-05-08 17:49:11,752 - transform - INFO - updating Type of Date row...
2026-05-08 17:49:11,758 - transform - INFO - date was updated
2026-05-08 17:49:11,759 - transform - INFO - updating Type of Time row...
2026-05-08 17:49:11,764 - transform - INFO - date was updated
2026-05-08 17:50:12,489 - spark session - INFO - Start to connecting to Spark...
2026-05-08 17:50:18,673 - spark session - INFO - Connected To Spark
2026-05-08 17:50:18,674 - transform - INFO - get information about dataset...
2026-05-08 17:50:19,231 - transform - INFO - count of rows before cleaning and duplicating : 150000
2026-05-08 17:50:19,231 - transform - INFO - type of columns [('Date', 'string'), ('Time', 'timestamp'), ('Booking ID', 'string'), ('Booking Status', 'string'), ('Customer ID', 'string'), ('Vehicle Type', 'string'), ('Pickup Location', 'string'), ('Drop Location', 'string'), ('Cancelled Rides by Customer', 'int'), ('Reason for cancelling by Customer', 'string'), ('Cancelled Rides by Driver', 'int'), ('Driver Cancellation Reason', 'string'), ('Incomplete Rides', 'int'), ('Incomplete Rides Reason', 'string'), ('Booking Value', 'int'), ('Ride Distance', 'double'), ('Driver Ratings', 'double'), ('Customer Rating', 'double'), ('Payment Method', 'string')]
2026-05-08 17:50:19,231 - transform - INFO - remove duplicate rows...
2026-05-08 17:50:20,241 - transform - INFO - 1224 row was removed because is duplicated
2026-05-08 17:50:20,653 - transform - INFO - 148767 unique rows
2026-05-08 17:50:20,653 - transform - INFO - updating Cancelled Rides by Customer row...
2026-05-08 17:50:21,416 - transform - INFO - 138271 row have null in Cancelled Rides by Customer before cleaning
2026-05-08 17:50:21,416 - transform - INFO - 0 row have null in Cancelled Rides by Customer after cleaning
2026-05-08 17:50:21,416 - transform - INFO - terminate updating Cancelled Rides by Customer row
2026-05-08 17:50:21,416 - transform - INFO - updating Reason for cancelling by Customer...
2026-05-08 17:50:22,340 - transform - INFO - 138271 row have null value in Reason for cancelling by Customer before cleaning
2026-05-08 17:50:22,340 - transform - INFO - 0 row have null value in Reason for cancelling by Customer have updated to other
2026-05-08 17:50:22,340 - transform - INFO - terminate updating Reason for cancelling by Customer row
2026-05-08 17:50:22,340 - transform - INFO - updating Cancelled Rides by Driver row...
2026-05-08 17:50:22,861 - transform - INFO - 121836 row have null in Cancelled Rides by Driver before cleaning
2026-05-08 17:50:22,861 - transform - INFO - 0 row have null in Cancelled Rides by Driver after cleaning
2026-05-08 17:50:22,861 - transform - INFO - terminate updating Cancelled Rides by Driver row
2026-05-08 17:50:22,861 - transform - INFO - updating Driver Cancellation Reason...
2026-05-08 17:50:23,463 - transform - INFO - 121836 row have null value in Driver Cancellation Reason before cleaning
2026-05-08 17:50:23,463 - transform - INFO - 0 row have null value in Driver Cancellation Reason have updated to other
2026-05-08 17:50:23,463 - transform - INFO - terminate updating Driver Cancellation Reason row
2026-05-08 17:50:23,463 - transform - INFO - updating Incomplete Rides Reason row...
2026-05-08 17:50:24,031 - transform - INFO - 139819 row have null in Incomplete Rides Reason before cleaning
2026-05-08 17:50:24,032 - transform - INFO - 0 row have null in Incomplete Rides Reason after cleaning
2026-05-08 17:50:24,032 - transform - INFO - terminate updating Incomplete Rides Reason row
2026-05-08 17:50:24,032 - transform - INFO - updating Driver Ratings row...
2026-05-08 17:50:24,741 - transform - INFO - round the Driver Ratings value to 2 number after the comma...
2026-05-08 17:50:25,036 - transform - INFO - 56817 row have null value in Driver Ratings before cleaning
2026-05-08 17:50:25,036 - transform - INFO - 0 row have null value in Driver Ratings after cleaning
2026-05-08 17:50:25,036 - transform - INFO - terminate updating Driver Ratings row
2026-05-08 17:50:25,036 - transform - INFO - updating Customer Rating row...
2026-05-08 17:50:25,510 - transform - INFO - round the Customer Rating value to 2 number after the comma...
2026-05-08 17:50:25,752 - transform - INFO - 56817 row have null value in Customer Rating before cleaning
2026-05-08 17:50:25,753 - transform - INFO - 0 row have null value in Customer Rating after cleaning
2026-05-08 17:50:25,753 - transform - INFO - terminate updating Customer Rating row
2026-05-08 17:50:25,753 - transform - INFO - updating Payment Method row...
2026-05-08 17:50:26,321 - transform - INFO - 47869 row have null value in Payment Method before cleaning
2026-05-08 17:50:26,321 - transform - INFO - 0 row have null value in Payment Method after cleaning
2026-05-08 17:50:26,321 - transform - INFO - terminate updating Payment Method row
2026-05-08 17:50:26,321 - transform - INFO - updating Type of Date row...
2026-05-08 17:50:26,327 - transform - INFO - date was updated
2026-05-08 17:50:26,328 - transform - INFO - updating Type of Time row...
2026-05-08 17:50:26,333 - transform - INFO - Time was updated
2026-05-08 17:51:12,313 - spark session - INFO - Start to connecting to Spark...
2026-05-08 17:51:17,838 - spark session - INFO - Connected To Spark
2026-05-08 17:51:17,838 - transform - INFO - get information about dataset...
2026-05-08 17:51:18,270 - transform - INFO - count of rows before cleaning and duplicating : 150000
2026-05-08 17:51:18,270 - transform - INFO - type of columns [('Date', 'string'), ('Time', 'timestamp'), ('Booking ID', 'string'), ('Booking Status', 'string'), ('Customer ID', 'string'), ('Vehicle Type', 'string'), ('Pickup Location', 'string'), ('Drop Location', 'string'), ('Cancelled Rides by Customer', 'int'), ('Reason for cancelling by Customer', 'string'), ('Cancelled Rides by Driver', 'int'), ('Driver Cancellation Reason', 'string'), ('Incomplete Rides', 'int'), ('Incomplete Rides Reason', 'string'), ('Booking Value', 'int'), ('Ride Distance', 'double'), ('Driver Ratings', 'double'), ('Customer Rating', 'double'), ('Payment Method', 'string')]
2026-05-08 17:51:18,271 - transform - INFO - remove duplicate rows...
2026-05-08 17:51:19,145 - transform - INFO - 1224 row was removed because is duplicated
2026-05-08 17:51:19,479 - transform - INFO - 148767 unique rows
2026-05-08 17:51:19,479 - transform - INFO - updating Cancelled Rides by Customer row...
2026-05-08 17:51:20,214 - transform - INFO - 138271 row have null in Cancelled Rides by Customer before cleaning
2026-05-08 17:51:20,214 - transform - INFO - 0 row have null in Cancelled Rides by Customer after cleaning
2026-05-08 17:51:20,214 - transform - INFO - terminate updating Cancelled Rides by Customer row
2026-05-08 17:51:20,214 - transform - INFO - updating Reason for cancelling by Customer...
2026-05-08 17:51:21,134 - transform - INFO - 138271 row have null value in Reason for cancelling by Customer before cleaning
2026-05-08 17:51:21,135 - transform - INFO - 0 row have null value in Reason for cancelling by Customer have updated to other
2026-05-08 17:51:21,135 - transform - INFO - terminate updating Reason for cancelling by Customer row
2026-05-08 17:51:21,135 - transform - INFO - updating Cancelled Rides by Driver row...
2026-05-08 17:51:21,660 - transform - INFO - 121836 row have null in Cancelled Rides by Driver before cleaning
2026-05-08 17:51:21,660 - transform - INFO - 0 row have null in Cancelled Rides by Driver after cleaning
2026-05-08 17:51:21,660 - transform - INFO - terminate updating Cancelled Rides by Driver row
2026-05-08 17:51:21,660 - transform - INFO - updating Driver Cancellation Reason...
2026-05-08 17:51:22,227 - transform - INFO - 121836 row have null value in Driver Cancellation Reason before cleaning
2026-05-08 17:51:22,228 - transform - INFO - 0 row have null value in Driver Cancellation Reason have updated to other
2026-05-08 17:51:22,228 - transform - INFO - terminate updating Driver Cancellation Reason row
2026-05-08 17:51:22,228 - transform - INFO - updating Incomplete Rides Reason row...
2026-05-08 17:51:22,793 - transform - INFO - 139819 row have null in Incomplete Rides Reason before cleaning
2026-05-08 17:51:22,793 - transform - INFO - 0 row have null in Incomplete Rides Reason after cleaning
2026-05-08 17:51:22,793 - transform - INFO - terminate updating Incomplete Rides Reason row
2026-05-08 17:51:22,793 - transform - INFO - updating Driver Ratings row...
2026-05-08 17:51:23,472 - transform - INFO - round the Driver Ratings value to 2 number after the comma...
2026-05-08 17:51:23,786 - transform - INFO - 56817 row have null value in Driver Ratings before cleaning
2026-05-08 17:51:23,786 - transform - INFO - 0 row have null value in Driver Ratings after cleaning
2026-05-08 17:51:23,786 - transform - INFO - terminate updating Driver Ratings row
2026-05-08 17:51:23,786 - transform - INFO - updating Customer Rating row...
2026-05-08 17:51:24,276 - transform - INFO - round the Customer Rating value to 2 number after the comma...
2026-05-08 17:51:24,514 - transform - INFO - 56817 row have null value in Customer Rating before cleaning
2026-05-08 17:51:24,514 - transform - INFO - 0 row have null value in Customer Rating after cleaning
2026-05-08 17:51:24,514 - transform - INFO - terminate updating Customer Rating row
2026-05-08 17:51:24,514 - transform - INFO - updating Payment Method row...
2026-05-08 17:51:25,101 - transform - INFO - 47869 row have null value in Payment Method before cleaning
2026-05-08 17:51:25,101 - transform - INFO - 0 row have null value in Payment Method after cleaning
2026-05-08 17:51:25,101 - transform - INFO - terminate updating Payment Method row
2026-05-08 17:51:25,101 - transform - INFO - updating Type of Date row...
2026-05-08 17:51:25,109 - transform - INFO - date was updated
2026-05-08 17:51:25,109 - transform - INFO - updating Type of Time row...
2026-05-08 17:51:25,117 - transform - INFO - Time was updated
2026-05-08 17:52:35,360 - spark session - INFO - Start to connecting to Spark...
2026-05-08 17:52:41,946 - spark session - INFO - Connected To Spark
2026-05-08 17:52:41,946 - transform - INFO - get information about dataset...
2026-05-08 17:52:42,313 - transform - INFO - count of rows before cleaning and duplicating : 150000
2026-05-08 17:52:42,313 - transform - INFO - type of columns [('Date', 'string'), ('Time', 'timestamp'), ('Booking ID', 'string'), ('Booking Status', 'string'), ('Customer ID', 'string'), ('Vehicle Type', 'string'), ('Pickup Location', 'string'), ('Drop Location', 'string'), ('Cancelled Rides by Customer', 'int'), ('Reason for cancelling by Customer', 'string'), ('Cancelled Rides by Driver', 'int'), ('Driver Cancellation Reason', 'string'), ('Incomplete Rides', 'int'), ('Incomplete Rides Reason', 'string'), ('Booking Value', 'int'), ('Ride Distance', 'double'), ('Driver Ratings', 'double'), ('Customer Rating', 'double'), ('Payment Method', 'string')]
2026-05-08 17:52:42,313 - transform - INFO - remove duplicate rows...
2026-05-08 17:52:43,191 - transform - INFO - 1224 row was removed because is duplicated
2026-05-08 17:52:43,575 - transform - INFO - 148767 unique rows
2026-05-08 17:52:43,575 - transform - INFO - updating Cancelled Rides by Customer row...
2026-05-08 17:52:44,331 - transform - INFO - 138271 row have null in Cancelled Rides by Customer before cleaning
2026-05-08 17:52:44,331 - transform - INFO - 0 row have null in Cancelled Rides by Customer after cleaning
2026-05-08 17:52:44,331 - transform - INFO - terminate updating Cancelled Rides by Customer row
2026-05-08 17:52:44,331 - transform - INFO - updating Reason for cancelling by Customer...
2026-05-08 17:52:45,217 - transform - INFO - 138271 row have null value in Reason for cancelling by Customer before cleaning
2026-05-08 17:52:45,217 - transform - INFO - 0 row have null value in Reason for cancelling by Customer have updated to other
2026-05-08 17:52:45,217 - transform - INFO - terminate updating Reason for cancelling by Customer row
2026-05-08 17:52:45,217 - transform - INFO - updating Cancelled Rides by Driver row...
2026-05-08 17:52:45,746 - transform - INFO - 121836 row have null in Cancelled Rides by Driver before cleaning
2026-05-08 17:52:45,746 - transform - INFO - 0 row have null in Cancelled Rides by Driver after cleaning
2026-05-08 17:52:45,746 - transform - INFO - terminate updating Cancelled Rides by Driver row
2026-05-08 17:52:45,746 - transform - INFO - updating Driver Cancellation Reason...
2026-05-08 17:52:46,314 - transform - INFO - 121836 row have null value in Driver Cancellation Reason before cleaning
2026-05-08 17:52:46,314 - transform - INFO - 0 row have null value in Driver Cancellation Reason have updated to other
2026-05-08 17:52:46,314 - transform - INFO - terminate updating Driver Cancellation Reason row
2026-05-08 17:52:46,314 - transform - INFO - updating Incomplete Rides Reason row...
2026-05-08 17:52:46,868 - transform - INFO - 139819 row have null in Incomplete Rides Reason before cleaning
2026-05-08 17:52:46,868 - transform - INFO - 0 row have null in Incomplete Rides Reason after cleaning
2026-05-08 17:52:46,868 - transform - INFO - terminate updating Incomplete Rides Reason row
2026-05-08 17:52:46,868 - transform - INFO - updating Driver Ratings row...
2026-05-08 17:52:47,583 - transform - INFO - round the Driver Ratings value to 2 number after the comma...
2026-05-08 17:52:47,892 - transform - INFO - 56817 row have null value in Driver Ratings before cleaning
2026-05-08 17:52:47,892 - transform - INFO - 0 row have null value in Driver Ratings after cleaning
2026-05-08 17:52:47,892 - transform - INFO - terminate updating Driver Ratings row
2026-05-08 17:52:47,892 - transform - INFO - updating Customer Rating row...
2026-05-08 17:52:48,373 - transform - INFO - round the Customer Rating value to 2 number after the comma...
2026-05-08 17:52:48,615 - transform - INFO - 56817 row have null value in Customer Rating before cleaning
2026-05-08 17:52:48,615 - transform - INFO - 0 row have null value in Customer Rating after cleaning
2026-05-08 17:52:48,615 - transform - INFO - terminate updating Customer Rating row
2026-05-08 17:52:48,615 - transform - INFO - updating Payment Method row...
2026-05-08 17:52:49,164 - transform - INFO - 47869 row have null value in Payment Method before cleaning
2026-05-08 17:52:49,164 - transform - INFO - 0 row have null value in Payment Method after cleaning
2026-05-08 17:52:49,164 - transform - INFO - terminate updating Payment Method row
2026-05-08 17:52:49,164 - transform - INFO - updating Type of Date row...
2026-05-08 17:52:49,170 - transform - INFO - date was updated
2026-05-08 17:52:49,170 - transform - INFO - updating Type of Time row...
2026-05-08 17:52:49,176 - transform - INFO - Time was updated
2026-05-08 18:01:01,604 - spark session - INFO - Start to connecting to Spark...
2026-05-08 18:01:07,887 - spark session - INFO - Connected To Spark
2026-05-08 18:01:07,888 - transform - INFO - get information about dataset...
2026-05-08 18:01:08,226 - transform - INFO - count of rows before cleaning and duplicating : 150000
2026-05-08 18:01:08,226 - transform - INFO - type of columns [('Date', 'string'), ('Time', 'timestamp'), ('Booking ID', 'string'), ('Booking Status', 'string'), ('Customer ID', 'string'), ('Vehicle Type', 'string'), ('Pickup Location', 'string'), ('Drop Location', 'string'), ('Cancelled Rides by Customer', 'int'), ('Reason for cancelling by Customer', 'string'), ('Cancelled Rides by Driver', 'int'), ('Driver Cancellation Reason', 'string'), ('Incomplete Rides', 'int'), ('Incomplete Rides Reason', 'string'), ('Booking Value', 'int'), ('Ride Distance', 'double'), ('Driver Ratings', 'double'), ('Customer Rating', 'double'), ('Payment Method', 'string')]
2026-05-08 18:01:08,226 - transform - INFO - remove duplicate rows...
2026-05-08 18:01:09,137 - transform - INFO - 1224 row was removed because is duplicated
2026-05-08 18:01:09,505 - transform - INFO - 148767 unique rows
2026-05-08 18:01:09,505 - transform - INFO - updating Cancelled Rides by Customer row...
2026-05-08 18:01:10,322 - transform - INFO - 138271 row have null in Cancelled Rides by Customer before cleaning
2026-05-08 18:01:10,322 - transform - INFO - 0 row have null in Cancelled Rides by Customer after cleaning
2026-05-08 18:01:10,322 - transform - INFO - terminate updating Cancelled Rides by Customer row
2026-05-08 18:01:10,322 - transform - INFO - updating Reason for cancelling by Customer...
2026-05-08 18:01:11,250 - transform - INFO - 138271 row have null value in Reason for cancelling by Customer before cleaning
2026-05-08 18:01:11,250 - transform - INFO - 0 row have null value in Reason for cancelling by Customer have updated to other
2026-05-08 18:01:11,250 - transform - INFO - terminate updating Reason for cancelling by Customer row
2026-05-08 18:01:11,250 - transform - INFO - updating Cancelled Rides by Driver row...
2026-05-08 18:01:11,773 - transform - INFO - 121836 row have null in Cancelled Rides by Driver before cleaning
2026-05-08 18:01:11,773 - transform - INFO - 0 row have null in Cancelled Rides by Driver after cleaning
2026-05-08 18:01:11,773 - transform - INFO - terminate updating Cancelled Rides by Driver row
2026-05-08 18:01:11,773 - transform - INFO - updating Driver Cancellation Reason...
2026-05-08 18:01:12,350 - transform - INFO - 121836 row have null value in Driver Cancellation Reason before cleaning
2026-05-08 18:01:12,350 - transform - INFO - 0 row have null value in Driver Cancellation Reason have updated to other
2026-05-08 18:01:12,350 - transform - INFO - terminate updating Driver Cancellation Reason row
2026-05-08 18:01:12,350 - transform - INFO - updating Incomplete Rides Reason row...
2026-05-08 18:01:12,892 - transform - INFO - 139819 row have null in Incomplete Rides Reason before cleaning
2026-05-08 18:01:12,892 - transform - INFO - 0 row have null in Incomplete Rides Reason after cleaning
2026-05-08 18:01:12,892 - transform - INFO - terminate updating Incomplete Rides Reason row
2026-05-08 18:01:12,892 - transform - INFO - updating Driver Ratings row...
2026-05-08 18:01:13,565 - transform - INFO - round the Driver Ratings value to 2 number after the comma...
2026-05-08 18:01:13,853 - transform - INFO - 56817 row have null value in Driver Ratings before cleaning
2026-05-08 18:01:13,853 - transform - INFO - 0 row have null value in Driver Ratings after cleaning
2026-05-08 18:01:13,853 - transform - INFO - terminate updating Driver Ratings row
2026-05-08 18:01:13,853 - transform - INFO - updating Customer Rating row...
2026-05-08 18:01:14,331 - transform - INFO - round the Customer Rating value to 2 number after the comma...
2026-05-08 18:01:14,594 - transform - INFO - 56817 row have null value in Customer Rating before cleaning
2026-05-08 18:01:14,594 - transform - INFO - 0 row have null value in Customer Rating after cleaning
2026-05-08 18:01:14,594 - transform - INFO - terminate updating Customer Rating row
2026-05-08 18:01:14,594 - transform - INFO - updating Payment Method row...
2026-05-08 18:01:15,157 - transform - INFO - 47869 row have null value in Payment Method before cleaning
2026-05-08 18:01:15,157 - transform - INFO - 0 row have null value in Payment Method after cleaning
2026-05-08 18:01:15,157 - transform - INFO - terminate updating Payment Method row
2026-05-08 18:01:15,157 - transform - INFO - updating Type of Date row...
2026-05-08 18:01:15,164 - transform - INFO - date was updated
2026-05-08 18:01:15,164 - transform - INFO - updating Type of Time row...
2026-05-08 18:01:15,169 - transform - INFO - Time was updated
2026-05-08 18:01:15,169 - transform - INFO - verifying data...
2026-05-08 18:01:38,465 - spark session - INFO - Start to connecting to Spark...
2026-05-08 18:01:44,004 - spark session - INFO - Connected To Spark
2026-05-08 18:01:44,004 - transform - INFO - get information about dataset...
2026-05-08 18:01:44,442 - transform - INFO - count of rows before cleaning and duplicating : 150000
2026-05-08 18:01:44,442 - transform - INFO - type of columns [('Date', 'string'), ('Time', 'timestamp'), ('Booking ID', 'string'), ('Booking Status', 'string'), ('Customer ID', 'string'), ('Vehicle Type', 'string'), ('Pickup Location', 'string'), ('Drop Location', 'string'), ('Cancelled Rides by Customer', 'int'), ('Reason for cancelling by Customer', 'string'), ('Cancelled Rides by Driver', 'int'), ('Driver Cancellation Reason', 'string'), ('Incomplete Rides', 'int'), ('Incomplete Rides Reason', 'string'), ('Booking Value', 'int'), ('Ride Distance', 'double'), ('Driver Ratings', 'double'), ('Customer Rating', 'double'), ('Payment Method', 'string')]
2026-05-08 18:01:44,442 - transform - INFO - remove duplicate rows...
2026-05-08 18:01:45,391 - transform - INFO - 1224 row was removed because is duplicated
2026-05-08 18:01:45,900 - transform - INFO - 148767 unique rows
2026-05-08 18:01:45,900 - transform - INFO - updating Cancelled Rides by Customer row...
2026-05-08 18:01:46,647 - transform - INFO - 138271 row have null in Cancelled Rides by Customer before cleaning
2026-05-08 18:01:46,647 - transform - INFO - 0 row have null in Cancelled Rides by Customer after cleaning
2026-05-08 18:01:46,647 - transform - INFO - terminate updating Cancelled Rides by Customer row
2026-05-08 18:01:46,647 - transform - INFO - updating Reason for cancelling by Customer...
2026-05-08 18:01:47,572 - transform - INFO - 138271 row have null value in Reason for cancelling by Customer before cleaning
2026-05-08 18:01:47,572 - transform - INFO - 0 row have null value in Reason for cancelling by Customer have updated to other
2026-05-08 18:01:47,572 - transform - INFO - terminate updating Reason for cancelling by Customer row
2026-05-08 18:01:47,572 - transform - INFO - updating Cancelled Rides by Driver row...
2026-05-08 18:01:48,107 - transform - INFO - 121836 row have null in Cancelled Rides by Driver before cleaning
2026-05-08 18:01:48,107 - transform - INFO - 0 row have null in Cancelled Rides by Driver after cleaning
2026-05-08 18:01:48,107 - transform - INFO - terminate updating Cancelled Rides by Driver row
2026-05-08 18:01:48,107 - transform - INFO - updating Driver Cancellation Reason...
2026-05-08 18:01:48,711 - transform - INFO - 121836 row have null value in Driver Cancellation Reason before cleaning
2026-05-08 18:01:48,711 - transform - INFO - 0 row have null value in Driver Cancellation Reason have updated to other
2026-05-08 18:01:48,711 - transform - INFO - terminate updating Driver Cancellation Reason row
2026-05-08 18:01:48,711 - transform - INFO - updating Incomplete Rides Reason row...
2026-05-08 18:01:49,259 - transform - INFO - 139819 row have null in Incomplete Rides Reason before cleaning
2026-05-08 18:01:49,260 - transform - INFO - 0 row have null in Incomplete Rides Reason after cleaning
2026-05-08 18:01:49,260 - transform - INFO - terminate updating Incomplete Rides Reason row
2026-05-08 18:01:49,260 - transform - INFO - updating Driver Ratings row...
2026-05-08 18:01:49,943 - transform - INFO - round the Driver Ratings value to 2 number after the comma...
2026-05-08 18:01:50,253 - transform - INFO - 56817 row have null value in Driver Ratings before cleaning
2026-05-08 18:01:50,253 - transform - INFO - 0 row have null value in Driver Ratings after cleaning
2026-05-08 18:01:50,253 - transform - INFO - terminate updating Driver Ratings row
2026-05-08 18:01:50,253 - transform - INFO - updating Customer Rating row...
2026-05-08 18:01:50,983 - transform - INFO - round the Customer Rating value to 2 number after the comma...
2026-05-08 18:01:51,306 - transform - INFO - 56817 row have null value in Customer Rating before cleaning
2026-05-08 18:01:51,307 - transform - INFO - 0 row have null value in Customer Rating after cleaning
2026-05-08 18:01:51,307 - transform - INFO - terminate updating Customer Rating row
2026-05-08 18:01:51,307 - transform - INFO - updating Payment Method row...
2026-05-08 18:01:52,166 - transform - INFO - 47869 row have null value in Payment Method before cleaning
2026-05-08 18:01:52,166 - transform - INFO - 0 row have null value in Payment Method after cleaning
2026-05-08 18:01:52,166 - transform - INFO - terminate updating Payment Method row
2026-05-08 18:01:52,167 - transform - INFO - updating Type of Date row...
2026-05-08 18:01:52,180 - transform - INFO - date was updated
2026-05-08 18:01:52,181 - transform - INFO - updating Type of Time row...
2026-05-08 18:01:52,190 - transform - INFO - Time was updated
2026-05-08 18:01:52,190 - transform - INFO - verifying data...
2026-05-08 18:02:41,970 - spark session - INFO - Start to connecting to Spark...
2026-05-08 18:02:47,638 - spark session - INFO - Connected To Spark
2026-05-08 18:02:47,639 - transform - INFO - get information about dataset...
2026-05-08 18:02:48,011 - transform - INFO - count of rows before cleaning and duplicating : 150000
2026-05-08 18:02:48,011 - transform - INFO - type of columns [('Date', 'string'), ('Time', 'timestamp'), ('Booking ID', 'string'), ('Booking Status', 'string'), ('Customer ID', 'string'), ('Vehicle Type', 'string'), ('Pickup Location', 'string'), ('Drop Location', 'string'), ('Cancelled Rides by Customer', 'int'), ('Reason for cancelling by Customer', 'string'), ('Cancelled Rides by Driver', 'int'), ('Driver Cancellation Reason', 'string'), ('Incomplete Rides', 'int'), ('Incomplete Rides Reason', 'string'), ('Booking Value', 'int'), ('Ride Distance', 'double'), ('Driver Ratings', 'double'), ('Customer Rating', 'double'), ('Payment Method', 'string')]
2026-05-08 18:02:48,011 - transform - INFO - remove duplicate rows...
2026-05-08 18:02:48,874 - transform - INFO - 1224 row was removed because is duplicated
2026-05-08 18:02:49,201 - transform - INFO - 148767 unique rows
2026-05-08 18:02:49,201 - transform - INFO - updating Cancelled Rides by Customer row...
2026-05-08 18:02:49,944 - transform - INFO - 138271 row have null in Cancelled Rides by Customer before cleaning
2026-05-08 18:02:49,944 - transform - INFO - 0 row have null in Cancelled Rides by Customer after cleaning
2026-05-08 18:02:49,944 - transform - INFO - terminate updating Cancelled Rides by Customer row
2026-05-08 18:02:49,944 - transform - INFO - updating Reason for cancelling by Customer...
2026-05-08 18:02:50,887 - transform - INFO - 138271 row have null value in Reason for cancelling by Customer before cleaning
2026-05-08 18:02:50,887 - transform - INFO - 0 row have null value in Reason for cancelling by Customer have updated to other
2026-05-08 18:02:50,887 - transform - INFO - terminate updating Reason for cancelling by Customer row
2026-05-08 18:02:50,887 - transform - INFO - updating Cancelled Rides by Driver row...
2026-05-08 18:02:51,409 - transform - INFO - 121836 row have null in Cancelled Rides by Driver before cleaning
2026-05-08 18:02:51,409 - transform - INFO - 0 row have null in Cancelled Rides by Driver after cleaning
2026-05-08 18:02:51,409 - transform - INFO - terminate updating Cancelled Rides by Driver row
2026-05-08 18:02:51,409 - transform - INFO - updating Driver Cancellation Reason...
2026-05-08 18:02:51,958 - transform - INFO - 121836 row have null value in Driver Cancellation Reason before cleaning
2026-05-08 18:02:51,958 - transform - INFO - 0 row have null value in Driver Cancellation Reason have updated to other
2026-05-08 18:02:51,958 - transform - INFO - terminate updating Driver Cancellation Reason row
2026-05-08 18:02:51,958 - transform - INFO - updating Incomplete Rides Reason row...
2026-05-08 18:02:52,487 - transform - INFO - 139819 row have null in Incomplete Rides Reason before cleaning
2026-05-08 18:02:52,487 - transform - INFO - 0 row have null in Incomplete Rides Reason after cleaning
2026-05-08 18:02:52,487 - transform - INFO - terminate updating Incomplete Rides Reason row
2026-05-08 18:02:52,487 - transform - INFO - updating Driver Ratings row...
2026-05-08 18:02:53,150 - transform - INFO - round the Driver Ratings value to 2 number after the comma...
2026-05-08 18:02:53,448 - transform - INFO - 56817 row have null value in Driver Ratings before cleaning
2026-05-08 18:02:53,448 - transform - INFO - 0 row have null value in Driver Ratings after cleaning
2026-05-08 18:02:53,448 - transform - INFO - terminate updating Driver Ratings row
2026-05-08 18:02:53,448 - transform - INFO - updating Customer Rating row...
2026-05-08 18:02:53,921 - transform - INFO - round the Customer Rating value to 2 number after the comma...
2026-05-08 18:02:54,155 - transform - INFO - 56817 row have null value in Customer Rating before cleaning
2026-05-08 18:02:54,155 - transform - INFO - 0 row have null value in Customer Rating after cleaning
2026-05-08 18:02:54,155 - transform - INFO - terminate updating Customer Rating row
2026-05-08 18:02:54,155 - transform - INFO - updating Payment Method row...
2026-05-08 18:02:54,732 - transform - INFO - 47869 row have null value in Payment Method before cleaning
2026-05-08 18:02:54,732 - transform - INFO - 0 row have null value in Payment Method after cleaning
2026-05-08 18:02:54,733 - transform - INFO - terminate updating Payment Method row
2026-05-08 18:02:54,733 - transform - INFO - updating Type of Date row...
2026-05-08 18:02:54,739 - transform - INFO - date was updated
2026-05-08 18:02:54,739 - transform - INFO - updating Type of Time row...
2026-05-08 18:02:54,745 - transform - INFO - Time was updated
2026-05-08 18:02:54,745 - transform - INFO - verifying data...
2026-05-08 18:05:10,450 - spark session - INFO - Start to connecting to Spark...
2026-05-08 18:05:17,215 - spark session - INFO - Connected To Spark
2026-05-08 18:05:17,216 - transform - INFO - get information about dataset...
2026-05-08 18:05:17,722 - transform - INFO - count of rows before cleaning and duplicating : 150000
2026-05-08 18:05:17,723 - transform - INFO - type of columns [('Date', 'string'), ('Time', 'timestamp'), ('Booking ID', 'string'), ('Booking Status', 'string'), ('Customer ID', 'string'), ('Vehicle Type', 'string'), ('Pickup Location', 'string'), ('Drop Location', 'string'), ('Cancelled Rides by Customer', 'int'), ('Reason for cancelling by Customer', 'string'), ('Cancelled Rides by Driver', 'int'), ('Driver Cancellation Reason', 'string'), ('Incomplete Rides', 'int'), ('Incomplete Rides Reason', 'string'), ('Booking Value', 'int'), ('Ride Distance', 'double'), ('Driver Ratings', 'double'), ('Customer Rating', 'double'), ('Payment Method', 'string')]
2026-05-08 18:05:17,723 - transform - INFO - remove duplicate rows...
2026-05-08 18:05:18,598 - transform - INFO - 1224 row was removed because is duplicated
2026-05-08 18:05:19,002 - transform - INFO - 148767 unique rows
2026-05-08 18:05:19,002 - transform - INFO - updating Cancelled Rides by Customer row...
2026-05-08 18:05:19,804 - transform - INFO - 138271 row have null in Cancelled Rides by Customer before cleaning
2026-05-08 18:05:19,805 - transform - INFO - 0 row have null in Cancelled Rides by Customer after cleaning
2026-05-08 18:05:19,805 - transform - INFO - terminate updating Cancelled Rides by Customer row
2026-05-08 18:05:19,805 - transform - INFO - updating Reason for cancelling by Customer...
2026-05-08 18:05:20,767 - transform - INFO - 138271 row have null value in Reason for cancelling by Customer before cleaning
2026-05-08 18:05:20,767 - transform - INFO - 0 row have null value in Reason for cancelling by Customer have updated to other
2026-05-08 18:05:20,767 - transform - INFO - terminate updating Reason for cancelling by Customer row
2026-05-08 18:05:20,767 - transform - INFO - updating Cancelled Rides by Driver row...
2026-05-08 18:05:21,283 - transform - INFO - 121836 row have null in Cancelled Rides by Driver before cleaning
2026-05-08 18:05:21,283 - transform - INFO - 0 row have null in Cancelled Rides by Driver after cleaning
2026-05-08 18:05:21,283 - transform - INFO - terminate updating Cancelled Rides by Driver row
2026-05-08 18:05:21,283 - transform - INFO - updating Driver Cancellation Reason...
2026-05-08 18:05:21,846 - transform - INFO - 121836 row have null value in Driver Cancellation Reason before cleaning
2026-05-08 18:05:21,846 - transform - INFO - 0 row have null value in Driver Cancellation Reason have updated to other
2026-05-08 18:05:21,846 - transform - INFO - terminate updating Driver Cancellation Reason row
2026-05-08 18:05:21,846 - transform - INFO - updating Incomplete Rides Reason row...
2026-05-08 18:05:22,382 - transform - INFO - 139819 row have null in Incomplete Rides Reason before cleaning
2026-05-08 18:05:22,382 - transform - INFO - 0 row have null in Incomplete Rides Reason after cleaning
2026-05-08 18:05:22,382 - transform - INFO - terminate updating Incomplete Rides Reason row
2026-05-08 18:05:22,382 - transform - INFO - updating Driver Ratings row...
2026-05-08 18:05:23,059 - transform - INFO - round the Driver Ratings value to 2 number after the comma...
2026-05-08 18:05:23,357 - transform - INFO - 56817 row have null value in Driver Ratings before cleaning
2026-05-08 18:05:23,357 - transform - INFO - 0 row have null value in Driver Ratings after cleaning
2026-05-08 18:05:23,357 - transform - INFO - terminate updating Driver Ratings row
2026-05-08 18:05:23,357 - transform - INFO - updating Customer Rating row...
2026-05-08 18:05:23,828 - transform - INFO - round the Customer Rating value to 2 number after the comma...
2026-05-08 18:05:24,077 - transform - INFO - 56817 row have null value in Customer Rating before cleaning
2026-05-08 18:05:24,078 - transform - INFO - 0 row have null value in Customer Rating after cleaning
2026-05-08 18:05:24,078 - transform - INFO - terminate updating Customer Rating row
2026-05-08 18:05:24,078 - transform - INFO - updating Payment Method row...
2026-05-08 18:05:24,626 - transform - INFO - 47869 row have null value in Payment Method before cleaning
2026-05-08 18:05:24,626 - transform - INFO - 0 row have null value in Payment Method after cleaning
2026-05-08 18:05:24,626 - transform - INFO - terminate updating Payment Method row
2026-05-08 18:05:24,626 - transform - INFO - updating Type of Date row...
2026-05-08 18:05:24,639 - transform - INFO - date was updated
2026-05-08 18:05:24,639 - transform - INFO - updating Type of Time row...
2026-05-08 18:05:24,645 - transform - INFO - Time was updated
2026-05-08 18:05:24,645 - transform - INFO - verifying data...
2026-05-08 18:05:53,275 - spark session - INFO - Start to connecting to Spark...
2026-05-08 18:05:59,281 - spark session - INFO - Connected To Spark
2026-05-08 18:05:59,282 - transform - INFO - get information about dataset...
2026-05-08 18:05:59,627 - transform - INFO - count of rows before cleaning and duplicating : 150000
2026-05-08 18:05:59,628 - transform - INFO - type of columns [('Date', 'string'), ('Time', 'timestamp'), ('Booking ID', 'string'), ('Booking Status', 'string'), ('Customer ID', 'string'), ('Vehicle Type', 'string'), ('Pickup Location', 'string'), ('Drop Location', 'string'), ('Cancelled Rides by Customer', 'int'), ('Reason for cancelling by Customer', 'string'), ('Cancelled Rides by Driver', 'int'), ('Driver Cancellation Reason', 'string'), ('Incomplete Rides', 'int'), ('Incomplete Rides Reason', 'string'), ('Booking Value', 'int'), ('Ride Distance', 'double'), ('Driver Ratings', 'double'), ('Customer Rating', 'double'), ('Payment Method', 'string')]
2026-05-08 18:05:59,628 - transform - INFO - remove duplicate rows...
2026-05-08 18:06:00,485 - transform - INFO - 1224 row was removed because is duplicated
2026-05-08 18:06:00,840 - transform - INFO - 148767 unique rows
2026-05-08 18:06:00,840 - transform - INFO - updating Cancelled Rides by Customer row...
2026-05-08 18:06:01,545 - transform - INFO - 138271 row have null in Cancelled Rides by Customer before cleaning
2026-05-08 18:06:01,545 - transform - INFO - 0 row have null in Cancelled Rides by Customer after cleaning
2026-05-08 18:06:01,545 - transform - INFO - terminate updating Cancelled Rides by Customer row
2026-05-08 18:06:01,545 - transform - INFO - updating Reason for cancelling by Customer...
2026-05-08 18:06:02,392 - transform - INFO - 138271 row have null value in Reason for cancelling by Customer before cleaning
2026-05-08 18:06:02,392 - transform - INFO - 0 row have null value in Reason for cancelling by Customer have updated to other
2026-05-08 18:06:02,392 - transform - INFO - terminate updating Reason for cancelling by Customer row
2026-05-08 18:06:02,392 - transform - INFO - updating Cancelled Rides by Driver row...
2026-05-08 18:06:02,891 - transform - INFO - 121836 row have null in Cancelled Rides by Driver before cleaning
2026-05-08 18:06:02,891 - transform - INFO - 0 row have null in Cancelled Rides by Driver after cleaning
2026-05-08 18:06:02,891 - transform - INFO - terminate updating Cancelled Rides by Driver row
2026-05-08 18:06:02,891 - transform - INFO - updating Driver Cancellation Reason...
2026-05-08 18:06:03,451 - transform - INFO - 121836 row have null value in Driver Cancellation Reason before cleaning
2026-05-08 18:06:03,451 - transform - INFO - 0 row have null value in Driver Cancellation Reason have updated to other
2026-05-08 18:06:03,451 - transform - INFO - terminate updating Driver Cancellation Reason row
2026-05-08 18:06:03,451 - transform - INFO - updating Incomplete Rides Reason row...
2026-05-08 18:06:03,985 - transform - INFO - 139819 row have null in Incomplete Rides Reason before cleaning
2026-05-08 18:06:03,985 - transform - INFO - 0 row have null in Incomplete Rides Reason after cleaning
2026-05-08 18:06:03,985 - transform - INFO - terminate updating Incomplete Rides Reason row
2026-05-08 18:06:03,985 - transform - INFO - updating Driver Ratings row...
2026-05-08 18:06:04,672 - transform - INFO - round the Driver Ratings value to 2 number after the comma...
2026-05-08 18:06:04,957 - transform - INFO - 56817 row have null value in Driver Ratings before cleaning
2026-05-08 18:06:04,957 - transform - INFO - 0 row have null value in Driver Ratings after cleaning
2026-05-08 18:06:04,957 - transform - INFO - terminate updating Driver Ratings row
2026-05-08 18:06:04,957 - transform - INFO - updating Customer Rating row...
2026-05-08 18:06:05,424 - transform - INFO - round the Customer Rating value to 2 number after the comma...
2026-05-08 18:06:05,676 - transform - INFO - 56817 row have null value in Customer Rating before cleaning
2026-05-08 18:06:05,676 - transform - INFO - 0 row have null value in Customer Rating after cleaning
2026-05-08 18:06:05,676 - transform - INFO - terminate updating Customer Rating row
2026-05-08 18:06:05,676 - transform - INFO - updating Payment Method row...
2026-05-08 18:06:06,213 - transform - INFO - 47869 row have null value in Payment Method before cleaning
2026-05-08 18:06:06,213 - transform - INFO - 0 row have null value in Payment Method after cleaning
2026-05-08 18:06:06,213 - transform - INFO - terminate updating Payment Method row
2026-05-08 18:06:06,213 - transform - INFO - updating Type of Date row...
2026-05-08 18:06:06,220 - transform - INFO - date was updated
2026-05-08 18:06:06,220 - transform - INFO - updating Type of Time row...
2026-05-08 18:06:06,225 - transform - INFO - Time was updated
2026-05-08 18:06:06,225 - transform - INFO - verifying data...
2026-05-08 18:06:06,517 - transform - INFO - 148767 after remove duplicates data
2026-05-08 18:06:13,549 - spark session - INFO - Start to connecting to Spark...
2026-05-08 18:06:18,685 - spark session - INFO - Connected To Spark
2026-05-08 18:06:18,685 - transform - INFO - get information about dataset...
2026-05-08 18:06:19,003 - transform - INFO - count of rows before cleaning and duplicating : 150000
2026-05-08 18:06:19,003 - transform - INFO - type of columns [('Date', 'string'), ('Time', 'timestamp'), ('Booking ID', 'string'), ('Booking Status', 'string'), ('Customer ID', 'string'), ('Vehicle Type', 'string'), ('Pickup Location', 'string'), ('Drop Location', 'string'), ('Cancelled Rides by Customer', 'int'), ('Reason for cancelling by Customer', 'string'), ('Cancelled Rides by Driver', 'int'), ('Driver Cancellation Reason', 'string'), ('Incomplete Rides', 'int'), ('Incomplete Rides Reason', 'string'), ('Booking Value', 'int'), ('Ride Distance', 'double'), ('Driver Ratings', 'double'), ('Customer Rating', 'double'), ('Payment Method', 'string')]
2026-05-08 18:06:19,003 - transform - INFO - remove duplicate rows...
2026-05-08 18:06:19,889 - transform - INFO - 1224 row was removed because is duplicated
2026-05-08 18:06:20,233 - transform - INFO - 148767 unique rows
2026-05-08 18:06:20,234 - transform - INFO - updating Cancelled Rides by Customer row...
2026-05-08 18:06:20,962 - transform - INFO - 138271 row have null in Cancelled Rides by Customer before cleaning
2026-05-08 18:06:20,962 - transform - INFO - 0 row have null in Cancelled Rides by Customer after cleaning
2026-05-08 18:06:20,962 - transform - INFO - terminate updating Cancelled Rides by Customer row
2026-05-08 18:06:20,962 - transform - INFO - updating Reason for cancelling by Customer...
2026-05-08 18:06:21,892 - transform - INFO - 138271 row have null value in Reason for cancelling by Customer before cleaning
2026-05-08 18:06:21,892 - transform - INFO - 0 row have null value in Reason for cancelling by Customer have updated to other
2026-05-08 18:06:21,892 - transform - INFO - terminate updating Reason for cancelling by Customer row
2026-05-08 18:06:21,892 - transform - INFO - updating Cancelled Rides by Driver row...
2026-05-08 18:06:22,400 - transform - INFO - 121836 row have null in Cancelled Rides by Driver before cleaning
2026-05-08 18:06:22,400 - transform - INFO - 0 row have null in Cancelled Rides by Driver after cleaning
2026-05-08 18:06:22,400 - transform - INFO - terminate updating Cancelled Rides by Driver row
2026-05-08 18:06:22,400 - transform - INFO - updating Driver Cancellation Reason...
2026-05-08 18:06:22,956 - transform - INFO - 121836 row have null value in Driver Cancellation Reason before cleaning
2026-05-08 18:06:22,956 - transform - INFO - 0 row have null value in Driver Cancellation Reason have updated to other
2026-05-08 18:06:22,956 - transform - INFO - terminate updating Driver Cancellation Reason row
2026-05-08 18:06:22,956 - transform - INFO - updating Incomplete Rides Reason row...
2026-05-08 18:06:23,510 - transform - INFO - 139819 row have null in Incomplete Rides Reason before cleaning
2026-05-08 18:06:23,510 - transform - INFO - 0 row have null in Incomplete Rides Reason after cleaning
2026-05-08 18:06:23,510 - transform - INFO - terminate updating Incomplete Rides Reason row
2026-05-08 18:06:23,510 - transform - INFO - updating Driver Ratings row...
2026-05-08 18:06:24,192 - transform - INFO - round the Driver Ratings value to 2 number after the comma...
2026-05-08 18:06:24,470 - transform - INFO - 56817 row have null value in Driver Ratings before cleaning
2026-05-08 18:06:24,470 - transform - INFO - 0 row have null value in Driver Ratings after cleaning
2026-05-08 18:06:24,470 - transform - INFO - terminate updating Driver Ratings row
2026-05-08 18:06:24,470 - transform - INFO - updating Customer Rating row...
2026-05-08 18:06:24,962 - transform - INFO - round the Customer Rating value to 2 number after the comma...
2026-05-08 18:06:25,220 - transform - INFO - 56817 row have null value in Customer Rating before cleaning
2026-05-08 18:06:25,221 - transform - INFO - 0 row have null value in Customer Rating after cleaning
2026-05-08 18:06:25,221 - transform - INFO - terminate updating Customer Rating row
2026-05-08 18:06:25,221 - transform - INFO - updating Payment Method row...
2026-05-08 18:06:25,767 - transform - INFO - 47869 row have null value in Payment Method before cleaning
2026-05-08 18:06:25,767 - transform - INFO - 0 row have null value in Payment Method after cleaning
2026-05-08 18:06:25,767 - transform - INFO - terminate updating Payment Method row
2026-05-08 18:06:25,767 - transform - INFO - updating Type of Date row...
2026-05-08 18:06:25,773 - transform - INFO - date was updated
2026-05-08 18:06:25,774 - transform - INFO - updating Type of Time row...
2026-05-08 18:06:25,779 - transform - INFO - Time was updated
2026-05-08 18:06:25,779 - transform - INFO - verifying data...
2026-05-08 18:06:27,288 - transform - INFO - 148767 after remove duplicates data
2026-05-08 18:07:27,590 - spark session - INFO - Start to connecting to Spark...
2026-05-08 18:07:33,969 - spark session - INFO - Connected To Spark
2026-05-08 18:07:33,969 - transform - INFO - get information about dataset...
2026-05-08 18:07:34,329 - transform - INFO - count of rows before cleaning and duplicating : 150000
2026-05-08 18:07:34,329 - transform - INFO - type of columns [('Date', 'string'), ('Time', 'timestamp'), ('Booking ID', 'string'), ('Booking Status', 'string'), ('Customer ID', 'string'), ('Vehicle Type', 'string'), ('Pickup Location', 'string'), ('Drop Location', 'string'), ('Cancelled Rides by Customer', 'int'), ('Reason for cancelling by Customer', 'string'), ('Cancelled Rides by Driver', 'int'), ('Driver Cancellation Reason', 'string'), ('Incomplete Rides', 'int'), ('Incomplete Rides Reason', 'string'), ('Booking Value', 'int'), ('Ride Distance', 'double'), ('Driver Ratings', 'double'), ('Customer Rating', 'double'), ('Payment Method', 'string')]
2026-05-08 18:07:34,329 - transform - INFO - remove duplicate rows...
2026-05-08 18:07:35,200 - transform - INFO - 1224 row was removed because is duplicated
2026-05-08 18:07:35,540 - transform - INFO - 148767 unique rows
2026-05-08 18:07:35,541 - transform - INFO - updating Cancelled Rides by Customer row...
2026-05-08 18:07:36,289 - transform - INFO - 138271 row have null in Cancelled Rides by Customer before cleaning
2026-05-08 18:07:36,289 - transform - INFO - 0 row have null in Cancelled Rides by Customer after cleaning
2026-05-08 18:07:36,289 - transform - INFO - terminate updating Cancelled Rides by Customer row
2026-05-08 18:07:36,289 - transform - INFO - updating Reason for cancelling by Customer...
2026-05-08 18:07:37,155 - transform - INFO - 138271 row have null value in Reason for cancelling by Customer before cleaning
2026-05-08 18:07:37,155 - transform - INFO - 0 row have null value in Reason for cancelling by Customer have updated to other
2026-05-08 18:07:37,155 - transform - INFO - terminate updating Reason for cancelling by Customer row
2026-05-08 18:07:37,155 - transform - INFO - updating Cancelled Rides by Driver row...
2026-05-08 18:07:37,674 - transform - INFO - 121836 row have null in Cancelled Rides by Driver before cleaning
2026-05-08 18:07:37,674 - transform - INFO - 0 row have null in Cancelled Rides by Driver after cleaning
2026-05-08 18:07:37,674 - transform - INFO - terminate updating Cancelled Rides by Driver row
2026-05-08 18:07:37,674 - transform - INFO - updating Driver Cancellation Reason...
2026-05-08 18:07:38,238 - transform - INFO - 121836 row have null value in Driver Cancellation Reason before cleaning
2026-05-08 18:07:38,238 - transform - INFO - 0 row have null value in Driver Cancellation Reason have updated to other
2026-05-08 18:07:38,238 - transform - INFO - terminate updating Driver Cancellation Reason row
2026-05-08 18:07:38,238 - transform - INFO - updating Incomplete Rides Reason row...
2026-05-08 18:07:38,782 - transform - INFO - 139819 row have null in Incomplete Rides Reason before cleaning
2026-05-08 18:07:38,782 - transform - INFO - 0 row have null in Incomplete Rides Reason after cleaning
2026-05-08 18:07:38,782 - transform - INFO - terminate updating Incomplete Rides Reason row
2026-05-08 18:07:38,782 - transform - INFO - updating Driver Ratings row...
2026-05-08 18:07:39,466 - transform - INFO - round the Driver Ratings value to 2 number after the comma...
2026-05-08 18:07:39,752 - transform - INFO - 56817 row have null value in Driver Ratings before cleaning
2026-05-08 18:07:39,752 - transform - INFO - 0 row have null value in Driver Ratings after cleaning
2026-05-08 18:07:39,752 - transform - INFO - terminate updating Driver Ratings row
2026-05-08 18:07:39,752 - transform - INFO - updating Customer Rating row...
2026-05-08 18:07:40,213 - transform - INFO - round the Customer Rating value to 2 number after the comma...
2026-05-08 18:07:40,447 - transform - INFO - 56817 row have null value in Customer Rating before cleaning
2026-05-08 18:07:40,447 - transform - INFO - 0 row have null value in Customer Rating after cleaning
2026-05-08 18:07:40,447 - transform - INFO - terminate updating Customer Rating row
2026-05-08 18:07:40,447 - transform - INFO - updating Payment Method row...
2026-05-08 18:07:41,007 - transform - INFO - 47869 row have null value in Payment Method before cleaning
2026-05-08 18:07:41,007 - transform - INFO - 0 row have null value in Payment Method after cleaning
2026-05-08 18:07:41,007 - transform - INFO - terminate updating Payment Method row
2026-05-08 18:07:41,007 - transform - INFO - updating Type of Date row...
2026-05-08 18:07:41,014 - transform - INFO - date was updated
2026-05-08 18:07:41,014 - transform - INFO - updating Type of Time row...
2026-05-08 18:07:41,020 - transform - INFO - Time was updated
2026-05-08 18:07:41,020 - transform - INFO - verifying data...
2026-05-08 18:07:42,718 - transform - INFO - 148767 after remove duplicates data
2026-05-08 18:08:14,631 - spark session - INFO - Start to connecting to Spark...
2026-05-08 18:08:20,198 - spark session - INFO - Connected To Spark
2026-05-08 18:08:20,199 - transform - INFO - get information about dataset...
2026-05-08 18:08:20,559 - transform - INFO - count of rows before cleaning and duplicating : 150000
2026-05-08 18:08:20,559 - transform - INFO - type of columns [('Date', 'string'), ('Time', 'timestamp'), ('Booking ID', 'string'), ('Booking Status', 'string'), ('Customer ID', 'string'), ('Vehicle Type', 'string'), ('Pickup Location', 'string'), ('Drop Location', 'string'), ('Cancelled Rides by Customer', 'int'), ('Reason for cancelling by Customer', 'string'), ('Cancelled Rides by Driver', 'int'), ('Driver Cancellation Reason', 'string'), ('Incomplete Rides', 'int'), ('Incomplete Rides Reason', 'string'), ('Booking Value', 'int'), ('Ride Distance', 'double'), ('Driver Ratings', 'double'), ('Customer Rating', 'double'), ('Payment Method', 'string')]
2026-05-08 18:08:20,559 - transform - INFO - remove duplicate rows...
2026-05-08 18:08:21,504 - transform - INFO - 1224 row was removed because is duplicated
2026-05-08 18:08:21,865 - transform - INFO - 148767 unique rows
2026-05-08 18:08:21,866 - transform - INFO - updating Cancelled Rides by Customer row...
2026-05-08 18:08:22,582 - transform - INFO - 138271 row have null in Cancelled Rides by Customer before cleaning
2026-05-08 18:08:22,582 - transform - INFO - 0 row have null in Cancelled Rides by Customer after cleaning
2026-05-08 18:08:22,582 - transform - INFO - terminate updating Cancelled Rides by Customer row
2026-05-08 18:08:22,582 - transform - INFO - updating Reason for cancelling by Customer...
2026-05-08 18:08:23,488 - transform - INFO - 138271 row have null value in Reason for cancelling by Customer before cleaning
2026-05-08 18:08:23,488 - transform - INFO - 0 row have null value in Reason for cancelling by Customer have updated to other
2026-05-08 18:08:23,488 - transform - INFO - terminate updating Reason for cancelling by Customer row
2026-05-08 18:08:23,488 - transform - INFO - updating Cancelled Rides by Driver row...
2026-05-08 18:08:24,033 - transform - INFO - 121836 row have null in Cancelled Rides by Driver before cleaning
2026-05-08 18:08:24,033 - transform - INFO - 0 row have null in Cancelled Rides by Driver after cleaning
2026-05-08 18:08:24,033 - transform - INFO - terminate updating Cancelled Rides by Driver row
2026-05-08 18:08:24,033 - transform - INFO - updating Driver Cancellation Reason...
2026-05-08 18:08:24,659 - transform - INFO - 121836 row have null value in Driver Cancellation Reason before cleaning
2026-05-08 18:08:24,659 - transform - INFO - 0 row have null value in Driver Cancellation Reason have updated to other
2026-05-08 18:08:24,659 - transform - INFO - terminate updating Driver Cancellation Reason row
2026-05-08 18:08:24,659 - transform - INFO - updating Incomplete Rides Reason row...
2026-05-08 18:08:25,257 - transform - INFO - 139819 row have null in Incomplete Rides Reason before cleaning
2026-05-08 18:08:25,257 - transform - INFO - 0 row have null in Incomplete Rides Reason after cleaning
2026-05-08 18:08:25,257 - transform - INFO - terminate updating Incomplete Rides Reason row
2026-05-08 18:08:25,257 - transform - INFO - updating Driver Ratings row...
2026-05-08 18:08:25,949 - transform - INFO - round the Driver Ratings value to 2 number after the comma...
2026-05-08 18:08:26,226 - transform - INFO - 56817 row have null value in Driver Ratings before cleaning
2026-05-08 18:08:26,226 - transform - INFO - 0 row have null value in Driver Ratings after cleaning
2026-05-08 18:08:26,226 - transform - INFO - terminate updating Driver Ratings row
2026-05-08 18:08:26,226 - transform - INFO - updating Customer Rating row...
2026-05-08 18:08:26,692 - transform - INFO - round the Customer Rating value to 2 number after the comma...
2026-05-08 18:08:26,936 - transform - INFO - 56817 row have null value in Customer Rating before cleaning
2026-05-08 18:08:26,936 - transform - INFO - 0 row have null value in Customer Rating after cleaning
2026-05-08 18:08:26,936 - transform - INFO - terminate updating Customer Rating row
2026-05-08 18:08:26,936 - transform - INFO - updating Payment Method row...
2026-05-08 18:08:27,485 - transform - INFO - 47869 row have null value in Payment Method before cleaning
2026-05-08 18:08:27,485 - transform - INFO - 0 row have null value in Payment Method after cleaning
2026-05-08 18:08:27,485 - transform - INFO - terminate updating Payment Method row
2026-05-08 18:08:27,485 - transform - INFO - updating Type of Date row...
2026-05-08 18:08:27,492 - transform - INFO - date was updated
2026-05-08 18:08:27,492 - transform - INFO - updating Type of Time row...
2026-05-08 18:08:27,498 - transform - INFO - Time was updated
2026-05-08 18:08:27,498 - transform - INFO - verifying data...
2026-05-08 18:08:28,979 - transform - INFO - 148767 after remove duplicates data
2026-05-08 18:10:34,042 - spark session - INFO - Start to connecting to Spark...
2026-05-08 18:10:40,395 - spark session - INFO - Connected To Spark
2026-05-08 18:10:40,395 - transform - INFO - get information about dataset...
2026-05-08 18:10:40,787 - transform - INFO - count of rows before cleaning and duplicating : 150000
2026-05-08 18:10:40,787 - transform - INFO - type of columns [('Date', 'string'), ('Time', 'timestamp'), ('Booking ID', 'string'), ('Booking Status', 'string'), ('Customer ID', 'string'), ('Vehicle Type', 'string'), ('Pickup Location', 'string'), ('Drop Location', 'string'), ('Cancelled Rides by Customer', 'int'), ('Reason for cancelling by Customer', 'string'), ('Cancelled Rides by Driver', 'int'), ('Driver Cancellation Reason', 'string'), ('Incomplete Rides', 'int'), ('Incomplete Rides Reason', 'string'), ('Booking Value', 'int'), ('Ride Distance', 'double'), ('Driver Ratings', 'double'), ('Customer Rating', 'double'), ('Payment Method', 'string')]
2026-05-08 18:10:40,787 - transform - INFO - remove duplicate rows...
2026-05-08 18:10:41,718 - transform - INFO - 1224 row was removed because is duplicated
2026-05-08 18:10:42,078 - transform - INFO - 148767 unique rows
2026-05-08 18:10:42,078 - transform - INFO - updating Cancelled Rides by Customer row...
2026-05-08 18:10:42,895 - transform - INFO - 138271 row have null in Cancelled Rides by Customer before cleaning
2026-05-08 18:10:42,896 - transform - INFO - 0 row have null in Cancelled Rides by Customer after cleaning
2026-05-08 18:10:42,896 - transform - INFO - terminate updating Cancelled Rides by Customer row
2026-05-08 18:10:42,896 - transform - INFO - updating Reason for cancelling by Customer...
2026-05-08 18:10:43,791 - transform - INFO - 138271 row have null value in Reason for cancelling by Customer before cleaning
2026-05-08 18:10:43,791 - transform - INFO - 0 row have null value in Reason for cancelling by Customer have updated to other
2026-05-08 18:10:43,791 - transform - INFO - terminate updating Reason for cancelling by Customer row
2026-05-08 18:10:43,792 - transform - INFO - updating Cancelled Rides by Driver row...
2026-05-08 18:10:44,313 - transform - INFO - 121836 row have null in Cancelled Rides by Driver before cleaning
2026-05-08 18:10:44,313 - transform - INFO - 0 row have null in Cancelled Rides by Driver after cleaning
2026-05-08 18:10:44,313 - transform - INFO - terminate updating Cancelled Rides by Driver row
2026-05-08 18:10:44,313 - transform - INFO - updating Incomplete Rides row...
2026-05-08 18:10:44,790 - transform - INFO - 139819 row have null in Incomplete Rides before cleaning
2026-05-08 18:10:44,790 - transform - INFO - 0 row have null in Incomplete Rides after cleaning
2026-05-08 18:10:44,790 - transform - INFO - terminate updating Incomplete Rides row
2026-05-08 18:10:44,790 - transform - INFO - updating Driver Cancellation Reason...
2026-05-08 18:10:45,353 - transform - INFO - 121836 row have null value in Driver Cancellation Reason before cleaning
2026-05-08 18:10:45,353 - transform - INFO - 0 row have null value in Driver Cancellation Reason have updated to other
2026-05-08 18:10:45,353 - transform - INFO - terminate updating Driver Cancellation Reason row
2026-05-08 18:10:45,353 - transform - INFO - updating Incomplete Rides Reason row...
2026-05-08 18:10:46,146 - transform - INFO - 139819 row have null in Incomplete Rides Reason before cleaning
2026-05-08 18:10:46,147 - transform - INFO - 0 row have null in Incomplete Rides Reason after cleaning
2026-05-08 18:10:46,147 - transform - INFO - terminate updating Incomplete Rides Reason row
2026-05-08 18:10:46,147 - transform - INFO - updating Driver Ratings row...
2026-05-08 18:10:46,849 - transform - INFO - round the Driver Ratings value to 2 number after the comma...
2026-05-08 18:10:47,191 - transform - INFO - 56817 row have null value in Driver Ratings before cleaning
2026-05-08 18:10:47,191 - transform - INFO - 0 row have null value in Driver Ratings after cleaning
2026-05-08 18:10:47,191 - transform - INFO - terminate updating Driver Ratings row
2026-05-08 18:10:47,191 - transform - INFO - updating Customer Rating row...
2026-05-08 18:10:47,859 - transform - INFO - round the Customer Rating value to 2 number after the comma...
2026-05-08 18:10:48,126 - transform - INFO - 56817 row have null value in Customer Rating before cleaning
2026-05-08 18:10:48,126 - transform - INFO - 0 row have null value in Customer Rating after cleaning
2026-05-08 18:10:48,126 - transform - INFO - terminate updating Customer Rating row
2026-05-08 18:10:48,126 - transform - INFO - updating Payment Method row...
2026-05-08 18:10:48,791 - transform - INFO - 47869 row have null value in Payment Method before cleaning
2026-05-08 18:10:48,791 - transform - INFO - 0 row have null value in Payment Method after cleaning
2026-05-08 18:10:48,791 - transform - INFO - terminate updating Payment Method row
2026-05-08 18:10:48,791 - transform - INFO - updating Type of Date row...
2026-05-08 18:10:48,799 - transform - INFO - date was updated
2026-05-08 18:10:48,799 - transform - INFO - updating Type of Time row...
2026-05-08 18:10:48,811 - transform - INFO - Time was updated
2026-05-08 18:10:48,811 - transform - INFO - verifying data...
2026-05-08 18:10:50,552 - transform - INFO - 148767 after remove duplicates data
2026-05-08 18:11:54,056 - spark session - INFO - Start to connecting to Spark...
2026-05-08 18:12:00,234 - spark session - INFO - Connected To Spark
2026-05-08 18:12:00,235 - transform - INFO - get information about dataset...
2026-05-08 18:12:00,612 - transform - INFO - count of rows before cleaning and duplicating : 150000
2026-05-08 18:12:00,612 - transform - INFO - type of columns [('Date', 'string'), ('Time', 'timestamp'), ('Booking ID', 'string'), ('Booking Status', 'string'), ('Customer ID', 'string'), ('Vehicle Type', 'string'), ('Pickup Location', 'string'), ('Drop Location', 'string'), ('Cancelled Rides by Customer', 'int'), ('Reason for cancelling by Customer', 'string'), ('Cancelled Rides by Driver', 'int'), ('Driver Cancellation Reason', 'string'), ('Incomplete Rides', 'int'), ('Incomplete Rides Reason', 'string'), ('Booking Value', 'int'), ('Ride Distance', 'double'), ('Driver Ratings', 'double'), ('Customer Rating', 'double'), ('Payment Method', 'string')]
2026-05-08 18:12:00,612 - transform - INFO - remove duplicate rows...
2026-05-08 18:12:01,505 - transform - INFO - 1224 row was removed because is duplicated
2026-05-08 18:12:01,893 - transform - INFO - 148767 unique rows
2026-05-08 18:12:01,894 - transform - INFO - updating Cancelled Rides by Customer row...
2026-05-08 18:12:02,650 - transform - INFO - 138271 row have null in Cancelled Rides by Customer before cleaning
2026-05-08 18:12:02,650 - transform - INFO - 0 row have null in Cancelled Rides by Customer after cleaning
2026-05-08 18:12:02,650 - transform - INFO - terminate updating Cancelled Rides by Customer row
2026-05-08 18:12:02,650 - transform - INFO - updating Reason for cancelling by Customer...
2026-05-08 18:12:03,622 - transform - INFO - 138271 row have null value in Reason for cancelling by Customer before cleaning
2026-05-08 18:12:03,623 - transform - INFO - 0 row have null value in Reason for cancelling by Customer have updated to other
2026-05-08 18:12:03,623 - transform - INFO - terminate updating Reason for cancelling by Customer row
2026-05-08 18:12:03,623 - transform - INFO - updating Cancelled Rides by Driver row...
2026-05-08 18:12:04,153 - transform - INFO - 121836 row have null in Cancelled Rides by Driver before cleaning
2026-05-08 18:12:04,153 - transform - INFO - 0 row have null in Cancelled Rides by Driver after cleaning
2026-05-08 18:12:04,153 - transform - INFO - terminate updating Cancelled Rides by Driver row
2026-05-08 18:12:04,153 - transform - INFO - updating Incomplete Rides row...
2026-05-08 18:12:04,637 - transform - INFO - 139819 row have null in Incomplete Rides before cleaning
2026-05-08 18:12:04,637 - transform - INFO - 0 row have null in Incomplete Rides after cleaning
2026-05-08 18:12:04,637 - transform - INFO - terminate updating Incomplete Rides row
2026-05-08 18:12:04,637 - transform - INFO - updating Driver Cancellation Reason...
2026-05-08 18:12:05,198 - transform - INFO - 121836 row have null value in Driver Cancellation Reason before cleaning
2026-05-08 18:12:05,198 - transform - INFO - 0 row have null value in Driver Cancellation Reason have updated to other
2026-05-08 18:12:05,199 - transform - INFO - terminate updating Driver Cancellation Reason row
2026-05-08 18:12:05,199 - transform - INFO - updating Incomplete Rides Reason row...
2026-05-08 18:12:05,730 - transform - INFO - 139819 row have null in Incomplete Rides Reason before cleaning
2026-05-08 18:12:05,731 - transform - INFO - 0 row have null in Incomplete Rides Reason after cleaning
2026-05-08 18:12:05,731 - transform - INFO - terminate updating Incomplete Rides Reason row
2026-05-08 18:12:05,731 - transform - INFO - updating Driver Ratings row...
2026-05-08 18:12:06,392 - transform - INFO - round the Driver Ratings value to 2 number after the comma...
2026-05-08 18:12:06,695 - transform - INFO - 56817 row have null value in Driver Ratings before cleaning
2026-05-08 18:12:06,695 - transform - INFO - 0 row have null value in Driver Ratings after cleaning
2026-05-08 18:12:06,695 - transform - INFO - terminate updating Driver Ratings row
2026-05-08 18:12:06,695 - transform - INFO - updating Customer Rating row...
2026-05-08 18:12:07,152 - transform - INFO - round the Customer Rating value to 2 number after the comma...
2026-05-08 18:12:07,393 - transform - INFO - 56817 row have null value in Customer Rating before cleaning
2026-05-08 18:12:07,393 - transform - INFO - 0 row have null value in Customer Rating after cleaning
2026-05-08 18:12:07,393 - transform - INFO - terminate updating Customer Rating row
2026-05-08 18:12:07,393 - transform - INFO - updating Payment Method row...
2026-05-08 18:12:07,958 - transform - INFO - 47869 row have null value in Payment Method before cleaning
2026-05-08 18:12:07,958 - transform - INFO - 0 row have null value in Payment Method after cleaning
2026-05-08 18:12:07,958 - transform - INFO - terminate updating Payment Method row
2026-05-08 18:12:07,958 - transform - INFO - updating Type of Date row...
2026-05-08 18:12:07,965 - transform - INFO - date was updated
2026-05-08 18:12:07,965 - transform - INFO - updating Type of Time row...
2026-05-08 18:12:07,971 - transform - INFO - Time was updated
2026-05-08 18:12:07,971 - transform - INFO - verifying data...
2026-05-08 18:12:09,893 - transform - INFO - 148767 after remove duplicates data
2026-05-08 18:12:19,299 - spark session - INFO - Start to connecting to Spark...
2026-05-08 18:12:24,345 - spark session - INFO - Connected To Spark
2026-05-08 18:12:24,345 - transform - INFO - get information about dataset...
2026-05-08 18:12:24,694 - transform - INFO - count of rows before cleaning and duplicating : 150000
2026-05-08 18:12:24,694 - transform - INFO - type of columns [('Date', 'string'), ('Time', 'timestamp'), ('Booking ID', 'string'), ('Booking Status', 'string'), ('Customer ID', 'string'), ('Vehicle Type', 'string'), ('Pickup Location', 'string'), ('Drop Location', 'string'), ('Cancelled Rides by Customer', 'int'), ('Reason for cancelling by Customer', 'string'), ('Cancelled Rides by Driver', 'int'), ('Driver Cancellation Reason', 'string'), ('Incomplete Rides', 'int'), ('Incomplete Rides Reason', 'string'), ('Booking Value', 'int'), ('Ride Distance', 'double'), ('Driver Ratings', 'double'), ('Customer Rating', 'double'), ('Payment Method', 'string')]
2026-05-08 18:12:24,694 - transform - INFO - remove duplicate rows...
2026-05-08 18:12:25,556 - transform - INFO - 1224 row was removed because is duplicated
2026-05-08 18:12:25,919 - transform - INFO - 148767 unique rows
2026-05-08 18:12:25,920 - transform - INFO - updating Cancelled Rides by Customer row...
2026-05-08 18:12:26,683 - transform - INFO - 138271 row have null in Cancelled Rides by Customer before cleaning
2026-05-08 18:12:26,683 - transform - INFO - 0 row have null in Cancelled Rides by Customer after cleaning
2026-05-08 18:12:26,683 - transform - INFO - terminate updating Cancelled Rides by Customer row
2026-05-08 18:12:26,683 - transform - INFO - updating Reason for cancelling by Customer...
2026-05-08 18:12:27,779 - transform - INFO - 138271 row have null value in Reason for cancelling by Customer before cleaning
2026-05-08 18:12:27,779 - transform - INFO - 0 row have null value in Reason for cancelling by Customer have updated to other
2026-05-08 18:12:27,779 - transform - INFO - terminate updating Reason for cancelling by Customer row
2026-05-08 18:12:27,779 - transform - INFO - updating Cancelled Rides by Driver row...
2026-05-08 18:12:28,267 - transform - INFO - 121836 row have null in Cancelled Rides by Driver before cleaning
2026-05-08 18:12:28,267 - transform - INFO - 0 row have null in Cancelled Rides by Driver after cleaning
2026-05-08 18:12:28,267 - transform - INFO - terminate updating Cancelled Rides by Driver row
2026-05-08 18:12:28,267 - transform - INFO - updating Incomplete Rides row...
2026-05-08 18:12:28,756 - transform - INFO - 139819 row have null in Incomplete Rides before cleaning
2026-05-08 18:12:28,756 - transform - INFO - 0 row have null in Incomplete Rides after cleaning
2026-05-08 18:12:28,756 - transform - INFO - terminate updating Incomplete Rides row
2026-05-08 18:12:28,756 - transform - INFO - updating Driver Cancellation Reason...
2026-05-08 18:12:29,317 - transform - INFO - 121836 row have null value in Driver Cancellation Reason before cleaning
2026-05-08 18:12:29,317 - transform - INFO - 0 row have null value in Driver Cancellation Reason have updated to other
2026-05-08 18:12:29,317 - transform - INFO - terminate updating Driver Cancellation Reason row
2026-05-08 18:12:29,317 - transform - INFO - updating Incomplete Rides Reason row...
2026-05-08 18:12:29,868 - transform - INFO - 139819 row have null in Incomplete Rides Reason before cleaning
2026-05-08 18:12:29,868 - transform - INFO - 0 row have null in Incomplete Rides Reason after cleaning
2026-05-08 18:12:29,868 - transform - INFO - terminate updating Incomplete Rides Reason row
2026-05-08 18:12:29,869 - transform - INFO - updating Driver Ratings row...
2026-05-08 18:12:30,538 - transform - INFO - round the Driver Ratings value to 2 number after the comma...
2026-05-08 18:12:30,843 - transform - INFO - 56817 row have null value in Driver Ratings before cleaning
2026-05-08 18:12:30,843 - transform - INFO - 0 row have null value in Driver Ratings after cleaning
2026-05-08 18:12:30,843 - transform - INFO - terminate updating Driver Ratings row
2026-05-08 18:12:30,843 - transform - INFO - updating Customer Rating row...
2026-05-08 18:12:31,290 - transform - INFO - round the Customer Rating value to 2 number after the comma...
2026-05-08 18:12:31,544 - transform - INFO - 56817 row have null value in Customer Rating before cleaning
2026-05-08 18:12:31,544 - transform - INFO - 0 row have null value in Customer Rating after cleaning
2026-05-08 18:12:31,544 - transform - INFO - terminate updating Customer Rating row
2026-05-08 18:12:31,544 - transform - INFO - updating Payment Method row...
2026-05-08 18:12:32,099 - transform - INFO - 47869 row have null value in Payment Method before cleaning
2026-05-08 18:12:32,099 - transform - INFO - 0 row have null value in Payment Method after cleaning
2026-05-08 18:12:32,099 - transform - INFO - terminate updating Payment Method row
2026-05-08 18:12:32,099 - transform - INFO - updating Type of Date row...
2026-05-08 18:12:32,106 - transform - INFO - date was updated
2026-05-08 18:12:32,106 - transform - INFO - updating Type of Time row...
2026-05-08 18:12:32,112 - transform - INFO - Time was updated
2026-05-08 18:12:32,112 - transform - INFO - verifying data...
2026-05-08 18:12:34,050 - transform - INFO - 148767 after remove duplicates data
2026-05-08 18:12:48,250 - spark session - INFO - Start to connecting to Spark...
2026-05-08 18:12:53,397 - spark session - INFO - Connected To Spark
2026-05-08 18:12:53,397 - transform - INFO - get information about dataset...
2026-05-08 18:12:53,856 - transform - INFO - count of rows before cleaning and duplicating : 150000
2026-05-08 18:12:53,856 - transform - INFO - type of columns [('Date', 'string'), ('Time', 'timestamp'), ('Booking ID', 'string'), ('Booking Status', 'string'), ('Customer ID', 'string'), ('Vehicle Type', 'string'), ('Pickup Location', 'string'), ('Drop Location', 'string'), ('Cancelled Rides by Customer', 'int'), ('Reason for cancelling by Customer', 'string'), ('Cancelled Rides by Driver', 'int'), ('Driver Cancellation Reason', 'string'), ('Incomplete Rides', 'int'), ('Incomplete Rides Reason', 'string'), ('Booking Value', 'int'), ('Ride Distance', 'double'), ('Driver Ratings', 'double'), ('Customer Rating', 'double'), ('Payment Method', 'string')]
2026-05-08 18:12:53,856 - transform - INFO - remove duplicate rows...
2026-05-08 18:12:54,998 - transform - INFO - 1224 row was removed because is duplicated
2026-05-08 18:12:55,495 - transform - INFO - 148767 unique rows
2026-05-08 18:12:55,495 - transform - INFO - updating Cancelled Rides by Customer row...
2026-05-08 18:12:56,757 - transform - INFO - 138271 row have null in Cancelled Rides by Customer before cleaning
2026-05-08 18:12:56,758 - transform - INFO - 0 row have null in Cancelled Rides by Customer after cleaning
2026-05-08 18:12:56,758 - transform - INFO - terminate updating Cancelled Rides by Customer row
2026-05-08 18:12:56,758 - transform - INFO - updating Reason for cancelling by Customer...
2026-05-08 18:12:57,984 - transform - INFO - 138271 row have null value in Reason for cancelling by Customer before cleaning
2026-05-08 18:12:57,984 - transform - INFO - 0 row have null value in Reason for cancelling by Customer have updated to other
2026-05-08 18:12:57,984 - transform - INFO - terminate updating Reason for cancelling by Customer row
2026-05-08 18:12:57,984 - transform - INFO - updating Cancelled Rides by Driver row...
2026-05-08 18:12:58,694 - transform - INFO - 121836 row have null in Cancelled Rides by Driver before cleaning
2026-05-08 18:12:58,694 - transform - INFO - 0 row have null in Cancelled Rides by Driver after cleaning
2026-05-08 18:12:58,694 - transform - INFO - terminate updating Cancelled Rides by Driver row
2026-05-08 18:12:58,694 - transform - INFO - updating Incomplete Rides row...
2026-05-08 18:12:59,406 - transform - INFO - 139819 row have null in Incomplete Rides before cleaning
2026-05-08 18:12:59,406 - transform - INFO - 0 row have null in Incomplete Rides after cleaning
2026-05-08 18:12:59,406 - transform - INFO - terminate updating Incomplete Rides row
2026-05-08 18:12:59,407 - transform - INFO - updating Driver Cancellation Reason...
2026-05-08 18:13:00,374 - transform - INFO - 121836 row have null value in Driver Cancellation Reason before cleaning
2026-05-08 18:13:00,374 - transform - INFO - 0 row have null value in Driver Cancellation Reason have updated to other
2026-05-08 18:13:00,375 - transform - INFO - terminate updating Driver Cancellation Reason row
2026-05-08 18:13:00,375 - transform - INFO - updating Incomplete Rides Reason row...
2026-05-08 18:13:00,994 - transform - INFO - 139819 row have null in Incomplete Rides Reason before cleaning
2026-05-08 18:13:00,995 - transform - INFO - 0 row have null in Incomplete Rides Reason after cleaning
2026-05-08 18:13:00,995 - transform - INFO - terminate updating Incomplete Rides Reason row
2026-05-08 18:13:00,995 - transform - INFO - updating Driver Ratings row...
2026-05-08 18:13:01,791 - transform - INFO - round the Driver Ratings value to 2 number after the comma...
2026-05-08 18:13:02,145 - transform - INFO - 56817 row have null value in Driver Ratings before cleaning
2026-05-08 18:13:02,145 - transform - INFO - 0 row have null value in Driver Ratings after cleaning
2026-05-08 18:13:02,145 - transform - INFO - terminate updating Driver Ratings row
2026-05-08 18:13:02,146 - transform - INFO - updating Customer Rating row...
2026-05-08 18:13:02,723 - transform - INFO - round the Customer Rating value to 2 number after the comma...
2026-05-08 18:13:03,031 - transform - INFO - 56817 row have null value in Customer Rating before cleaning
2026-05-08 18:13:03,032 - transform - INFO - 0 row have null value in Customer Rating after cleaning
2026-05-08 18:13:03,032 - transform - INFO - terminate updating Customer Rating row
2026-05-08 18:13:03,032 - transform - INFO - updating Payment Method row...
2026-05-08 18:13:03,657 - transform - INFO - 47869 row have null value in Payment Method before cleaning
2026-05-08 18:13:03,657 - transform - INFO - 0 row have null value in Payment Method after cleaning
2026-05-08 18:13:03,657 - transform - INFO - terminate updating Payment Method row
2026-05-08 18:13:03,657 - transform - INFO - updating Type of Date row...
2026-05-08 18:13:03,666 - transform - INFO - date was updated
2026-05-08 18:13:03,666 - transform - INFO - updating Type of Time row...
2026-05-08 18:13:03,675 - transform - INFO - Time was updated
2026-05-08 18:13:03,675 - transform - INFO - verifying data...
2026-05-08 18:13:06,270 - transform - INFO - 148767 after remove duplicates data
2026-05-08 18:15:08,976 - spark session - INFO - Start to connecting to Spark...
2026-05-08 18:15:15,363 - spark session - INFO - Connected To Spark
2026-05-08 18:15:15,363 - transform - INFO - get information about dataset...
2026-05-08 18:15:15,709 - transform - INFO - count of rows before cleaning and duplicating : 150000
2026-05-08 18:15:15,709 - transform - INFO - type of columns [('Date', 'string'), ('Time', 'timestamp'), ('Booking ID', 'string'), ('Booking Status', 'string'), ('Customer ID', 'string'), ('Vehicle Type', 'string'), ('Pickup Location', 'string'), ('Drop Location', 'string'), ('Cancelled Rides by Customer', 'int'), ('Reason for cancelling by Customer', 'string'), ('Cancelled Rides by Driver', 'int'), ('Driver Cancellation Reason', 'string'), ('Incomplete Rides', 'int'), ('Incomplete Rides Reason', 'string'), ('Booking Value', 'int'), ('Ride Distance', 'double'), ('Driver Ratings', 'double'), ('Customer Rating', 'double'), ('Payment Method', 'string')]
2026-05-08 18:15:15,709 - transform - INFO - remove duplicate rows...
2026-05-08 18:15:16,572 - transform - INFO - 1224 row was removed because is duplicated
2026-05-08 18:15:16,926 - transform - INFO - 148767 unique rows
2026-05-08 18:15:16,926 - transform - INFO - updating Cancelled Rides by Customer row...
2026-05-08 18:15:17,699 - transform - INFO - 138271 row have null in Cancelled Rides by Customer before cleaning
2026-05-08 18:15:17,699 - transform - INFO - 0 row have null in Cancelled Rides by Customer after cleaning
2026-05-08 18:15:17,699 - transform - INFO - terminate updating Cancelled Rides by Customer row
2026-05-08 18:15:17,699 - transform - INFO - updating Reason for cancelling by Customer...
2026-05-08 18:15:18,600 - transform - INFO - 138271 row have null value in Reason for cancelling by Customer before cleaning
2026-05-08 18:15:18,600 - transform - INFO - 0 row have null value in Reason for cancelling by Customer have updated to other
2026-05-08 18:15:18,600 - transform - INFO - terminate updating Reason for cancelling by Customer row
2026-05-08 18:15:18,600 - transform - INFO - updating Cancelled Rides by Driver row...
2026-05-08 18:15:19,126 - transform - INFO - 121836 row have null in Cancelled Rides by Driver before cleaning
2026-05-08 18:15:19,126 - transform - INFO - 0 row have null in Cancelled Rides by Driver after cleaning
2026-05-08 18:15:19,126 - transform - INFO - terminate updating Cancelled Rides by Driver row
2026-05-08 18:15:19,126 - transform - INFO - updating Incomplete Rides row...
2026-05-08 18:15:19,619 - transform - INFO - 139819 row have null in Incomplete Rides before cleaning
2026-05-08 18:15:19,619 - transform - INFO - 0 row have null in Incomplete Rides after cleaning
2026-05-08 18:15:19,619 - transform - INFO - terminate updating Incomplete Rides row
2026-05-08 18:15:19,619 - transform - INFO - updating Driver Cancellation Reason...
2026-05-08 18:15:20,176 - transform - INFO - 121836 row have null value in Driver Cancellation Reason before cleaning
2026-05-08 18:15:20,176 - transform - INFO - 0 row have null value in Driver Cancellation Reason have updated to other
2026-05-08 18:15:20,176 - transform - INFO - terminate updating Driver Cancellation Reason row
2026-05-08 18:15:20,176 - transform - INFO - updating Incomplete Rides Reason row...
2026-05-08 18:15:20,699 - transform - INFO - 139819 row have null in Incomplete Rides Reason before cleaning
2026-05-08 18:15:20,699 - transform - INFO - 0 row have null in Incomplete Rides Reason after cleaning
2026-05-08 18:15:20,699 - transform - INFO - terminate updating Incomplete Rides Reason row
2026-05-08 18:15:20,699 - transform - INFO - updating Driver Ratings row...
2026-05-08 18:15:21,365 - transform - INFO - round the Driver Ratings value to 2 number after the comma...
2026-05-08 18:15:21,690 - transform - INFO - 56817 row have null value in Driver Ratings before cleaning
2026-05-08 18:15:21,690 - transform - INFO - 0 row have null value in Driver Ratings after cleaning
2026-05-08 18:15:21,690 - transform - INFO - terminate updating Driver Ratings row
2026-05-08 18:15:21,690 - transform - INFO - updating Customer Rating row...
2026-05-08 18:15:22,313 - transform - INFO - round the Customer Rating value to 2 number after the comma...
2026-05-08 18:15:22,577 - transform - INFO - 56817 row have null value in Customer Rating before cleaning
2026-05-08 18:15:22,577 - transform - INFO - 0 row have null value in Customer Rating after cleaning
2026-05-08 18:15:22,577 - transform - INFO - terminate updating Customer Rating row
2026-05-08 18:15:22,577 - transform - INFO - updating Payment Method row...
2026-05-08 18:15:23,283 - transform - INFO - 47869 row have null value in Payment Method before cleaning
2026-05-08 18:15:23,283 - transform - INFO - 0 row have null value in Payment Method after cleaning
2026-05-08 18:15:23,283 - transform - INFO - terminate updating Payment Method row
2026-05-08 18:15:23,283 - transform - INFO - updating Type of Date row...
2026-05-08 18:15:23,289 - transform - INFO - date was updated
2026-05-08 18:15:23,289 - transform - INFO - updating Type of Time row...
2026-05-08 18:15:23,296 - transform - INFO - Time was updated
2026-05-08 18:15:23,296 - transform - INFO - removing empty date row...
2026-05-08 18:15:23,572 - transform - INFO - 148767 rows have null value in Date before cleaning
2026-05-08 18:15:24,679 - transform - INFO - 100632 rows have null value in Date after cleaning
2026-05-08 18:15:24,679 - transform - INFO - verifying data...
2026-05-08 18:15:26,780 - transform - INFO - 100632 after remove duplicates data
2026-05-08 18:16:32,778 - spark session - INFO - Start to connecting to Spark...
2026-05-08 18:16:39,006 - spark session - INFO - Connected To Spark
2026-05-08 18:16:39,006 - transform - INFO - get information about dataset...
2026-05-08 18:16:39,332 - transform - INFO - count of rows before cleaning and duplicating : 150000
2026-05-08 18:16:39,332 - transform - INFO - type of columns [('Date', 'string'), ('Time', 'timestamp'), ('Booking ID', 'string'), ('Booking Status', 'string'), ('Customer ID', 'string'), ('Vehicle Type', 'string'), ('Pickup Location', 'string'), ('Drop Location', 'string'), ('Cancelled Rides by Customer', 'int'), ('Reason for cancelling by Customer', 'string'), ('Cancelled Rides by Driver', 'int'), ('Driver Cancellation Reason', 'string'), ('Incomplete Rides', 'int'), ('Incomplete Rides Reason', 'string'), ('Booking Value', 'int'), ('Ride Distance', 'double'), ('Driver Ratings', 'double'), ('Customer Rating', 'double'), ('Payment Method', 'string')]
2026-05-08 18:16:39,332 - transform - INFO - remove duplicate rows...
2026-05-08 18:16:40,186 - transform - INFO - 1224 row was removed because is duplicated
2026-05-08 18:16:40,529 - transform - INFO - 148767 unique rows
2026-05-08 18:16:40,529 - transform - INFO - updating Cancelled Rides by Customer row...
2026-05-08 18:16:41,266 - transform - INFO - 138271 row have null in Cancelled Rides by Customer before cleaning
2026-05-08 18:16:41,266 - transform - INFO - 0 row have null in Cancelled Rides by Customer after cleaning
2026-05-08 18:16:41,266 - transform - INFO - terminate updating Cancelled Rides by Customer row
2026-05-08 18:16:41,266 - transform - INFO - updating Reason for cancelling by Customer...
2026-05-08 18:16:42,186 - transform - INFO - 138271 row have null value in Reason for cancelling by Customer before cleaning
2026-05-08 18:16:42,186 - transform - INFO - 0 row have null value in Reason for cancelling by Customer have updated to other
2026-05-08 18:16:42,186 - transform - INFO - terminate updating Reason for cancelling by Customer row
2026-05-08 18:16:42,186 - transform - INFO - updating Cancelled Rides by Driver row...
2026-05-08 18:16:42,711 - transform - INFO - 121836 row have null in Cancelled Rides by Driver before cleaning
2026-05-08 18:16:42,711 - transform - INFO - 0 row have null in Cancelled Rides by Driver after cleaning
2026-05-08 18:16:42,711 - transform - INFO - terminate updating Cancelled Rides by Driver row
2026-05-08 18:16:42,711 - transform - INFO - updating Incomplete Rides row...
2026-05-08 18:16:43,189 - transform - INFO - 139819 row have null in Incomplete Rides before cleaning
2026-05-08 18:16:43,189 - transform - INFO - 0 row have null in Incomplete Rides after cleaning
2026-05-08 18:16:43,189 - transform - INFO - terminate updating Incomplete Rides row
2026-05-08 18:16:43,189 - transform - INFO - updating Driver Cancellation Reason...
2026-05-08 18:16:43,764 - transform - INFO - 121836 row have null value in Driver Cancellation Reason before cleaning
2026-05-08 18:16:43,764 - transform - INFO - 0 row have null value in Driver Cancellation Reason have updated to other
2026-05-08 18:16:43,764 - transform - INFO - terminate updating Driver Cancellation Reason row
2026-05-08 18:16:43,764 - transform - INFO - updating Incomplete Rides Reason row...
2026-05-08 18:16:44,310 - transform - INFO - 139819 row have null in Incomplete Rides Reason before cleaning
2026-05-08 18:16:44,311 - transform - INFO - 0 row have null in Incomplete Rides Reason after cleaning
2026-05-08 18:16:44,311 - transform - INFO - terminate updating Incomplete Rides Reason row
2026-05-08 18:16:44,311 - transform - INFO - updating Driver Ratings row...
2026-05-08 18:16:45,014 - transform - INFO - round the Driver Ratings value to 2 number after the comma...
2026-05-08 18:16:45,338 - transform - INFO - 56817 row have null value in Driver Ratings before cleaning
2026-05-08 18:16:45,339 - transform - INFO - 0 row have null value in Driver Ratings after cleaning
2026-05-08 18:16:45,339 - transform - INFO - terminate updating Driver Ratings row
2026-05-08 18:16:45,339 - transform - INFO - updating Customer Rating row...
2026-05-08 18:16:45,843 - transform - INFO - round the Customer Rating value to 2 number after the comma...
2026-05-08 18:16:46,105 - transform - INFO - 56817 row have null value in Customer Rating before cleaning
2026-05-08 18:16:46,106 - transform - INFO - 0 row have null value in Customer Rating after cleaning
2026-05-08 18:16:46,106 - transform - INFO - terminate updating Customer Rating row
2026-05-08 18:16:46,106 - transform - INFO - updating Payment Method row...
2026-05-08 18:16:46,661 - transform - INFO - 47869 row have null value in Payment Method before cleaning
2026-05-08 18:16:46,661 - transform - INFO - 0 row have null value in Payment Method after cleaning
2026-05-08 18:16:46,661 - transform - INFO - terminate updating Payment Method row
2026-05-08 18:16:46,661 - transform - INFO - updating Type of Date row...
2026-05-08 18:16:46,669 - transform - INFO - date was updated
2026-05-08 18:16:46,669 - transform - INFO - updating Type of Time row...
2026-05-08 18:16:46,675 - transform - INFO - Time was updated
2026-05-08 18:16:46,675 - transform - INFO - removing empty date row...
2026-05-08 18:16:46,909 - transform - INFO - 148767 rows have null value in Date before cleaning
2026-05-08 18:16:48,100 - transform - INFO - 100632 rows have null value in Date after cleaning
2026-05-08 18:16:48,100 - transform - INFO - verifying data...
2026-05-08 18:16:50,075 - transform - INFO - 100632 after remove duplicates data
2026-05-08 18:17:43,257 - spark session - INFO - Start to connecting to Spark...
2026-05-08 18:17:49,686 - spark session - INFO - Connected To Spark
2026-05-08 18:17:49,686 - transform - INFO - get information about dataset...
2026-05-08 18:17:50,046 - transform - INFO - count of rows before cleaning and duplicating : 150000
2026-05-08 18:17:50,046 - transform - INFO - type of columns [('Date', 'string'), ('Time', 'timestamp'), ('Booking ID', 'string'), ('Booking Status', 'string'), ('Customer ID', 'string'), ('Vehicle Type', 'string'), ('Pickup Location', 'string'), ('Drop Location', 'string'), ('Cancelled Rides by Customer', 'int'), ('Reason for cancelling by Customer', 'string'), ('Cancelled Rides by Driver', 'int'), ('Driver Cancellation Reason', 'string'), ('Incomplete Rides', 'int'), ('Incomplete Rides Reason', 'string'), ('Booking Value', 'int'), ('Ride Distance', 'double'), ('Driver Ratings', 'double'), ('Customer Rating', 'double'), ('Payment Method', 'string')]
2026-05-08 18:17:50,046 - transform - INFO - remove duplicate rows...
2026-05-08 18:17:50,888 - transform - INFO - 1224 row was removed because is duplicated
2026-05-08 18:17:51,244 - transform - INFO - 148767 unique rows
2026-05-08 18:17:51,244 - transform - INFO - updating Cancelled Rides by Customer row...
2026-05-08 18:17:51,982 - transform - INFO - 138271 row have null in Cancelled Rides by Customer before cleaning
2026-05-08 18:17:51,982 - transform - INFO - 0 row have null in Cancelled Rides by Customer after cleaning
2026-05-08 18:17:51,982 - transform - INFO - terminate updating Cancelled Rides by Customer row
2026-05-08 18:17:51,982 - transform - INFO - updating Reason for cancelling by Customer...
2026-05-08 18:17:52,890 - transform - INFO - 138271 row have null value in Reason for cancelling by Customer before cleaning
2026-05-08 18:17:52,890 - transform - INFO - 0 row have null value in Reason for cancelling by Customer have updated to other
2026-05-08 18:17:52,890 - transform - INFO - terminate updating Reason for cancelling by Customer row
2026-05-08 18:17:52,890 - transform - INFO - updating Cancelled Rides by Driver row...
2026-05-08 18:17:53,408 - transform - INFO - 121836 row have null in Cancelled Rides by Driver before cleaning
2026-05-08 18:17:53,408 - transform - INFO - 0 row have null in Cancelled Rides by Driver after cleaning
2026-05-08 18:17:53,408 - transform - INFO - terminate updating Cancelled Rides by Driver row
2026-05-08 18:17:53,408 - transform - INFO - updating Incomplete Rides row...
2026-05-08 18:17:53,882 - transform - INFO - 139819 row have null in Incomplete Rides before cleaning
2026-05-08 18:17:53,882 - transform - INFO - 0 row have null in Incomplete Rides after cleaning
2026-05-08 18:17:53,882 - transform - INFO - terminate updating Incomplete Rides row
2026-05-08 18:17:53,882 - transform - INFO - updating Driver Cancellation Reason...
2026-05-08 18:17:54,443 - transform - INFO - 121836 row have null value in Driver Cancellation Reason before cleaning
2026-05-08 18:17:54,443 - transform - INFO - 0 row have null value in Driver Cancellation Reason have updated to other
2026-05-08 18:17:54,443 - transform - INFO - terminate updating Driver Cancellation Reason row
2026-05-08 18:17:54,443 - transform - INFO - updating Incomplete Rides Reason row...
2026-05-08 18:17:54,945 - transform - INFO - 139819 row have null in Incomplete Rides Reason before cleaning
2026-05-08 18:17:54,946 - transform - INFO - 0 row have null in Incomplete Rides Reason after cleaning
2026-05-08 18:17:54,946 - transform - INFO - terminate updating Incomplete Rides Reason row
2026-05-08 18:17:54,946 - transform - INFO - updating Driver Ratings row...
2026-05-08 18:17:55,577 - transform - INFO - round the Driver Ratings value to 2 number after the comma...
2026-05-08 18:17:55,882 - transform - INFO - 56817 row have null value in Driver Ratings before cleaning
2026-05-08 18:17:55,882 - transform - INFO - 0 row have null value in Driver Ratings after cleaning
2026-05-08 18:17:55,882 - transform - INFO - terminate updating Driver Ratings row
2026-05-08 18:17:55,882 - transform - INFO - updating Customer Rating row...
2026-05-08 18:17:56,362 - transform - INFO - round the Customer Rating value to 2 number after the comma...
2026-05-08 18:17:56,593 - transform - INFO - 56817 row have null value in Customer Rating before cleaning
2026-05-08 18:17:56,593 - transform - INFO - 0 row have null value in Customer Rating after cleaning
2026-05-08 18:17:56,593 - transform - INFO - terminate updating Customer Rating row
2026-05-08 18:17:56,593 - transform - INFO - updating Payment Method row...
2026-05-08 18:17:57,131 - transform - INFO - 47869 row have null value in Payment Method before cleaning
2026-05-08 18:17:57,131 - transform - INFO - 0 row have null value in Payment Method after cleaning
2026-05-08 18:17:57,131 - transform - INFO - terminate updating Payment Method row
2026-05-08 18:17:57,131 - transform - INFO - updating Type of Date row...
2026-05-08 18:17:57,138 - transform - INFO - date was updated
2026-05-08 18:17:57,138 - transform - INFO - updating Type of Time row...
2026-05-08 18:17:57,145 - transform - INFO - Time was updated
2026-05-08 18:17:57,145 - transform - INFO - removing empty date row...
2026-05-08 18:17:57,344 - transform - INFO - 148767 rows have null value in Date before cleaning
2026-05-08 18:17:57,852 - transform - INFO - 148384 rows have null value in Date after cleaning
2026-05-08 18:17:57,852 - transform - INFO - verifying data...
2026-05-08 18:17:59,597 - transform - INFO - 148384 after remove duplicates data
2026-05-08 18:18:42,166 - spark session - INFO - Start to connecting to Spark...
2026-05-08 18:18:47,843 - spark session - INFO - Connected To Spark
2026-05-08 18:18:47,843 - transform - INFO - get information about dataset...
2026-05-08 18:18:48,296 - transform - INFO - count of rows before cleaning and duplicating : 150000
2026-05-08 18:18:48,297 - transform - INFO - type of columns [('Date', 'string'), ('Time', 'timestamp'), ('Booking ID', 'string'), ('Booking Status', 'string'), ('Customer ID', 'string'), ('Vehicle Type', 'string'), ('Pickup Location', 'string'), ('Drop Location', 'string'), ('Cancelled Rides by Customer', 'int'), ('Reason for cancelling by Customer', 'string'), ('Cancelled Rides by Driver', 'int'), ('Driver Cancellation Reason', 'string'), ('Incomplete Rides', 'int'), ('Incomplete Rides Reason', 'string'), ('Booking Value', 'int'), ('Ride Distance', 'double'), ('Driver Ratings', 'double'), ('Customer Rating', 'double'), ('Payment Method', 'string')]
2026-05-08 18:18:48,297 - transform - INFO - remove duplicate rows...
2026-05-08 18:18:49,198 - transform - INFO - 1224 row was removed because is duplicated
2026-05-08 18:18:49,579 - transform - INFO - 148767 unique rows
2026-05-08 18:18:49,579 - transform - INFO - updating Cancelled Rides by Customer row...
2026-05-08 18:18:50,326 - transform - INFO - 138271 row have null in Cancelled Rides by Customer before cleaning
2026-05-08 18:18:50,326 - transform - INFO - 0 row have null in Cancelled Rides by Customer after cleaning
2026-05-08 18:18:50,326 - transform - INFO - terminate updating Cancelled Rides by Customer row
2026-05-08 18:18:50,326 - transform - INFO - updating Reason for cancelling by Customer...
2026-05-08 18:18:51,231 - transform - INFO - 138271 row have null value in Reason for cancelling by Customer before cleaning
2026-05-08 18:18:51,231 - transform - INFO - 0 row have null value in Reason for cancelling by Customer have updated to other
2026-05-08 18:18:51,231 - transform - INFO - terminate updating Reason for cancelling by Customer row
2026-05-08 18:18:51,231 - transform - INFO - updating Cancelled Rides by Driver row...
2026-05-08 18:18:51,835 - transform - INFO - 121836 row have null in Cancelled Rides by Driver before cleaning
2026-05-08 18:18:51,835 - transform - INFO - 0 row have null in Cancelled Rides by Driver after cleaning
2026-05-08 18:18:51,835 - transform - INFO - terminate updating Cancelled Rides by Driver row
2026-05-08 18:18:51,835 - transform - INFO - updating Incomplete Rides row...
2026-05-08 18:18:52,334 - transform - INFO - 139819 row have null in Incomplete Rides before cleaning
2026-05-08 18:18:52,334 - transform - INFO - 0 row have null in Incomplete Rides after cleaning
2026-05-08 18:18:52,334 - transform - INFO - terminate updating Incomplete Rides row
2026-05-08 18:18:52,334 - transform - INFO - updating Driver Cancellation Reason...
2026-05-08 18:18:52,891 - transform - INFO - 121836 row have null value in Driver Cancellation Reason before cleaning
2026-05-08 18:18:52,891 - transform - INFO - 0 row have null value in Driver Cancellation Reason have updated to other
2026-05-08 18:18:52,891 - transform - INFO - terminate updating Driver Cancellation Reason row
2026-05-08 18:18:52,891 - transform - INFO - updating Incomplete Rides Reason row...
2026-05-08 18:18:53,425 - transform - INFO - 139819 row have null in Incomplete Rides Reason before cleaning
2026-05-08 18:18:53,425 - transform - INFO - 0 row have null in Incomplete Rides Reason after cleaning
2026-05-08 18:18:53,425 - transform - INFO - terminate updating Incomplete Rides Reason row
2026-05-08 18:18:53,425 - transform - INFO - updating Driver Ratings row...
2026-05-08 18:18:54,091 - transform - INFO - round the Driver Ratings value to 2 number after the comma...
2026-05-08 18:18:54,393 - transform - INFO - 56817 row have null value in Driver Ratings before cleaning
2026-05-08 18:18:54,393 - transform - INFO - 0 row have null value in Driver Ratings after cleaning
2026-05-08 18:18:54,393 - transform - INFO - terminate updating Driver Ratings row
2026-05-08 18:18:54,393 - transform - INFO - updating Customer Rating row...
2026-05-08 18:18:54,864 - transform - INFO - round the Customer Rating value to 2 number after the comma...
2026-05-08 18:18:55,114 - transform - INFO - 56817 row have null value in Customer Rating before cleaning
2026-05-08 18:18:55,114 - transform - INFO - 0 row have null value in Customer Rating after cleaning
2026-05-08 18:18:55,114 - transform - INFO - terminate updating Customer Rating row
2026-05-08 18:18:55,114 - transform - INFO - updating Payment Method row...
2026-05-08 18:18:55,647 - transform - INFO - 47869 row have null value in Payment Method before cleaning
2026-05-08 18:18:55,647 - transform - INFO - 0 row have null value in Payment Method after cleaning
2026-05-08 18:18:55,647 - transform - INFO - terminate updating Payment Method row
2026-05-08 18:18:55,647 - transform - INFO - updating Type of Date row...
2026-05-08 18:18:55,654 - transform - INFO - date was updated
2026-05-08 18:18:55,654 - transform - INFO - updating Type of Time row...
2026-05-08 18:18:55,661 - transform - INFO - Time was updated
2026-05-08 18:18:55,661 - transform - INFO - removing empty date row...
2026-05-08 18:18:55,873 - transform - INFO - 148767 rows have null value in Date before cleaning
2026-05-08 18:18:56,402 - transform - INFO - 148384 rows have null value in Date after cleaning
2026-05-08 18:18:56,402 - transform - INFO - verifying data...
2026-05-08 18:18:57,252 - transform - INFO - 148384 after remove duplicates data
2026-05-08 18:19:14,740 - spark session - INFO - Start to connecting to Spark...
2026-05-08 18:19:19,955 - spark session - INFO - Connected To Spark
2026-05-08 18:19:19,955 - transform - INFO - get information about dataset...
2026-05-08 18:19:20,353 - transform - INFO - count of rows before cleaning and duplicating : 150000
2026-05-08 18:19:20,353 - transform - INFO - type of columns [('Date', 'string'), ('Time', 'timestamp'), ('Booking ID', 'string'), ('Booking Status', 'string'), ('Customer ID', 'string'), ('Vehicle Type', 'string'), ('Pickup Location', 'string'), ('Drop Location', 'string'), ('Cancelled Rides by Customer', 'int'), ('Reason for cancelling by Customer', 'string'), ('Cancelled Rides by Driver', 'int'), ('Driver Cancellation Reason', 'string'), ('Incomplete Rides', 'int'), ('Incomplete Rides Reason', 'string'), ('Booking Value', 'int'), ('Ride Distance', 'double'), ('Driver Ratings', 'double'), ('Customer Rating', 'double'), ('Payment Method', 'string')]
2026-05-08 18:19:20,353 - transform - INFO - remove duplicate rows...
2026-05-08 18:19:21,221 - transform - INFO - 1224 row was removed because is duplicated
2026-05-08 18:19:21,576 - transform - INFO - 148767 unique rows
2026-05-08 18:19:21,576 - transform - INFO - updating Cancelled Rides by Customer row...
2026-05-08 18:19:22,305 - transform - INFO - 138271 row have null in Cancelled Rides by Customer before cleaning
2026-05-08 18:19:22,305 - transform - INFO - 0 row have null in Cancelled Rides by Customer after cleaning
2026-05-08 18:19:22,305 - transform - INFO - terminate updating Cancelled Rides by Customer row
2026-05-08 18:19:22,305 - transform - INFO - updating Reason for cancelling by Customer...
2026-05-08 18:19:23,254 - transform - INFO - 138271 row have null value in Reason for cancelling by Customer before cleaning
2026-05-08 18:19:23,254 - transform - INFO - 0 row have null value in Reason for cancelling by Customer have updated to other
2026-05-08 18:19:23,254 - transform - INFO - terminate updating Reason for cancelling by Customer row
2026-05-08 18:19:23,254 - transform - INFO - updating Cancelled Rides by Driver row...
2026-05-08 18:19:23,781 - transform - INFO - 121836 row have null in Cancelled Rides by Driver before cleaning
2026-05-08 18:19:23,781 - transform - INFO - 0 row have null in Cancelled Rides by Driver after cleaning
2026-05-08 18:19:23,781 - transform - INFO - terminate updating Cancelled Rides by Driver row
2026-05-08 18:19:23,781 - transform - INFO - updating Incomplete Rides row...
2026-05-08 18:19:24,247 - transform - INFO - 139819 row have null in Incomplete Rides before cleaning
2026-05-08 18:19:24,247 - transform - INFO - 0 row have null in Incomplete Rides after cleaning
2026-05-08 18:19:24,247 - transform - INFO - terminate updating Incomplete Rides row
2026-05-08 18:19:24,247 - transform - INFO - updating Driver Cancellation Reason...
2026-05-08 18:19:24,810 - transform - INFO - 121836 row have null value in Driver Cancellation Reason before cleaning
2026-05-08 18:19:24,810 - transform - INFO - 0 row have null value in Driver Cancellation Reason have updated to other
2026-05-08 18:19:24,810 - transform - INFO - terminate updating Driver Cancellation Reason row
2026-05-08 18:19:24,810 - transform - INFO - updating Incomplete Rides Reason row...
2026-05-08 18:19:25,306 - transform - INFO - 139819 row have null in Incomplete Rides Reason before cleaning
2026-05-08 18:19:25,306 - transform - INFO - 0 row have null in Incomplete Rides Reason after cleaning
2026-05-08 18:19:25,306 - transform - INFO - terminate updating Incomplete Rides Reason row
2026-05-08 18:19:25,306 - transform - INFO - updating Driver Ratings row...
2026-05-08 18:19:26,009 - transform - INFO - round the Driver Ratings value to 2 number after the comma...
2026-05-08 18:19:26,322 - transform - INFO - 56817 row have null value in Driver Ratings before cleaning
2026-05-08 18:19:26,322 - transform - INFO - 0 row have null value in Driver Ratings after cleaning
2026-05-08 18:19:26,322 - transform - INFO - terminate updating Driver Ratings row
2026-05-08 18:19:26,322 - transform - INFO - updating Customer Rating row...
2026-05-08 18:19:26,778 - transform - INFO - round the Customer Rating value to 2 number after the comma...
2026-05-08 18:19:27,002 - transform - INFO - 56817 row have null value in Customer Rating before cleaning
2026-05-08 18:19:27,002 - transform - INFO - 0 row have null value in Customer Rating after cleaning
2026-05-08 18:19:27,002 - transform - INFO - terminate updating Customer Rating row
2026-05-08 18:19:27,002 - transform - INFO - updating Payment Method row...
2026-05-08 18:19:27,650 - transform - INFO - 47869 row have null value in Payment Method before cleaning
2026-05-08 18:19:27,650 - transform - INFO - 0 row have null value in Payment Method after cleaning
2026-05-08 18:19:27,650 - transform - INFO - terminate updating Payment Method row
2026-05-08 18:19:27,650 - transform - INFO - updating Type of Date row...
2026-05-08 18:19:27,657 - transform - INFO - date was updated
2026-05-08 18:19:27,657 - transform - INFO - updating Type of Time row...
2026-05-08 18:19:27,663 - transform - INFO - Time was updated
2026-05-08 18:19:27,663 - transform - INFO - removing empty date row...
2026-05-08 18:19:27,850 - transform - INFO - 148767 rows have null value in Date before cleaning
2026-05-08 18:19:28,343 - transform - INFO - 148384 rows have null value in Date after cleaning
2026-05-08 18:19:28,344 - transform - INFO - verifying data...
2026-05-08 18:19:29,656 - transform - INFO - 148384 after remove duplicates data
2026-05-08 18:19:36,257 - spark session - INFO - Start to connecting to Spark...
2026-05-08 18:19:41,304 - spark session - INFO - Connected To Spark
2026-05-08 18:19:41,304 - transform - INFO - get information about dataset...
2026-05-08 18:19:41,614 - transform - INFO - count of rows before cleaning and duplicating : 150000
2026-05-08 18:19:41,614 - transform - INFO - type of columns [('Date', 'string'), ('Time', 'timestamp'), ('Booking ID', 'string'), ('Booking Status', 'string'), ('Customer ID', 'string'), ('Vehicle Type', 'string'), ('Pickup Location', 'string'), ('Drop Location', 'string'), ('Cancelled Rides by Customer', 'int'), ('Reason for cancelling by Customer', 'string'), ('Cancelled Rides by Driver', 'int'), ('Driver Cancellation Reason', 'string'), ('Incomplete Rides', 'int'), ('Incomplete Rides Reason', 'string'), ('Booking Value', 'int'), ('Ride Distance', 'double'), ('Driver Ratings', 'double'), ('Customer Rating', 'double'), ('Payment Method', 'string')]
2026-05-08 18:19:41,614 - transform - INFO - remove duplicate rows...
2026-05-08 18:19:42,441 - transform - INFO - 1224 row was removed because is duplicated
2026-05-08 18:19:42,794 - transform - INFO - 148767 unique rows
2026-05-08 18:19:42,795 - transform - INFO - updating Cancelled Rides by Customer row...
2026-05-08 18:19:43,497 - transform - INFO - 138271 row have null in Cancelled Rides by Customer before cleaning
2026-05-08 18:19:43,497 - transform - INFO - 0 row have null in Cancelled Rides by Customer after cleaning
2026-05-08 18:19:43,497 - transform - INFO - terminate updating Cancelled Rides by Customer row
2026-05-08 18:19:43,497 - transform - INFO - updating Reason for cancelling by Customer...
2026-05-08 18:19:44,459 - transform - INFO - 138271 row have null value in Reason for cancelling by Customer before cleaning
2026-05-08 18:19:44,459 - transform - INFO - 0 row have null value in Reason for cancelling by Customer have updated to other
2026-05-08 18:19:44,459 - transform - INFO - terminate updating Reason for cancelling by Customer row
2026-05-08 18:19:44,459 - transform - INFO - updating Cancelled Rides by Driver row...
2026-05-08 18:19:45,020 - transform - INFO - 121836 row have null in Cancelled Rides by Driver before cleaning
2026-05-08 18:19:45,020 - transform - INFO - 0 row have null in Cancelled Rides by Driver after cleaning
2026-05-08 18:19:45,020 - transform - INFO - terminate updating Cancelled Rides by Driver row
2026-05-08 18:19:45,020 - transform - INFO - updating Incomplete Rides row...
2026-05-08 18:19:45,522 - transform - INFO - 139819 row have null in Incomplete Rides before cleaning
2026-05-08 18:19:45,522 - transform - INFO - 0 row have null in Incomplete Rides after cleaning
2026-05-08 18:19:45,522 - transform - INFO - terminate updating Incomplete Rides row
2026-05-08 18:19:45,522 - transform - INFO - updating Driver Cancellation Reason...
2026-05-08 18:19:46,038 - transform - INFO - 121836 row have null value in Driver Cancellation Reason before cleaning
2026-05-08 18:19:46,038 - transform - INFO - 0 row have null value in Driver Cancellation Reason have updated to other
2026-05-08 18:19:46,038 - transform - INFO - terminate updating Driver Cancellation Reason row
2026-05-08 18:19:46,038 - transform - INFO - updating Incomplete Rides Reason row...
2026-05-08 18:19:46,541 - transform - INFO - 139819 row have null in Incomplete Rides Reason before cleaning
2026-05-08 18:19:46,541 - transform - INFO - 0 row have null in Incomplete Rides Reason after cleaning
2026-05-08 18:19:46,541 - transform - INFO - terminate updating Incomplete Rides Reason row
2026-05-08 18:19:46,541 - transform - INFO - updating Driver Ratings row...
2026-05-08 18:19:47,218 - transform - INFO - round the Driver Ratings value to 2 number after the comma...
2026-05-08 18:19:47,501 - transform - INFO - 56817 row have null value in Driver Ratings before cleaning
2026-05-08 18:19:47,501 - transform - INFO - 0 row have null value in Driver Ratings after cleaning
2026-05-08 18:19:47,502 - transform - INFO - terminate updating Driver Ratings row
2026-05-08 18:19:47,502 - transform - INFO - updating Customer Rating row...
2026-05-08 18:19:47,981 - transform - INFO - round the Customer Rating value to 2 number after the comma...
2026-05-08 18:19:48,245 - transform - INFO - 56817 row have null value in Customer Rating before cleaning
2026-05-08 18:19:48,245 - transform - INFO - 0 row have null value in Customer Rating after cleaning
2026-05-08 18:19:48,245 - transform - INFO - terminate updating Customer Rating row
2026-05-08 18:19:48,245 - transform - INFO - updating Payment Method row...
2026-05-08 18:19:48,762 - transform - INFO - 47869 row have null value in Payment Method before cleaning
2026-05-08 18:19:48,762 - transform - INFO - 0 row have null value in Payment Method after cleaning
2026-05-08 18:19:48,762 - transform - INFO - terminate updating Payment Method row
2026-05-08 18:19:48,762 - transform - INFO - updating Type of Date row...
2026-05-08 18:19:48,769 - transform - INFO - date was updated
2026-05-08 18:19:48,769 - transform - INFO - updating Type of Time row...
2026-05-08 18:19:48,775 - transform - INFO - Time was updated
2026-05-08 18:19:48,775 - transform - INFO - removing empty date row...
2026-05-08 18:19:48,996 - transform - INFO - 148767 rows have null value in Date before cleaning
2026-05-08 18:19:49,485 - transform - INFO - 148384 rows have null value in Date after cleaning
2026-05-08 18:19:49,485 - transform - INFO - verifying data...
2026-05-08 18:19:50,805 - transform - INFO - 148384 after remove duplicates data
2026-05-08 18:19:57,180 - spark session - INFO - Start to connecting to Spark...
2026-05-08 18:20:01,929 - spark session - INFO - Connected To Spark
2026-05-08 18:20:01,929 - transform - INFO - get information about dataset...
2026-05-08 18:20:02,256 - transform - INFO - count of rows before cleaning and duplicating : 150000
2026-05-08 18:20:02,256 - transform - INFO - type of columns [('Date', 'string'), ('Time', 'timestamp'), ('Booking ID', 'string'), ('Booking Status', 'string'), ('Customer ID', 'string'), ('Vehicle Type', 'string'), ('Pickup Location', 'string'), ('Drop Location', 'string'), ('Cancelled Rides by Customer', 'int'), ('Reason for cancelling by Customer', 'string'), ('Cancelled Rides by Driver', 'int'), ('Driver Cancellation Reason', 'string'), ('Incomplete Rides', 'int'), ('Incomplete Rides Reason', 'string'), ('Booking Value', 'int'), ('Ride Distance', 'double'), ('Driver Ratings', 'double'), ('Customer Rating', 'double'), ('Payment Method', 'string')]
2026-05-08 18:20:02,256 - transform - INFO - remove duplicate rows...
2026-05-08 18:20:03,070 - transform - INFO - 1224 row was removed because is duplicated
2026-05-08 18:20:03,449 - transform - INFO - 148767 unique rows
2026-05-08 18:20:03,449 - transform - INFO - updating Cancelled Rides by Customer row...
2026-05-08 18:20:04,192 - transform - INFO - 138271 row have null in Cancelled Rides by Customer before cleaning
2026-05-08 18:20:04,192 - transform - INFO - 0 row have null in Cancelled Rides by Customer after cleaning
2026-05-08 18:20:04,192 - transform - INFO - terminate updating Cancelled Rides by Customer row
2026-05-08 18:20:04,192 - transform - INFO - updating Reason for cancelling by Customer...
2026-05-08 18:20:05,149 - transform - INFO - 138271 row have null value in Reason for cancelling by Customer before cleaning
2026-05-08 18:20:05,149 - transform - INFO - 0 row have null value in Reason for cancelling by Customer have updated to other
2026-05-08 18:20:05,149 - transform - INFO - terminate updating Reason for cancelling by Customer row
2026-05-08 18:20:05,149 - transform - INFO - updating Cancelled Rides by Driver row...
2026-05-08 18:20:05,690 - transform - INFO - 121836 row have null in Cancelled Rides by Driver before cleaning
2026-05-08 18:20:05,690 - transform - INFO - 0 row have null in Cancelled Rides by Driver after cleaning
2026-05-08 18:20:05,690 - transform - INFO - terminate updating Cancelled Rides by Driver row
2026-05-08 18:20:05,691 - transform - INFO - updating Incomplete Rides row...
2026-05-08 18:20:06,168 - transform - INFO - 139819 row have null in Incomplete Rides before cleaning
2026-05-08 18:20:06,168 - transform - INFO - 0 row have null in Incomplete Rides after cleaning
2026-05-08 18:20:06,168 - transform - INFO - terminate updating Incomplete Rides row
2026-05-08 18:20:06,168 - transform - INFO - updating Driver Cancellation Reason...
2026-05-08 18:20:06,703 - transform - INFO - 121836 row have null value in Driver Cancellation Reason before cleaning
2026-05-08 18:20:06,703 - transform - INFO - 0 row have null value in Driver Cancellation Reason have updated to other
2026-05-08 18:20:06,703 - transform - INFO - terminate updating Driver Cancellation Reason row
2026-05-08 18:20:06,703 - transform - INFO - updating Incomplete Rides Reason row...
2026-05-08 18:20:07,199 - transform - INFO - 139819 row have null in Incomplete Rides Reason before cleaning
2026-05-08 18:20:07,199 - transform - INFO - 0 row have null in Incomplete Rides Reason after cleaning
2026-05-08 18:20:07,199 - transform - INFO - terminate updating Incomplete Rides Reason row
2026-05-08 18:20:07,199 - transform - INFO - updating Driver Ratings row...
2026-05-08 18:20:07,886 - transform - INFO - round the Driver Ratings value to 2 number after the comma...
2026-05-08 18:20:08,150 - transform - INFO - 56817 row have null value in Driver Ratings before cleaning
2026-05-08 18:20:08,150 - transform - INFO - 0 row have null value in Driver Ratings after cleaning
2026-05-08 18:20:08,150 - transform - INFO - terminate updating Driver Ratings row
2026-05-08 18:20:08,150 - transform - INFO - updating Customer Rating row...
2026-05-08 18:20:08,643 - transform - INFO - round the Customer Rating value to 2 number after the comma...
2026-05-08 18:20:08,908 - transform - INFO - 56817 row have null value in Customer Rating before cleaning
2026-05-08 18:20:08,908 - transform - INFO - 0 row have null value in Customer Rating after cleaning
2026-05-08 18:20:08,908 - transform - INFO - terminate updating Customer Rating row
2026-05-08 18:20:08,908 - transform - INFO - updating Payment Method row...
2026-05-08 18:20:09,481 - transform - INFO - 47869 row have null value in Payment Method before cleaning
2026-05-08 18:20:09,481 - transform - INFO - 0 row have null value in Payment Method after cleaning
2026-05-08 18:20:09,481 - transform - INFO - terminate updating Payment Method row
2026-05-08 18:20:09,481 - transform - INFO - updating Type of Date row...
2026-05-08 18:20:09,488 - transform - INFO - date was updated
2026-05-08 18:20:09,488 - transform - INFO - updating Type of Time row...
2026-05-08 18:20:09,493 - transform - INFO - Time was updated
2026-05-08 18:20:09,493 - transform - INFO - removing empty date row...
2026-05-08 18:20:09,730 - transform - INFO - 148767 rows have null value in Date before cleaning
2026-05-08 18:20:10,211 - transform - INFO - 148384 rows have null value in Date after cleaning
2026-05-08 18:20:10,211 - transform - INFO - verifying data...
2026-05-08 18:20:11,540 - transform - INFO - 148384 after remove duplicates data
2026-05-08 18:20:43,080 - spark session - INFO - Start to connecting to Spark...
2026-05-08 18:20:48,328 - spark session - INFO - Connected To Spark
2026-05-08 18:20:48,328 - transform - INFO - get information about dataset...
2026-05-08 18:20:48,693 - transform - INFO - count of rows before cleaning and duplicating : 150000
2026-05-08 18:20:48,694 - transform - INFO - type of columns [('Date', 'string'), ('Time', 'timestamp'), ('Booking ID', 'string'), ('Booking Status', 'string'), ('Customer ID', 'string'), ('Vehicle Type', 'string'), ('Pickup Location', 'string'), ('Drop Location', 'string'), ('Cancelled Rides by Customer', 'int'), ('Reason for cancelling by Customer', 'string'), ('Cancelled Rides by Driver', 'int'), ('Driver Cancellation Reason', 'string'), ('Incomplete Rides', 'int'), ('Incomplete Rides Reason', 'string'), ('Booking Value', 'int'), ('Ride Distance', 'double'), ('Driver Ratings', 'double'), ('Customer Rating', 'double'), ('Payment Method', 'string')]
2026-05-08 18:20:48,694 - transform - INFO - remove duplicate rows...
2026-05-08 18:20:49,554 - transform - INFO - 1224 row was removed because is duplicated
2026-05-08 18:20:49,901 - transform - INFO - 148767 unique rows
2026-05-08 18:20:49,901 - transform - INFO - updating Cancelled Rides by Customer row...
2026-05-08 18:20:50,613 - transform - INFO - 138271 row have null in Cancelled Rides by Customer before cleaning
2026-05-08 18:20:50,613 - transform - INFO - 0 row have null in Cancelled Rides by Customer after cleaning
2026-05-08 18:20:50,613 - transform - INFO - terminate updating Cancelled Rides by Customer row
2026-05-08 18:20:50,613 - transform - INFO - updating Reason for cancelling by Customer...
2026-05-08 18:20:51,489 - transform - INFO - 138271 row have null value in Reason for cancelling by Customer before cleaning
2026-05-08 18:20:51,489 - transform - INFO - 0 row have null value in Reason for cancelling by Customer have updated to other
2026-05-08 18:20:51,489 - transform - INFO - terminate updating Reason for cancelling by Customer row
2026-05-08 18:20:51,489 - transform - INFO - updating Cancelled Rides by Driver row...
2026-05-08 18:20:51,999 - transform - INFO - 121836 row have null in Cancelled Rides by Driver before cleaning
2026-05-08 18:20:51,999 - transform - INFO - 0 row have null in Cancelled Rides by Driver after cleaning
2026-05-08 18:20:51,999 - transform - INFO - terminate updating Cancelled Rides by Driver row
2026-05-08 18:20:52,000 - transform - INFO - updating Incomplete Rides row...
2026-05-08 18:20:52,473 - transform - INFO - 139819 row have null in Incomplete Rides before cleaning
2026-05-08 18:20:52,473 - transform - INFO - 0 row have null in Incomplete Rides after cleaning
2026-05-08 18:20:52,473 - transform - INFO - terminate updating Incomplete Rides row
2026-05-08 18:20:52,473 - transform - INFO - updating Driver Cancellation Reason...
2026-05-08 18:20:53,017 - transform - INFO - 121836 row have null value in Driver Cancellation Reason before cleaning
2026-05-08 18:20:53,017 - transform - INFO - 0 row have null value in Driver Cancellation Reason have updated to other
2026-05-08 18:20:53,017 - transform - INFO - terminate updating Driver Cancellation Reason row
2026-05-08 18:20:53,017 - transform - INFO - updating Incomplete Rides Reason row...
2026-05-08 18:20:53,554 - transform - INFO - 139819 row have null in Incomplete Rides Reason before cleaning
2026-05-08 18:20:53,554 - transform - INFO - 0 row have null in Incomplete Rides Reason after cleaning
2026-05-08 18:20:53,554 - transform - INFO - terminate updating Incomplete Rides Reason row
2026-05-08 18:20:53,554 - transform - INFO - updating Driver Ratings row...
2026-05-08 18:20:54,213 - transform - INFO - round the Driver Ratings value to 2 number after the comma...
2026-05-08 18:20:54,494 - transform - INFO - 56817 row have null value in Driver Ratings before cleaning
2026-05-08 18:20:54,495 - transform - INFO - 0 row have null value in Driver Ratings after cleaning
2026-05-08 18:20:54,495 - transform - INFO - terminate updating Driver Ratings row
2026-05-08 18:20:54,495 - transform - INFO - updating Customer Rating row...
2026-05-08 18:20:54,945 - transform - INFO - round the Customer Rating value to 2 number after the comma...
2026-05-08 18:20:55,169 - transform - INFO - 56817 row have null value in Customer Rating before cleaning
2026-05-08 18:20:55,169 - transform - INFO - 0 row have null value in Customer Rating after cleaning
2026-05-08 18:20:55,169 - transform - INFO - terminate updating Customer Rating row
2026-05-08 18:20:55,169 - transform - INFO - updating Payment Method row...
2026-05-08 18:20:55,693 - transform - INFO - 47869 row have null value in Payment Method before cleaning
2026-05-08 18:20:55,694 - transform - INFO - 0 row have null value in Payment Method after cleaning
2026-05-08 18:20:55,694 - transform - INFO - terminate updating Payment Method row
2026-05-08 18:20:55,694 - transform - INFO - updating Type of Date row...
2026-05-08 18:20:55,700 - transform - INFO - date was updated
2026-05-08 18:20:55,700 - transform - INFO - updating Type of Time row...
2026-05-08 18:20:55,706 - transform - INFO - Time was updated
2026-05-08 18:20:55,706 - transform - INFO - removing empty date row...
2026-05-08 18:20:55,931 - transform - INFO - 148767 rows have null value in Date before cleaning
2026-05-08 18:20:56,411 - transform - INFO - 148384 rows have null value in Date after cleaning
2026-05-08 18:20:56,412 - transform - INFO - verifying data...
2026-05-08 18:20:57,801 - transform - INFO - 148384 after remove duplicates data
2026-05-08 18:20:57,822 - transform - INFO - Row(Date=0, Time=0, Booking ID=0, Booking Status=0, Customer ID=0, Vehicle Type=0, Pickup Location=0, Drop Location=0, Cancelled Rides by Customer=0, Reason for cancelling by Customer=0, Cancelled Rides by Driver=0, Driver Cancellation Reason=0, Incomplete Rides=0, Incomplete Rides Reason=0, Driver Ratings=0, Customer Rating=0, Payment Method=0) after update null values
2026-05-08 18:21:12,715 - spark session - INFO - Start to connecting to Spark...
2026-05-08 18:21:17,927 - spark session - INFO - Connected To Spark
2026-05-08 18:21:17,928 - transform - INFO - get information about dataset...
2026-05-08 18:21:18,261 - transform - INFO - count of rows before cleaning and duplicating : 150000
2026-05-08 18:21:18,261 - transform - INFO - type of columns [('Date', 'string'), ('Time', 'timestamp'), ('Booking ID', 'string'), ('Booking Status', 'string'), ('Customer ID', 'string'), ('Vehicle Type', 'string'), ('Pickup Location', 'string'), ('Drop Location', 'string'), ('Cancelled Rides by Customer', 'int'), ('Reason for cancelling by Customer', 'string'), ('Cancelled Rides by Driver', 'int'), ('Driver Cancellation Reason', 'string'), ('Incomplete Rides', 'int'), ('Incomplete Rides Reason', 'string'), ('Booking Value', 'int'), ('Ride Distance', 'double'), ('Driver Ratings', 'double'), ('Customer Rating', 'double'), ('Payment Method', 'string')]
2026-05-08 18:21:18,261 - transform - INFO - remove duplicate rows...
2026-05-08 18:21:19,119 - transform - INFO - 1224 row was removed because is duplicated
2026-05-08 18:21:19,459 - transform - INFO - 148767 unique rows
2026-05-08 18:21:19,459 - transform - INFO - updating Cancelled Rides by Customer row...
2026-05-08 18:21:20,214 - transform - INFO - 138271 row have null in Cancelled Rides by Customer before cleaning
2026-05-08 18:21:20,214 - transform - INFO - 0 row have null in Cancelled Rides by Customer after cleaning
2026-05-08 18:21:20,214 - transform - INFO - terminate updating Cancelled Rides by Customer row
2026-05-08 18:21:20,214 - transform - INFO - updating Reason for cancelling by Customer...
2026-05-08 18:21:21,102 - transform - INFO - 138271 row have null value in Reason for cancelling by Customer before cleaning
2026-05-08 18:21:21,102 - transform - INFO - 0 row have null value in Reason for cancelling by Customer have updated to other
2026-05-08 18:21:21,102 - transform - INFO - terminate updating Reason for cancelling by Customer row
2026-05-08 18:21:21,102 - transform - INFO - updating Cancelled Rides by Driver row...
2026-05-08 18:21:21,634 - transform - INFO - 121836 row have null in Cancelled Rides by Driver before cleaning
2026-05-08 18:21:21,634 - transform - INFO - 0 row have null in Cancelled Rides by Driver after cleaning
2026-05-08 18:21:21,634 - transform - INFO - terminate updating Cancelled Rides by Driver row
2026-05-08 18:21:21,634 - transform - INFO - updating Incomplete Rides row...
2026-05-08 18:21:22,145 - transform - INFO - 139819 row have null in Incomplete Rides before cleaning
2026-05-08 18:21:22,145 - transform - INFO - 0 row have null in Incomplete Rides after cleaning
2026-05-08 18:21:22,146 - transform - INFO - terminate updating Incomplete Rides row
2026-05-08 18:21:22,146 - transform - INFO - updating Driver Cancellation Reason...
2026-05-08 18:21:22,779 - transform - INFO - 121836 row have null value in Driver Cancellation Reason before cleaning
2026-05-08 18:21:22,779 - transform - INFO - 0 row have null value in Driver Cancellation Reason have updated to other
2026-05-08 18:21:22,779 - transform - INFO - terminate updating Driver Cancellation Reason row
2026-05-08 18:21:22,779 - transform - INFO - updating Incomplete Rides Reason row...
2026-05-08 18:21:23,398 - transform - INFO - 139819 row have null in Incomplete Rides Reason before cleaning
2026-05-08 18:21:23,398 - transform - INFO - 0 row have null in Incomplete Rides Reason after cleaning
2026-05-08 18:21:23,398 - transform - INFO - terminate updating Incomplete Rides Reason row
2026-05-08 18:21:23,398 - transform - INFO - updating Driver Ratings row...
2026-05-08 18:21:24,118 - transform - INFO - round the Driver Ratings value to 2 number after the comma...
2026-05-08 18:21:24,431 - transform - INFO - 56817 row have null value in Driver Ratings before cleaning
2026-05-08 18:21:24,432 - transform - INFO - 0 row have null value in Driver Ratings after cleaning
2026-05-08 18:21:24,432 - transform - INFO - terminate updating Driver Ratings row
2026-05-08 18:21:24,432 - transform - INFO - updating Customer Rating row...
2026-05-08 18:21:24,922 - transform - INFO - round the Customer Rating value to 2 number after the comma...
2026-05-08 18:21:25,166 - transform - INFO - 56817 row have null value in Customer Rating before cleaning
2026-05-08 18:21:25,166 - transform - INFO - 0 row have null value in Customer Rating after cleaning
2026-05-08 18:21:25,166 - transform - INFO - terminate updating Customer Rating row
2026-05-08 18:21:25,166 - transform - INFO - updating Payment Method row...
2026-05-08 18:21:25,887 - transform - INFO - 47869 row have null value in Payment Method before cleaning
2026-05-08 18:21:25,887 - transform - INFO - 0 row have null value in Payment Method after cleaning
2026-05-08 18:21:25,887 - transform - INFO - terminate updating Payment Method row
2026-05-08 18:21:25,887 - transform - INFO - updating Type of Date row...
2026-05-08 18:21:25,894 - transform - INFO - date was updated
2026-05-08 18:21:25,894 - transform - INFO - updating Type of Time row...
2026-05-08 18:21:25,900 - transform - INFO - Time was updated
2026-05-08 18:21:25,900 - transform - INFO - removing empty date row...
2026-05-08 18:21:26,169 - transform - INFO - 148767 rows have null value in Date before cleaning
2026-05-08 18:21:26,760 - transform - INFO - 148384 rows have null value in Date after cleaning
2026-05-08 18:21:26,760 - transform - INFO - verifying data...
2026-05-08 18:21:28,190 - transform - INFO - 148384 after remove duplicates data
2026-05-08 18:21:28,851 - transform - INFO - Row(Date=0, Time=0, Booking ID=0, Booking Status=0, Customer ID=0, Vehicle Type=0, Pickup Location=0, Drop Location=0, Cancelled Rides by Customer=0, Reason for cancelling by Customer=0, Cancelled Rides by Driver=0, Driver Cancellation Reason=0, Incomplete Rides=0, Incomplete Rides Reason=0, Driver Ratings=0, Customer Rating=0, Payment Method=0) after update null values
2026-05-08 18:21:43,175 - spark session - INFO - Start to connecting to Spark...
2026-05-08 18:21:47,974 - spark session - INFO - Connected To Spark
2026-05-08 18:21:47,974 - transform - INFO - get information about dataset...
2026-05-08 18:21:48,325 - transform - INFO - count of rows before cleaning and duplicating : 150000
2026-05-08 18:21:48,325 - transform - INFO - type of columns [('Date', 'string'), ('Time', 'timestamp'), ('Booking ID', 'string'), ('Booking Status', 'string'), ('Customer ID', 'string'), ('Vehicle Type', 'string'), ('Pickup Location', 'string'), ('Drop Location', 'string'), ('Cancelled Rides by Customer', 'int'), ('Reason for cancelling by Customer', 'string'), ('Cancelled Rides by Driver', 'int'), ('Driver Cancellation Reason', 'string'), ('Incomplete Rides', 'int'), ('Incomplete Rides Reason', 'string'), ('Booking Value', 'int'), ('Ride Distance', 'double'), ('Driver Ratings', 'double'), ('Customer Rating', 'double'), ('Payment Method', 'string')]
2026-05-08 18:21:48,325 - transform - INFO - remove duplicate rows...
2026-05-08 18:21:49,292 - transform - INFO - 1224 row was removed because is duplicated
2026-05-08 18:21:49,752 - transform - INFO - 148767 unique rows
2026-05-08 18:21:49,753 - transform - INFO - updating Cancelled Rides by Customer row...
2026-05-08 18:21:50,538 - transform - INFO - 138271 row have null in Cancelled Rides by Customer before cleaning
2026-05-08 18:21:50,538 - transform - INFO - 0 row have null in Cancelled Rides by Customer after cleaning
2026-05-08 18:21:50,538 - transform - INFO - terminate updating Cancelled Rides by Customer row
2026-05-08 18:21:50,538 - transform - INFO - updating Reason for cancelling by Customer...
2026-05-08 18:21:51,553 - transform - INFO - 138271 row have null value in Reason for cancelling by Customer before cleaning
2026-05-08 18:21:51,553 - transform - INFO - 0 row have null value in Reason for cancelling by Customer have updated to other
2026-05-08 18:21:51,553 - transform - INFO - terminate updating Reason for cancelling by Customer row
2026-05-08 18:21:51,553 - transform - INFO - updating Cancelled Rides by Driver row...
2026-05-08 18:21:52,128 - transform - INFO - 121836 row have null in Cancelled Rides by Driver before cleaning
2026-05-08 18:21:52,128 - transform - INFO - 0 row have null in Cancelled Rides by Driver after cleaning
2026-05-08 18:21:52,128 - transform - INFO - terminate updating Cancelled Rides by Driver row
2026-05-08 18:21:52,128 - transform - INFO - updating Incomplete Rides row...
2026-05-08 18:21:52,663 - transform - INFO - 139819 row have null in Incomplete Rides before cleaning
2026-05-08 18:21:52,663 - transform - INFO - 0 row have null in Incomplete Rides after cleaning
2026-05-08 18:21:52,664 - transform - INFO - terminate updating Incomplete Rides row
2026-05-08 18:21:52,664 - transform - INFO - updating Driver Cancellation Reason...
2026-05-08 18:21:53,400 - transform - INFO - 121836 row have null value in Driver Cancellation Reason before cleaning
2026-05-08 18:21:53,400 - transform - INFO - 0 row have null value in Driver Cancellation Reason have updated to other
2026-05-08 18:21:53,400 - transform - INFO - terminate updating Driver Cancellation Reason row
2026-05-08 18:21:53,400 - transform - INFO - updating Incomplete Rides Reason row...
2026-05-08 18:21:54,406 - transform - INFO - 139819 row have null in Incomplete Rides Reason before cleaning
2026-05-08 18:21:54,406 - transform - INFO - 0 row have null in Incomplete Rides Reason after cleaning
2026-05-08 18:21:54,406 - transform - INFO - terminate updating Incomplete Rides Reason row
2026-05-08 18:21:54,406 - transform - INFO - updating Driver Ratings row...
2026-05-08 18:21:55,201 - transform - INFO - round the Driver Ratings value to 2 number after the comma...
2026-05-08 18:21:55,496 - transform - INFO - 56817 row have null value in Driver Ratings before cleaning
2026-05-08 18:21:55,496 - transform - INFO - 0 row have null value in Driver Ratings after cleaning
2026-05-08 18:21:55,496 - transform - INFO - terminate updating Driver Ratings row
2026-05-08 18:21:55,496 - transform - INFO - updating Customer Rating row...
2026-05-08 18:21:55,995 - transform - INFO - round the Customer Rating value to 2 number after the comma...
2026-05-08 18:21:56,235 - transform - INFO - 56817 row have null value in Customer Rating before cleaning
2026-05-08 18:21:56,235 - transform - INFO - 0 row have null value in Customer Rating after cleaning
2026-05-08 18:21:56,235 - transform - INFO - terminate updating Customer Rating row
2026-05-08 18:21:56,235 - transform - INFO - updating Payment Method row...
2026-05-08 18:21:56,759 - transform - INFO - 47869 row have null value in Payment Method before cleaning
2026-05-08 18:21:56,759 - transform - INFO - 0 row have null value in Payment Method after cleaning
2026-05-08 18:21:56,759 - transform - INFO - terminate updating Payment Method row
2026-05-08 18:21:56,759 - transform - INFO - updating Type of Date row...
2026-05-08 18:21:56,772 - transform - INFO - date was updated
2026-05-08 18:21:56,772 - transform - INFO - updating Type of Time row...
2026-05-08 18:21:56,781 - transform - INFO - Time was updated
2026-05-08 18:21:56,781 - transform - INFO - removing empty date row...
2026-05-08 18:21:56,987 - transform - INFO - 148767 rows have null value in Date before cleaning
2026-05-08 18:21:57,510 - transform - INFO - 148384 rows have null value in Date after cleaning
2026-05-08 18:21:57,510 - transform - INFO - verifying data...
2026-05-08 18:21:58,537 - transform - INFO - 148384 after remove duplicates data
2026-05-08 18:21:59,237 - transform - INFO - Row(Date=0, Time=0, Booking ID=0, Booking Status=0, Customer ID=0, Vehicle Type=0, Pickup Location=0, Drop Location=0, Cancelled Rides by Customer=0, Reason for cancelling by Customer=0, Cancelled Rides by Driver=0, Driver Cancellation Reason=0, Incomplete Rides=0, Incomplete Rides Reason=0, Driver Ratings=0, Customer Rating=0, Payment Method=0) after update null values
2026-05-08 18:24:07,192 - spark session - INFO - Start to connecting to Spark...
2026-05-08 18:24:13,465 - spark session - INFO - Connected To Spark
2026-05-08 18:24:13,466 - transform - INFO - get information about dataset...
2026-05-08 18:24:13,804 - transform - INFO - count of rows before cleaning and duplicating : 150000
2026-05-08 18:24:13,804 - transform - INFO - type of columns [('Date', 'string'), ('Time', 'timestamp'), ('Booking ID', 'string'), ('Booking Status', 'string'), ('Customer ID', 'string'), ('Vehicle Type', 'string'), ('Pickup Location', 'string'), ('Drop Location', 'string'), ('Cancelled Rides by Customer', 'int'), ('Reason for cancelling by Customer', 'string'), ('Cancelled Rides by Driver', 'int'), ('Driver Cancellation Reason', 'string'), ('Incomplete Rides', 'int'), ('Incomplete Rides Reason', 'string'), ('Booking Value', 'int'), ('Ride Distance', 'double'), ('Driver Ratings', 'double'), ('Customer Rating', 'double'), ('Payment Method', 'string')]
2026-05-08 18:24:13,804 - transform - INFO - remove duplicate rows...
2026-05-08 18:24:14,687 - transform - INFO - 1224 row was removed because is duplicated
2026-05-08 18:24:15,036 - transform - INFO - 148767 unique rows
2026-05-08 18:24:15,036 - transform - INFO - updating Cancelled Rides by Customer row...
2026-05-08 18:24:15,782 - transform - INFO - 138271 row have null in Cancelled Rides by Customer before cleaning
2026-05-08 18:24:15,782 - transform - INFO - 0 row have null in Cancelled Rides by Customer after cleaning
2026-05-08 18:24:15,782 - transform - INFO - terminate updating Cancelled Rides by Customer row
2026-05-08 18:24:15,782 - transform - INFO - updating Reason for cancelling by Customer...
2026-05-08 18:24:16,761 - transform - INFO - 138271 row have null value in Reason for cancelling by Customer before cleaning
2026-05-08 18:24:16,761 - transform - INFO - 0 row have null value in Reason for cancelling by Customer have updated to other
2026-05-08 18:24:16,761 - transform - INFO - terminate updating Reason for cancelling by Customer row
2026-05-08 18:24:16,761 - transform - INFO - updating Cancelled Rides by Driver row...
2026-05-08 18:24:17,295 - transform - INFO - 121836 row have null in Cancelled Rides by Driver before cleaning
2026-05-08 18:24:17,295 - transform - INFO - 0 row have null in Cancelled Rides by Driver after cleaning
2026-05-08 18:24:17,295 - transform - INFO - terminate updating Cancelled Rides by Driver row
2026-05-08 18:24:17,295 - transform - INFO - updating Incomplete Rides row...
2026-05-08 18:24:17,788 - transform - INFO - 139819 row have null in Incomplete Rides before cleaning
2026-05-08 18:24:17,788 - transform - INFO - 0 row have null in Incomplete Rides after cleaning
2026-05-08 18:24:17,788 - transform - INFO - terminate updating Incomplete Rides row
2026-05-08 18:24:17,789 - transform - INFO - updating Driver Cancellation Reason...
2026-05-08 18:24:18,351 - transform - INFO - 121836 row have null value in Driver Cancellation Reason before cleaning
2026-05-08 18:24:18,351 - transform - INFO - 0 row have null value in Driver Cancellation Reason have updated to other
2026-05-08 18:24:18,351 - transform - INFO - terminate updating Driver Cancellation Reason row
2026-05-08 18:24:18,351 - transform - INFO - updating Incomplete Rides Reason row...
2026-05-08 18:24:18,870 - transform - INFO - 139819 row have null in Incomplete Rides Reason before cleaning
2026-05-08 18:24:18,870 - transform - INFO - 0 row have null in Incomplete Rides Reason after cleaning
2026-05-08 18:24:18,870 - transform - INFO - terminate updating Incomplete Rides Reason row
2026-05-08 18:24:18,870 - transform - INFO - updating Driver Ratings row...
2026-05-08 18:24:19,559 - transform - INFO - round the Driver Ratings value to 2 number after the comma...
2026-05-08 18:24:19,871 - transform - INFO - 56817 row have null value in Driver Ratings before cleaning
2026-05-08 18:24:19,872 - transform - INFO - 0 row have null value in Driver Ratings after cleaning
2026-05-08 18:24:19,872 - transform - INFO - terminate updating Driver Ratings row
2026-05-08 18:24:19,872 - transform - INFO - updating Customer Rating row...
2026-05-08 18:24:20,394 - transform - INFO - round the Customer Rating value to 2 number after the comma...
2026-05-08 18:24:20,705 - transform - INFO - 56817 row have null value in Customer Rating before cleaning
2026-05-08 18:24:20,705 - transform - INFO - 0 row have null value in Customer Rating after cleaning
2026-05-08 18:24:20,705 - transform - INFO - terminate updating Customer Rating row
2026-05-08 18:24:20,705 - transform - INFO - updating Payment Method row...
2026-05-08 18:24:21,262 - transform - INFO - 47869 row have null value in Payment Method before cleaning
2026-05-08 18:24:21,262 - transform - INFO - 0 row have null value in Payment Method after cleaning
2026-05-08 18:24:21,262 - transform - INFO - terminate updating Payment Method row
2026-05-08 18:24:21,262 - transform - INFO - updating Type of Date row...
2026-05-08 18:24:21,269 - transform - INFO - date was updated
2026-05-08 18:24:21,269 - transform - INFO - updating Type of Time row...
2026-05-08 18:24:21,275 - transform - INFO - Time was updated
2026-05-08 18:24:21,275 - transform - INFO - removing empty date row...
2026-05-08 18:24:21,512 - transform - INFO - 148767 rows have null value in Date before cleaning
2026-05-08 18:24:22,117 - transform - INFO - 148384 rows have null value in Date after cleaning
2026-05-08 18:24:22,117 - transform - INFO - verifying data...
2026-05-08 18:27:59,198 - spark session - INFO - Start to connecting to Spark...
2026-05-08 18:28:06,405 - spark session - INFO - Connected To Spark
2026-05-08 18:28:06,406 - transform - INFO - get information about dataset...
2026-05-08 18:28:06,779 - transform - INFO - count of rows before cleaning and duplicating : 150000
2026-05-08 18:28:06,779 - transform - INFO - type of columns [('Date', 'string'), ('Time', 'timestamp'), ('Booking ID', 'string'), ('Booking Status', 'string'), ('Customer ID', 'string'), ('Vehicle Type', 'string'), ('Pickup Location', 'string'), ('Drop Location', 'string'), ('Cancelled Rides by Customer', 'int'), ('Reason for cancelling by Customer', 'string'), ('Cancelled Rides by Driver', 'int'), ('Driver Cancellation Reason', 'string'), ('Incomplete Rides', 'int'), ('Incomplete Rides Reason', 'string'), ('Booking Value', 'int'), ('Ride Distance', 'double'), ('Driver Ratings', 'double'), ('Customer Rating', 'double'), ('Payment Method', 'string')]
2026-05-08 18:28:06,779 - transform - INFO - remove duplicate rows...
2026-05-08 18:28:07,625 - transform - INFO - 1224 row was removed because is duplicated
2026-05-08 18:28:07,981 - transform - INFO - 148767 unique rows
2026-05-08 18:28:07,981 - transform - INFO - updating Cancelled Rides by Customer row...
2026-05-08 18:28:08,712 - transform - INFO - 138271 row have null in Cancelled Rides by Customer before cleaning
2026-05-08 18:28:08,712 - transform - INFO - 0 row have null in Cancelled Rides by Customer after cleaning
2026-05-08 18:28:08,712 - transform - INFO - terminate updating Cancelled Rides by Customer row
2026-05-08 18:28:08,713 - transform - INFO - updating Reason for cancelling by Customer...
2026-05-08 18:28:09,767 - transform - INFO - 138271 row have null value in Reason for cancelling by Customer before cleaning
2026-05-08 18:28:09,767 - transform - INFO - 0 row have null value in Reason for cancelling by Customer have updated to other
2026-05-08 18:28:09,767 - transform - INFO - terminate updating Reason for cancelling by Customer row
2026-05-08 18:28:09,767 - transform - INFO - updating Cancelled Rides by Driver row...
2026-05-08 18:28:10,591 - transform - INFO - 121836 row have null in Cancelled Rides by Driver before cleaning
2026-05-08 18:28:10,591 - transform - INFO - 0 row have null in Cancelled Rides by Driver after cleaning
2026-05-08 18:28:10,591 - transform - INFO - terminate updating Cancelled Rides by Driver row
2026-05-08 18:28:10,591 - transform - INFO - updating Incomplete Rides row...
2026-05-08 18:28:11,099 - transform - INFO - 139819 row have null in Incomplete Rides before cleaning
2026-05-08 18:28:11,099 - transform - INFO - 0 row have null in Incomplete Rides after cleaning
2026-05-08 18:28:11,099 - transform - INFO - terminate updating Incomplete Rides row
2026-05-08 18:28:11,099 - transform - INFO - updating Driver Cancellation Reason...
2026-05-08 18:28:11,644 - transform - INFO - 121836 row have null value in Driver Cancellation Reason before cleaning
2026-05-08 18:28:11,644 - transform - INFO - 0 row have null value in Driver Cancellation Reason have updated to other
2026-05-08 18:28:11,644 - transform - INFO - terminate updating Driver Cancellation Reason row
2026-05-08 18:28:11,644 - transform - INFO - updating Incomplete Rides Reason row...
2026-05-08 18:28:12,156 - transform - INFO - 139819 row have null in Incomplete Rides Reason before cleaning
2026-05-08 18:28:12,156 - transform - INFO - 0 row have null in Incomplete Rides Reason after cleaning
2026-05-08 18:28:12,156 - transform - INFO - terminate updating Incomplete Rides Reason row
2026-05-08 18:29:19,610 - spark session - INFO - Start to connecting to Spark...
2026-05-08 18:29:25,748 - spark session - INFO - Connected To Spark
2026-05-08 18:29:25,749 - transform - INFO - get information about dataset...
2026-05-08 18:29:26,140 - transform - INFO - count of rows before cleaning and duplicating : 150000
2026-05-08 18:29:26,140 - transform - INFO - type of columns [('Date', 'string'), ('Time', 'timestamp'), ('Booking ID', 'string'), ('Booking Status', 'string'), ('Customer ID', 'string'), ('Vehicle Type', 'string'), ('Pickup Location', 'string'), ('Drop Location', 'string'), ('Cancelled Rides by Customer', 'int'), ('Reason for cancelling by Customer', 'string'), ('Cancelled Rides by Driver', 'int'), ('Driver Cancellation Reason', 'string'), ('Incomplete Rides', 'int'), ('Incomplete Rides Reason', 'string'), ('Booking Value', 'int'), ('Ride Distance', 'double'), ('Driver Ratings', 'double'), ('Customer Rating', 'double'), ('Payment Method', 'string')]
2026-05-08 18:29:26,140 - transform - INFO - remove duplicate rows...
2026-05-08 18:29:26,992 - transform - INFO - 1224 row was removed because is duplicated
2026-05-08 18:29:27,343 - transform - INFO - 148767 unique rows
2026-05-08 18:29:27,343 - transform - INFO - updating Cancelled Rides by Customer row...
2026-05-08 18:29:28,087 - transform - INFO - 138271 row have null in Cancelled Rides by Customer before cleaning
2026-05-08 18:29:28,087 - transform - INFO - 0 row have null in Cancelled Rides by Customer after cleaning
2026-05-08 18:29:28,087 - transform - INFO - terminate updating Cancelled Rides by Customer row
2026-05-08 18:29:28,087 - transform - INFO - updating Reason for cancelling by Customer...
2026-05-08 18:29:29,002 - transform - INFO - 138271 row have null value in Reason for cancelling by Customer before cleaning
2026-05-08 18:29:29,002 - transform - INFO - 0 row have null value in Reason for cancelling by Customer have updated to other
2026-05-08 18:29:29,002 - transform - INFO - terminate updating Reason for cancelling by Customer row
2026-05-08 18:29:29,002 - transform - INFO - updating Cancelled Rides by Driver row...
2026-05-08 18:29:29,507 - transform - INFO - 121836 row have null in Cancelled Rides by Driver before cleaning
2026-05-08 18:29:29,507 - transform - INFO - 0 row have null in Cancelled Rides by Driver after cleaning
2026-05-08 18:29:29,508 - transform - INFO - terminate updating Cancelled Rides by Driver row
2026-05-08 18:29:29,508 - transform - INFO - updating Incomplete Rides row...
2026-05-08 18:29:29,950 - transform - INFO - 139819 row have null in Incomplete Rides before cleaning
2026-05-08 18:29:29,950 - transform - INFO - 0 row have null in Incomplete Rides after cleaning
2026-05-08 18:29:29,950 - transform - INFO - terminate updating Incomplete Rides row
2026-05-08 18:29:29,950 - transform - INFO - updating Driver Cancellation Reason...
2026-05-08 18:29:30,516 - transform - INFO - 121836 row have null value in Driver Cancellation Reason before cleaning
2026-05-08 18:29:30,516 - transform - INFO - 0 row have null value in Driver Cancellation Reason have updated to other
2026-05-08 18:29:30,516 - transform - INFO - terminate updating Driver Cancellation Reason row
2026-05-08 18:29:30,516 - transform - INFO - updating Incomplete Rides Reason row...
2026-05-08 18:29:31,037 - transform - INFO - 139819 row have null in Incomplete Rides Reason before cleaning
2026-05-08 18:29:31,037 - transform - INFO - 0 row have null in Incomplete Rides Reason after cleaning
2026-05-08 18:29:31,037 - transform - INFO - terminate updating Incomplete Rides Reason row
2026-05-08 18:31:05,390 - spark session - INFO - Start to connecting to Spark...
2026-05-08 18:31:11,770 - spark session - INFO - Connected To Spark
2026-05-08 18:31:11,770 - transform - INFO - get information about dataset...
2026-05-08 18:31:12,177 - transform - INFO - count of rows before cleaning and duplicating : 150000
2026-05-08 18:31:12,178 - transform - INFO - type of columns [('Date', 'string'), ('Time', 'timestamp'), ('Booking ID', 'string'), ('Booking Status', 'string'), ('Customer ID', 'string'), ('Vehicle Type', 'string'), ('Pickup Location', 'string'), ('Drop Location', 'string'), ('Cancelled Rides by Customer', 'int'), ('Reason for cancelling by Customer', 'string'), ('Cancelled Rides by Driver', 'int'), ('Driver Cancellation Reason', 'string'), ('Incomplete Rides', 'int'), ('Incomplete Rides Reason', 'string'), ('Booking Value', 'int'), ('Ride Distance', 'double'), ('Driver Ratings', 'double'), ('Customer Rating', 'double'), ('Payment Method', 'string')]
2026-05-08 18:31:12,178 - transform - INFO - remove duplicate rows...
2026-05-08 18:31:13,048 - transform - INFO - 1224 row was removed because is duplicated
2026-05-08 18:31:13,432 - transform - INFO - 148767 unique rows
2026-05-08 18:31:13,432 - transform - INFO - updating Cancelled Rides by Customer row...
2026-05-08 18:31:14,171 - transform - INFO - 138271 row have null in Cancelled Rides by Customer before cleaning
2026-05-08 18:31:14,171 - transform - INFO - 0 row have null in Cancelled Rides by Customer after cleaning
2026-05-08 18:31:14,172 - transform - INFO - terminate updating Cancelled Rides by Customer row
2026-05-08 18:31:14,172 - transform - INFO - updating Reason for cancelling by Customer...
2026-05-08 18:31:15,081 - transform - INFO - 138271 row have null value in Reason for cancelling by Customer before cleaning
2026-05-08 18:31:15,081 - transform - INFO - 0 row have null value in Reason for cancelling by Customer have updated to other
2026-05-08 18:31:15,081 - transform - INFO - terminate updating Reason for cancelling by Customer row
2026-05-08 18:31:15,081 - transform - INFO - updating Cancelled Rides by Driver row...
2026-05-08 18:31:15,580 - transform - INFO - 121836 row have null in Cancelled Rides by Driver before cleaning
2026-05-08 18:31:15,580 - transform - INFO - 0 row have null in Cancelled Rides by Driver after cleaning
2026-05-08 18:31:15,580 - transform - INFO - terminate updating Cancelled Rides by Driver row
2026-05-08 18:31:15,580 - transform - INFO - updating Incomplete Rides row...
2026-05-08 18:31:16,064 - transform - INFO - 139819 row have null in Incomplete Rides before cleaning
2026-05-08 18:31:16,064 - transform - INFO - 0 row have null in Incomplete Rides after cleaning
2026-05-08 18:31:16,064 - transform - INFO - terminate updating Incomplete Rides row
2026-05-08 18:31:16,064 - transform - INFO - updating Driver Cancellation Reason...
2026-05-08 18:31:16,638 - transform - INFO - 121836 row have null value in Driver Cancellation Reason before cleaning
2026-05-08 18:31:16,638 - transform - INFO - 0 row have null value in Driver Cancellation Reason have updated to other
2026-05-08 18:31:16,638 - transform - INFO - terminate updating Driver Cancellation Reason row
2026-05-08 18:31:16,638 - transform - INFO - updating Incomplete Rides Reason row...
2026-05-08 18:31:17,153 - transform - INFO - 139819 row have null in Incomplete Rides Reason before cleaning
2026-05-08 18:31:17,153 - transform - INFO - 0 row have null in Incomplete Rides Reason after cleaning
2026-05-08 18:31:17,153 - transform - INFO - terminate updating Incomplete Rides Reason row
2026-05-08 18:31:17,153 - transform - INFO - updating Book value row...
2026-05-08 18:31:17,605 - transform - INFO - 47869 row have null value in Booking Value before cleaning
2026-05-08 18:31:17,605 - transform - INFO - 0 row have null value in Booking Value before cleaning
2026-05-08 18:31:17,605 - transform - INFO - terminate updating book value row
2026-05-08 18:31:17,605 - transform - INFO - updating Driver Ratings row...
2026-05-08 18:31:18,296 - transform - INFO - round the Driver Ratings value to 2 number after the comma...
2026-05-08 18:31:18,591 - transform - INFO - 56817 row have null value in Driver Ratings before cleaning
2026-05-08 18:31:18,592 - transform - INFO - 0 row have null value in Driver Ratings after cleaning
2026-05-08 18:31:18,592 - transform - INFO - terminate updating Driver Ratings row
2026-05-08 18:31:18,592 - transform - INFO - updating Customer Rating row...
2026-05-08 18:31:19,069 - transform - INFO - round the Customer Rating value to 2 number after the comma...
2026-05-08 18:31:19,295 - transform - INFO - 56817 row have null value in Customer Rating before cleaning
2026-05-08 18:31:19,295 - transform - INFO - 0 row have null value in Customer Rating after cleaning
2026-05-08 18:31:19,295 - transform - INFO - terminate updating Customer Rating row
2026-05-08 18:31:19,295 - transform - INFO - updating Payment Method row...
2026-05-08 18:31:19,875 - transform - INFO - 47869 row have null value in Payment Method before cleaning
2026-05-08 18:31:19,876 - transform - INFO - 0 row have null value in Payment Method after cleaning
2026-05-08 18:31:19,876 - transform - INFO - terminate updating Payment Method row
2026-05-08 18:31:19,876 - transform - INFO - updating Type of Date row...
2026-05-08 18:31:19,884 - transform - INFO - date was updated
2026-05-08 18:31:19,884 - transform - INFO - updating Type of Time row...
2026-05-08 18:31:19,890 - transform - INFO - Time was updated
2026-05-08 18:31:19,890 - transform - INFO - removing empty date row...
2026-05-08 18:31:20,144 - transform - INFO - 148767 rows have null value in Date before cleaning
2026-05-08 18:31:20,753 - transform - INFO - 148384 rows have null value in Date after cleaning
2026-05-08 18:31:20,753 - transform - INFO - verifying data...
2026-05-08 18:31:21,177 - transform - INFO - 148384 after remove duplicates data
2026-05-08 18:31:22,125 - transform - INFO - Row(Date=0, Time=0, Booking ID=0, Booking Status=0, Customer ID=0, Vehicle Type=0, Pickup Location=0, Drop Location=0, Cancelled Rides by Customer=0, Reason for cancelling by Customer=0, Cancelled Rides by Driver=0, Driver Cancellation Reason=0, Incomplete Rides=0, Incomplete Rides Reason=0, Driver Ratings=0, Customer Rating=0, Payment Method=0) after update null values
2026-05-08 18:31:54,800 - spark session - INFO - Start to connecting to Spark...
2026-05-08 18:32:00,265 - spark session - INFO - Connected To Spark
2026-05-08 18:32:00,266 - transform - INFO - get information about dataset...
2026-05-08 18:32:00,608 - transform - INFO - count of rows before cleaning and duplicating : 150000
2026-05-08 18:32:00,608 - transform - INFO - type of columns [('Date', 'string'), ('Time', 'timestamp'), ('Booking ID', 'string'), ('Booking Status', 'string'), ('Customer ID', 'string'), ('Vehicle Type', 'string'), ('Pickup Location', 'string'), ('Drop Location', 'string'), ('Cancelled Rides by Customer', 'int'), ('Reason for cancelling by Customer', 'string'), ('Cancelled Rides by Driver', 'int'), ('Driver Cancellation Reason', 'string'), ('Incomplete Rides', 'int'), ('Incomplete Rides Reason', 'string'), ('Booking Value', 'int'), ('Ride Distance', 'double'), ('Driver Ratings', 'double'), ('Customer Rating', 'double'), ('Payment Method', 'string')]
2026-05-08 18:32:00,609 - transform - INFO - remove duplicate rows...
2026-05-08 18:32:01,569 - transform - INFO - 1224 row was removed because is duplicated
2026-05-08 18:32:01,944 - transform - INFO - 148767 unique rows
2026-05-08 18:32:01,944 - transform - INFO - updating Cancelled Rides by Customer row...
2026-05-08 18:32:02,626 - transform - INFO - 138271 row have null in Cancelled Rides by Customer before cleaning
2026-05-08 18:32:02,627 - transform - INFO - 0 row have null in Cancelled Rides by Customer after cleaning
2026-05-08 18:32:02,627 - transform - INFO - terminate updating Cancelled Rides by Customer row
2026-05-08 18:32:02,627 - transform - INFO - updating Reason for cancelling by Customer...
2026-05-08 18:32:03,527 - transform - INFO - 138271 row have null value in Reason for cancelling by Customer before cleaning
2026-05-08 18:32:03,527 - transform - INFO - 0 row have null value in Reason for cancelling by Customer have updated to other
2026-05-08 18:32:03,527 - transform - INFO - terminate updating Reason for cancelling by Customer row
2026-05-08 18:32:03,527 - transform - INFO - updating Cancelled Rides by Driver row...
2026-05-08 18:32:04,041 - transform - INFO - 121836 row have null in Cancelled Rides by Driver before cleaning
2026-05-08 18:32:04,041 - transform - INFO - 0 row have null in Cancelled Rides by Driver after cleaning
2026-05-08 18:32:04,041 - transform - INFO - terminate updating Cancelled Rides by Driver row
2026-05-08 18:32:04,041 - transform - INFO - updating Incomplete Rides row...
2026-05-08 18:32:04,522 - transform - INFO - 139819 row have null in Incomplete Rides before cleaning
2026-05-08 18:32:04,522 - transform - INFO - 0 row have null in Incomplete Rides after cleaning
2026-05-08 18:32:04,522 - transform - INFO - terminate updating Incomplete Rides row
2026-05-08 18:32:04,522 - transform - INFO - updating Driver Cancellation Reason...
2026-05-08 18:32:05,101 - transform - INFO - 121836 row have null value in Driver Cancellation Reason before cleaning
2026-05-08 18:32:05,101 - transform - INFO - 0 row have null value in Driver Cancellation Reason have updated to other
2026-05-08 18:32:05,101 - transform - INFO - terminate updating Driver Cancellation Reason row
2026-05-08 18:32:05,101 - transform - INFO - updating Incomplete Rides Reason row...
2026-05-08 18:32:05,624 - transform - INFO - 139819 row have null in Incomplete Rides Reason before cleaning
2026-05-08 18:32:05,624 - transform - INFO - 0 row have null in Incomplete Rides Reason after cleaning
2026-05-08 18:32:05,624 - transform - INFO - terminate updating Incomplete Rides Reason row
2026-05-08 18:32:05,624 - transform - INFO - updating Book value row...
2026-05-08 18:32:06,057 - transform - INFO - 47869 row have null value in Booking Value before cleaning
2026-05-08 18:32:06,057 - transform - INFO - 0 row have null value in Booking Value before cleaning
2026-05-08 18:32:06,057 - transform - INFO - terminate updating book value row
2026-05-08 18:32:06,057 - transform - INFO - updating Driver Ratings row...
2026-05-08 18:32:06,718 - transform - INFO - round the Driver Ratings value to 2 number after the comma...
2026-05-08 18:32:07,008 - transform - INFO - 56817 row have null value in Driver Ratings before cleaning
2026-05-08 18:32:07,008 - transform - INFO - 0 row have null value in Driver Ratings after cleaning
2026-05-08 18:32:07,008 - transform - INFO - terminate updating Driver Ratings row
2026-05-08 18:32:07,008 - transform - INFO - updating Customer Rating row...
2026-05-08 18:32:07,430 - transform - INFO - round the Customer Rating value to 2 number after the comma...
2026-05-08 18:32:07,684 - transform - INFO - 56817 row have null value in Customer Rating before cleaning
2026-05-08 18:32:07,684 - transform - INFO - 0 row have null value in Customer Rating after cleaning
2026-05-08 18:32:07,684 - transform - INFO - terminate updating Customer Rating row
2026-05-08 18:32:07,684 - transform - INFO - updating Payment Method row...
2026-05-08 18:32:08,218 - transform - INFO - 47869 row have null value in Payment Method before cleaning
2026-05-08 18:32:08,218 - transform - INFO - 0 row have null value in Payment Method after cleaning
2026-05-08 18:32:08,218 - transform - INFO - terminate updating Payment Method row
2026-05-08 18:32:08,219 - transform - INFO - updating Type of Date row...
2026-05-08 18:32:08,225 - transform - INFO - date was updated
2026-05-08 18:32:08,225 - transform - INFO - updating Type of Time row...
2026-05-08 18:32:08,231 - transform - INFO - Time was updated
2026-05-08 18:32:08,231 - transform - INFO - removing empty date row...
2026-05-08 18:32:08,432 - transform - INFO - 148767 rows have null value in Date before cleaning
2026-05-08 18:32:08,949 - transform - INFO - 148384 rows have null value in Date after cleaning
2026-05-08 18:32:08,949 - transform - INFO - verifying data...
2026-05-08 18:32:09,329 - transform - INFO - 148384 after remove duplicates data
2026-05-08 18:32:10,366 - transform - INFO - Row(Date=0, Time=0, Booking ID=0, Booking Status=0, Customer ID=0, Vehicle Type=0, Pickup Location=0, Drop Location=0, Cancelled Rides by Customer=0, Reason for cancelling by Customer=0, Cancelled Rides by Driver=0, Driver Cancellation Reason=0, Incomplete Rides=0, Incomplete Rides Reason=0, Booking Value=0, Ride Distance=47752, Driver Ratings=0, Customer Rating=0, Payment Method=0) after update null values
2026-05-08 18:32:17,922 - spark session - INFO - Start to connecting to Spark...
2026-05-08 18:32:23,109 - spark session - INFO - Connected To Spark
2026-05-08 18:32:23,109 - transform - INFO - get information about dataset...
2026-05-08 18:32:23,456 - transform - INFO - count of rows before cleaning and duplicating : 150000
2026-05-08 18:32:23,456 - transform - INFO - type of columns [('Date', 'string'), ('Time', 'timestamp'), ('Booking ID', 'string'), ('Booking Status', 'string'), ('Customer ID', 'string'), ('Vehicle Type', 'string'), ('Pickup Location', 'string'), ('Drop Location', 'string'), ('Cancelled Rides by Customer', 'int'), ('Reason for cancelling by Customer', 'string'), ('Cancelled Rides by Driver', 'int'), ('Driver Cancellation Reason', 'string'), ('Incomplete Rides', 'int'), ('Incomplete Rides Reason', 'string'), ('Booking Value', 'int'), ('Ride Distance', 'double'), ('Driver Ratings', 'double'), ('Customer Rating', 'double'), ('Payment Method', 'string')]
2026-05-08 18:32:23,456 - transform - INFO - remove duplicate rows...
2026-05-08 18:32:24,313 - transform - INFO - 1224 row was removed because is duplicated
2026-05-08 18:32:24,688 - transform - INFO - 148767 unique rows
2026-05-08 18:32:24,688 - transform - INFO - updating Cancelled Rides by Customer row...
2026-05-08 18:32:25,452 - transform - INFO - 138271 row have null in Cancelled Rides by Customer before cleaning
2026-05-08 18:32:25,452 - transform - INFO - 0 row have null in Cancelled Rides by Customer after cleaning
2026-05-08 18:32:25,452 - transform - INFO - terminate updating Cancelled Rides by Customer row
2026-05-08 18:32:25,452 - transform - INFO - updating Reason for cancelling by Customer...
2026-05-08 18:32:26,444 - transform - INFO - 138271 row have null value in Reason for cancelling by Customer before cleaning
2026-05-08 18:32:26,444 - transform - INFO - 0 row have null value in Reason for cancelling by Customer have updated to other
2026-05-08 18:32:26,444 - transform - INFO - terminate updating Reason for cancelling by Customer row
2026-05-08 18:32:26,444 - transform - INFO - updating Cancelled Rides by Driver row...
2026-05-08 18:32:27,018 - transform - INFO - 121836 row have null in Cancelled Rides by Driver before cleaning
2026-05-08 18:32:27,018 - transform - INFO - 0 row have null in Cancelled Rides by Driver after cleaning
2026-05-08 18:32:27,019 - transform - INFO - terminate updating Cancelled Rides by Driver row
2026-05-08 18:32:27,019 - transform - INFO - updating Incomplete Rides row...
2026-05-08 18:32:27,520 - transform - INFO - 139819 row have null in Incomplete Rides before cleaning
2026-05-08 18:32:27,520 - transform - INFO - 0 row have null in Incomplete Rides after cleaning
2026-05-08 18:32:27,520 - transform - INFO - terminate updating Incomplete Rides row
2026-05-08 18:32:27,520 - transform - INFO - updating Driver Cancellation Reason...
2026-05-08 18:32:28,075 - transform - INFO - 121836 row have null value in Driver Cancellation Reason before cleaning
2026-05-08 18:32:28,075 - transform - INFO - 0 row have null value in Driver Cancellation Reason have updated to other
2026-05-08 18:32:28,075 - transform - INFO - terminate updating Driver Cancellation Reason row
2026-05-08 18:32:28,075 - transform - INFO - updating Incomplete Rides Reason row...
2026-05-08 18:32:28,620 - transform - INFO - 139819 row have null in Incomplete Rides Reason before cleaning
2026-05-08 18:32:28,620 - transform - INFO - 0 row have null in Incomplete Rides Reason after cleaning
2026-05-08 18:32:28,620 - transform - INFO - terminate updating Incomplete Rides Reason row
2026-05-08 18:32:28,620 - transform - INFO - updating Book value row...
2026-05-08 18:32:29,062 - transform - INFO - 47869 row have null value in Booking Value before cleaning
2026-05-08 18:32:29,062 - transform - INFO - 0 row have null value in Booking Value before cleaning
2026-05-08 18:32:29,062 - transform - INFO - terminate updating book value row
2026-05-08 18:32:29,062 - transform - INFO - updating Driver Ratings row...
2026-05-08 18:32:29,734 - transform - INFO - round the Driver Ratings value to 2 number after the comma...
2026-05-08 18:32:30,051 - transform - INFO - 56817 row have null value in Driver Ratings before cleaning
2026-05-08 18:32:30,051 - transform - INFO - 0 row have null value in Driver Ratings after cleaning
2026-05-08 18:32:30,051 - transform - INFO - terminate updating Driver Ratings row
2026-05-08 18:32:30,051 - transform - INFO - updating Customer Rating row...
2026-05-08 18:32:30,502 - transform - INFO - round the Customer Rating value to 2 number after the comma...
2026-05-08 18:32:30,744 - transform - INFO - 56817 row have null value in Customer Rating before cleaning
2026-05-08 18:32:30,745 - transform - INFO - 0 row have null value in Customer Rating after cleaning
2026-05-08 18:32:30,745 - transform - INFO - terminate updating Customer Rating row
2026-05-08 18:32:30,745 - transform - INFO - updating Payment Method row...
2026-05-08 18:32:31,273 - transform - INFO - 47869 row have null value in Payment Method before cleaning
2026-05-08 18:32:31,273 - transform - INFO - 0 row have null value in Payment Method after cleaning
2026-05-08 18:32:31,273 - transform - INFO - terminate updating Payment Method row
2026-05-08 18:32:31,274 - transform - INFO - updating Type of Date row...
2026-05-08 18:32:31,280 - transform - INFO - date was updated
2026-05-08 18:32:31,280 - transform - INFO - updating Type of Time row...
2026-05-08 18:32:31,286 - transform - INFO - Time was updated
2026-05-08 18:32:31,286 - transform - INFO - removing empty date row...
2026-05-08 18:32:31,507 - transform - INFO - 148767 rows have null value in Date before cleaning
2026-05-08 18:32:32,007 - transform - INFO - 148384 rows have null value in Date after cleaning
2026-05-08 18:32:32,007 - transform - INFO - verifying data...
2026-05-08 18:32:32,419 - transform - INFO - 148384 after remove duplicates data
2026-05-08 18:32:33,467 - transform - INFO - None after update null values
2026-05-08 18:34:59,391 - spark session - INFO - Start to connecting to Spark...
2026-05-08 18:35:05,112 - spark session - INFO - Connected To Spark
2026-05-08 18:35:05,112 - transform - INFO - get information about dataset...
2026-05-08 18:35:05,710 - transform - INFO - count of rows before cleaning and duplicating : 150000
2026-05-08 18:35:05,710 - transform - INFO - type of columns [('Date', 'string'), ('Time', 'timestamp'), ('Booking ID', 'string'), ('Booking Status', 'string'), ('Customer ID', 'string'), ('Vehicle Type', 'string'), ('Pickup Location', 'string'), ('Drop Location', 'string'), ('Cancelled Rides by Customer', 'int'), ('Reason for cancelling by Customer', 'string'), ('Cancelled Rides by Driver', 'int'), ('Driver Cancellation Reason', 'string'), ('Incomplete Rides', 'int'), ('Incomplete Rides Reason', 'string'), ('Booking Value', 'int'), ('Ride Distance', 'double'), ('Driver Ratings', 'double'), ('Customer Rating', 'double'), ('Payment Method', 'string')]
2026-05-08 18:35:05,710 - transform - INFO - remove duplicate rows...
2026-05-08 18:35:06,541 - transform - INFO - 1224 row was removed because is duplicated
2026-05-08 18:35:06,876 - transform - INFO - 148767 unique rows
2026-05-08 18:35:06,876 - transform - INFO - updating Cancelled Rides by Customer row...
2026-05-08 18:35:07,603 - transform - INFO - 138271 row have null in Cancelled Rides by Customer before cleaning
2026-05-08 18:35:07,603 - transform - INFO - 0 row have null in Cancelled Rides by Customer after cleaning
2026-05-08 18:35:07,603 - transform - INFO - terminate updating Cancelled Rides by Customer row
2026-05-08 18:35:07,603 - transform - INFO - updating Reason for cancelling by Customer...
2026-05-08 18:35:08,669 - transform - INFO - 138271 row have null value in Reason for cancelling by Customer before cleaning
2026-05-08 18:35:08,669 - transform - INFO - 0 row have null value in Reason for cancelling by Customer have updated to other
2026-05-08 18:35:08,669 - transform - INFO - terminate updating Reason for cancelling by Customer row
2026-05-08 18:35:08,669 - transform - INFO - updating Cancelled Rides by Driver row...
2026-05-08 18:35:09,207 - transform - INFO - 121836 row have null in Cancelled Rides by Driver before cleaning
2026-05-08 18:35:09,207 - transform - INFO - 0 row have null in Cancelled Rides by Driver after cleaning
2026-05-08 18:35:09,207 - transform - INFO - terminate updating Cancelled Rides by Driver row
2026-05-08 18:35:09,207 - transform - INFO - updating Incomplete Rides row...
2026-05-08 18:35:09,714 - transform - INFO - 139819 row have null in Incomplete Rides before cleaning
2026-05-08 18:35:09,714 - transform - INFO - 0 row have null in Incomplete Rides after cleaning
2026-05-08 18:35:09,714 - transform - INFO - terminate updating Incomplete Rides row
2026-05-08 18:35:09,714 - transform - INFO - updating Driver Cancellation Reason...
2026-05-08 18:35:10,389 - transform - INFO - 121836 row have null value in Driver Cancellation Reason before cleaning
2026-05-08 18:35:10,389 - transform - INFO - 0 row have null value in Driver Cancellation Reason have updated to other
2026-05-08 18:35:10,389 - transform - INFO - terminate updating Driver Cancellation Reason row
2026-05-08 18:35:10,389 - transform - INFO - updating Incomplete Rides Reason row...
2026-05-08 18:35:10,933 - transform - INFO - 139819 row have null in Incomplete Rides Reason before cleaning
2026-05-08 18:35:10,934 - transform - INFO - 0 row have null in Incomplete Rides Reason after cleaning
2026-05-08 18:35:10,934 - transform - INFO - terminate updating Incomplete Rides Reason row
2026-05-08 18:35:10,934 - transform - INFO - updating Book value row...
2026-05-08 18:35:11,410 - transform - INFO - 47869 row have null value in Booking Value before cleaning
2026-05-08 18:35:11,410 - transform - INFO - 0 row have null value in Booking Value before cleaning
2026-05-08 18:35:11,410 - transform - INFO - terminate updating book value row
2026-05-08 18:35:11,410 - transform - INFO - updating Driver Ratings row...
2026-05-08 18:35:12,097 - transform - INFO - round the Driver Ratings value to 2 number after the comma...
2026-05-08 18:35:12,373 - transform - INFO - 56817 row have null value in Driver Ratings before cleaning
2026-05-08 18:35:12,374 - transform - INFO - 0 row have null value in Driver Ratings after cleaning
2026-05-08 18:35:12,374 - transform - INFO - terminate updating Driver Ratings row
2026-05-08 18:35:12,374 - transform - INFO - updating Customer Rating row...
2026-05-08 18:35:12,897 - transform - INFO - round the Customer Rating value to 2 number after the comma...
2026-05-08 18:35:13,137 - transform - INFO - 56817 row have null value in Customer Rating before cleaning
2026-05-08 18:35:13,137 - transform - INFO - 0 row have null value in Customer Rating after cleaning
2026-05-08 18:35:13,137 - transform - INFO - terminate updating Customer Rating row
2026-05-08 18:35:13,137 - transform - INFO - updating Payment Method row...
2026-05-08 18:35:13,764 - transform - INFO - 47869 row have null value in Payment Method before cleaning
2026-05-08 18:35:13,764 - transform - INFO - 0 row have null value in Payment Method after cleaning
2026-05-08 18:35:13,764 - transform - INFO - terminate updating Payment Method row
2026-05-08 18:35:13,764 - transform - INFO - updating Type of Date row...
2026-05-08 18:35:13,771 - transform - INFO - date was updated
2026-05-08 18:35:13,771 - transform - INFO - updating Type of Time row...
2026-05-08 18:35:13,778 - transform - INFO - Time was updated
2026-05-08 18:35:13,778 - transform - INFO - removing empty date row...
2026-05-08 18:35:14,009 - transform - INFO - 148767 rows have null value in Date before cleaning
2026-05-08 18:35:14,644 - transform - INFO - 148384 rows have null value in Date after cleaning
2026-05-08 18:35:14,644 - transform - INFO - verifying data...
2026-05-08 18:35:16,607 - transform - INFO - 148384 after remove duplicates data
2026-05-08 18:35:17,259 - transform - INFO - Row(Date=0, Time=0, Booking ID=0, Booking Status=0, Customer ID=0, Vehicle Type=0, Pickup Location=0, Drop Location=0, Cancelled Rides by Customer=0, Reason for cancelling by Customer=0, Cancelled Rides by Driver=0, Driver Cancellation Reason=0, Incomplete Rides=0, Incomplete Rides Reason=0, Booking Value=0, Ride Distance=47752, Driver Ratings=0, Customer Rating=0, Payment Method=0) after update null values
2026-05-08 18:35:32,466 - spark session - INFO - Start to connecting to Spark...
2026-05-08 18:35:38,071 - spark session - INFO - Connected To Spark
2026-05-08 18:35:38,071 - transform - INFO - get information about dataset...
2026-05-08 18:35:38,475 - transform - INFO - count of rows before cleaning and duplicating : 150000
2026-05-08 18:35:38,475 - transform - INFO - type of columns [('Date', 'string'), ('Time', 'timestamp'), ('Booking ID', 'string'), ('Booking Status', 'string'), ('Customer ID', 'string'), ('Vehicle Type', 'string'), ('Pickup Location', 'string'), ('Drop Location', 'string'), ('Cancelled Rides by Customer', 'int'), ('Reason for cancelling by Customer', 'string'), ('Cancelled Rides by Driver', 'int'), ('Driver Cancellation Reason', 'string'), ('Incomplete Rides', 'int'), ('Incomplete Rides Reason', 'string'), ('Booking Value', 'int'), ('Ride Distance', 'double'), ('Driver Ratings', 'double'), ('Customer Rating', 'double'), ('Payment Method', 'string')]
2026-05-08 18:35:38,475 - transform - INFO - remove duplicate rows...
2026-05-08 18:35:39,450 - transform - INFO - 1224 row was removed because is duplicated
2026-05-08 18:35:39,835 - transform - INFO - 148767 unique rows
2026-05-08 18:35:39,835 - transform - INFO - updating Cancelled Rides by Customer row...
2026-05-08 18:35:40,745 - transform - INFO - 138271 row have null in Cancelled Rides by Customer before cleaning
2026-05-08 18:35:40,745 - transform - INFO - 0 row have null in Cancelled Rides by Customer after cleaning
2026-05-08 18:35:40,745 - transform - INFO - terminate updating Cancelled Rides by Customer row
2026-05-08 18:35:40,745 - transform - INFO - updating Reason for cancelling by Customer...
2026-05-08 18:35:41,874 - transform - INFO - 138271 row have null value in Reason for cancelling by Customer before cleaning
2026-05-08 18:35:41,874 - transform - INFO - 0 row have null value in Reason for cancelling by Customer have updated to other
2026-05-08 18:35:41,874 - transform - INFO - terminate updating Reason for cancelling by Customer row
2026-05-08 18:35:41,874 - transform - INFO - updating Cancelled Rides by Driver row...
2026-05-08 18:35:42,440 - transform - INFO - 121836 row have null in Cancelled Rides by Driver before cleaning
2026-05-08 18:35:42,440 - transform - INFO - 0 row have null in Cancelled Rides by Driver after cleaning
2026-05-08 18:35:42,440 - transform - INFO - terminate updating Cancelled Rides by Driver row
2026-05-08 18:35:42,440 - transform - INFO - updating Incomplete Rides row...
2026-05-08 18:35:42,960 - transform - INFO - 139819 row have null in Incomplete Rides before cleaning
2026-05-08 18:35:42,960 - transform - INFO - 0 row have null in Incomplete Rides after cleaning
2026-05-08 18:35:42,960 - transform - INFO - terminate updating Incomplete Rides row
2026-05-08 18:35:42,960 - transform - INFO - updating Driver Cancellation Reason...
2026-05-08 18:35:43,515 - transform - INFO - 121836 row have null value in Driver Cancellation Reason before cleaning
2026-05-08 18:35:43,515 - transform - INFO - 0 row have null value in Driver Cancellation Reason have updated to other
2026-05-08 18:35:43,515 - transform - INFO - terminate updating Driver Cancellation Reason row
2026-05-08 18:35:43,515 - transform - INFO - updating Incomplete Rides Reason row...
2026-05-08 18:35:44,024 - transform - INFO - 139819 row have null in Incomplete Rides Reason before cleaning
2026-05-08 18:35:44,024 - transform - INFO - 0 row have null in Incomplete Rides Reason after cleaning
2026-05-08 18:35:44,024 - transform - INFO - terminate updating Incomplete Rides Reason row
2026-05-08 18:35:44,024 - transform - INFO - updating Book value row...
2026-05-08 18:35:44,450 - transform - INFO - 47869 row have null value in Booking Value before cleaning
2026-05-08 18:35:44,450 - transform - INFO - 0 row have null value in Booking Value before cleaning
2026-05-08 18:35:44,450 - transform - INFO - terminate updating book value row
2026-05-08 18:35:44,450 - transform - INFO - updating Ride Distance row...
2026-05-08 18:35:45,014 - transform - INFO - 47869 row have null value in Ride Distance before cleaning
2026-05-08 18:35:45,014 - transform - INFO - 0 row have null value in Ride Distance before cleaning
2026-05-08 18:35:45,014 - transform - INFO - terminate updating book value row
2026-05-08 18:35:45,014 - transform - INFO - updating Driver Ratings row...
2026-05-08 18:35:45,592 - transform - INFO - round the Driver Ratings value to 2 number after the comma...
2026-05-08 18:35:45,880 - transform - INFO - 56817 row have null value in Driver Ratings before cleaning
2026-05-08 18:35:45,880 - transform - INFO - 0 row have null value in Driver Ratings after cleaning
2026-05-08 18:35:45,881 - transform - INFO - terminate updating Driver Ratings row
2026-05-08 18:35:45,881 - transform - INFO - updating Customer Rating row...
2026-05-08 18:35:46,334 - transform - INFO - round the Customer Rating value to 2 number after the comma...
2026-05-08 18:35:46,568 - transform - INFO - 56817 row have null value in Customer Rating before cleaning
2026-05-08 18:35:46,568 - transform - INFO - 0 row have null value in Customer Rating after cleaning
2026-05-08 18:35:46,568 - transform - INFO - terminate updating Customer Rating row
2026-05-08 18:35:46,568 - transform - INFO - updating Payment Method row...
2026-05-08 18:35:47,087 - transform - INFO - 47869 row have null value in Payment Method before cleaning
2026-05-08 18:35:47,087 - transform - INFO - 0 row have null value in Payment Method after cleaning
2026-05-08 18:35:47,087 - transform - INFO - terminate updating Payment Method row
2026-05-08 18:35:47,087 - transform - INFO - updating Type of Date row...
2026-05-08 18:35:47,093 - transform - INFO - date was updated
2026-05-08 18:35:47,093 - transform - INFO - updating Type of Time row...
2026-05-08 18:35:47,099 - transform - INFO - Time was updated
2026-05-08 18:35:47,099 - transform - INFO - removing empty date row...
2026-05-08 18:35:47,330 - transform - INFO - 148767 rows have null value in Date before cleaning
2026-05-08 18:35:47,896 - transform - INFO - 148384 rows have null value in Date after cleaning
2026-05-08 18:35:47,896 - transform - INFO - verifying data...
2026-05-08 18:35:49,457 - transform - INFO - 148384 after remove duplicates data
2026-05-08 18:35:50,125 - transform - INFO - Row(Date=0, Time=0, Booking ID=0, Booking Status=0, Customer ID=0, Vehicle Type=0, Pickup Location=0, Drop Location=0, Cancelled Rides by Customer=0, Reason for cancelling by Customer=0, Cancelled Rides by Driver=0, Driver Cancellation Reason=0, Incomplete Rides=0, Incomplete Rides Reason=0, Booking Value=0, Ride Distance=0, Driver Ratings=0, Customer Rating=0, Payment Method=0) after update null values
2026-05-08 18:57:59,446 - spark session - INFO - Start to connecting to Spark...
2026-05-08 18:58:05,666 - spark session - INFO - Connected To Spark
2026-05-08 18:58:05,666 - transform - INFO - get information about dataset...
2026-05-08 18:58:06,063 - transform - INFO - count of rows before cleaning and duplicating : 150000
2026-05-08 18:58:06,063 - transform - INFO - type of columns [('Date', 'string'), ('Time', 'timestamp'), ('Booking ID', 'string'), ('Booking Status', 'string'), ('Customer ID', 'string'), ('Vehicle Type', 'string'), ('Pickup Location', 'string'), ('Drop Location', 'string'), ('Cancelled Rides by Customer', 'int'), ('Reason for cancelling by Customer', 'string'), ('Cancelled Rides by Driver', 'int'), ('Driver Cancellation Reason', 'string'), ('Incomplete Rides', 'int'), ('Incomplete Rides Reason', 'string'), ('Booking Value', 'int'), ('Ride Distance', 'double'), ('Driver Ratings', 'double'), ('Customer Rating', 'double'), ('Payment Method', 'string')]
2026-05-08 18:58:06,063 - transform - INFO - remove duplicate rows...
2026-05-08 18:58:07,090 - transform - INFO - 1224 row was removed because is duplicated
2026-05-08 18:58:07,496 - transform - INFO - 148767 unique rows
2026-05-08 18:58:07,498 - transform - INFO - updating Cancelled Rides by Customer row...
2026-05-08 18:58:08,217 - transform - INFO - 138271 row have null in Cancelled Rides by Customer before cleaning
2026-05-08 18:58:08,217 - transform - INFO - 0 row have null in Cancelled Rides by Customer after cleaning
2026-05-08 18:58:08,217 - transform - INFO - terminate updating Cancelled Rides by Customer row
2026-05-08 18:58:08,217 - transform - INFO - updating Reason for cancelling by Customer...
2026-05-08 18:58:09,178 - transform - INFO - 138271 row have null value in Reason for cancelling by Customer before cleaning
2026-05-08 18:58:09,178 - transform - INFO - 0 row have null value in Reason for cancelling by Customer have updated to other
2026-05-08 18:58:09,178 - transform - INFO - terminate updating Reason for cancelling by Customer row
2026-05-08 18:58:09,178 - transform - INFO - updating Cancelled Rides by Driver row...
2026-05-08 18:58:09,821 - transform - INFO - 121836 row have null in Cancelled Rides by Driver before cleaning
2026-05-08 18:58:09,821 - transform - INFO - 0 row have null in Cancelled Rides by Driver after cleaning
2026-05-08 18:58:09,821 - transform - INFO - terminate updating Cancelled Rides by Driver row
2026-05-08 18:58:09,821 - transform - INFO - updating Incomplete Rides row...
2026-05-08 18:58:10,310 - transform - INFO - 139819 row have null in Incomplete Rides before cleaning
2026-05-08 18:58:10,310 - transform - INFO - 0 row have null in Incomplete Rides after cleaning
2026-05-08 18:58:10,310 - transform - INFO - terminate updating Incomplete Rides row
2026-05-08 18:58:10,310 - transform - INFO - updating Driver Cancellation Reason...
2026-05-08 18:58:10,870 - transform - INFO - 121836 row have null value in Driver Cancellation Reason before cleaning
2026-05-08 18:58:10,870 - transform - INFO - 0 row have null value in Driver Cancellation Reason have updated to other
2026-05-08 18:58:10,870 - transform - INFO - terminate updating Driver Cancellation Reason row
2026-05-08 18:58:10,870 - transform - INFO - updating Incomplete Rides Reason row...
2026-05-08 18:58:11,410 - transform - INFO - 139819 row have null in Incomplete Rides Reason before cleaning
2026-05-08 18:58:11,411 - transform - INFO - 0 row have null in Incomplete Rides Reason after cleaning
2026-05-08 18:58:11,411 - transform - INFO - terminate updating Incomplete Rides Reason row
2026-05-08 18:58:11,411 - transform - INFO - updating Book value row...
2026-05-08 18:58:11,887 - transform - INFO - 47869 row have null value in Booking Value before cleaning
2026-05-08 18:58:11,887 - transform - INFO - 0 row have null value in Booking Value before cleaning
2026-05-08 18:58:11,887 - transform - INFO - terminate updating book value row
2026-05-08 18:58:11,887 - transform - INFO - updating Ride Distance row...
2026-05-08 18:58:12,501 - transform - INFO - 47869 row have null value in Ride Distance before cleaning
2026-05-08 18:58:12,501 - transform - INFO - 0 row have null value in Ride Distance before cleaning
2026-05-08 18:58:12,501 - transform - INFO - terminate updating book value row
2026-05-08 18:58:12,502 - transform - INFO - updating Driver Ratings row...
2026-05-08 18:58:13,069 - transform - INFO - round the Driver Ratings value to 2 number after the comma...
2026-05-08 18:58:13,402 - transform - INFO - 56817 row have null value in Driver Ratings before cleaning
2026-05-08 18:58:13,402 - transform - INFO - 0 row have null value in Driver Ratings after cleaning
2026-05-08 18:58:13,402 - transform - INFO - terminate updating Driver Ratings row
2026-05-08 18:58:13,402 - transform - INFO - updating Customer Rating row...
2026-05-08 18:58:13,868 - transform - INFO - round the Customer Rating value to 2 number after the comma...
2026-05-08 18:58:14,138 - transform - INFO - 56817 row have null value in Customer Rating before cleaning
2026-05-08 18:58:14,138 - transform - INFO - 0 row have null value in Customer Rating after cleaning
2026-05-08 18:58:14,138 - transform - INFO - terminate updating Customer Rating row
2026-05-08 18:58:14,138 - transform - INFO - updating Payment Method row...
2026-05-08 18:58:14,735 - transform - INFO - 47869 row have null value in Payment Method before cleaning
2026-05-08 18:58:14,735 - transform - INFO - 0 row have null value in Payment Method after cleaning
2026-05-08 18:58:14,735 - transform - INFO - terminate updating Payment Method row
2026-05-08 18:58:14,735 - transform - INFO - updating Type of Date row...
2026-05-08 18:58:14,741 - transform - INFO - date was updated
2026-05-08 18:58:14,741 - transform - INFO - updating Type of Time row...
2026-05-08 18:58:14,747 - transform - INFO - Time was updated
2026-05-08 18:58:14,747 - transform - INFO - removing empty date row...
2026-05-08 18:58:15,000 - transform - INFO - 148767 rows have null value in Date before cleaning
2026-05-08 18:58:15,550 - transform - INFO - 148384 rows have null value in Date after cleaning
2026-05-08 18:58:15,550 - transform - INFO - verifying data...
2026-05-08 18:58:17,077 - transform - INFO - 148384 after remove duplicates data
2026-05-08 18:58:17,728 - transform - INFO - Row(Date=0, Time=0, Booking ID=0, Booking Status=0, Customer ID=0, Vehicle Type=0, Pickup Location=0, Drop Location=0, Cancelled Rides by Customer=0, Reason for cancelling by Customer=0, Cancelled Rides by Driver=0, Driver Cancellation Reason=0, Incomplete Rides=0, Incomplete Rides Reason=0, Booking Value=0, Ride Distance=0, Driver Ratings=0, Customer Rating=0, Payment Method=0) after update null values
2026-05-08 18:58:17,729 - load - INFO - saving in csv file in progress...
2026-05-08 18:58:18,965 - load - INFO - data frame uber was saving
2026-05-08 19:11:12,495 - spark session - INFO - Start to connecting to Spark...
2026-05-08 19:11:19,069 - spark session - INFO - Connected To Spark
2026-05-08 19:11:19,069 - transform - INFO - get information about dataset...
2026-05-08 19:11:19,429 - transform - INFO - count of rows before cleaning and duplicating : 150000
2026-05-08 19:11:19,429 - transform - INFO - type of columns [('Date', 'string'), ('Time', 'timestamp'), ('Booking ID', 'string'), ('Booking Status', 'string'), ('Customer ID', 'string'), ('Vehicle Type', 'string'), ('Pickup Location', 'string'), ('Drop Location', 'string'), ('Cancelled Rides by Customer', 'int'), ('Reason for cancelling by Customer', 'string'), ('Cancelled Rides by Driver', 'int'), ('Driver Cancellation Reason', 'string'), ('Incomplete Rides', 'int'), ('Incomplete Rides Reason', 'string'), ('Booking Value', 'int'), ('Ride Distance', 'double'), ('Driver Ratings', 'double'), ('Customer Rating', 'double'), ('Payment Method', 'string')]
2026-05-08 19:11:19,429 - transform - INFO - remove duplicate rows...
2026-05-08 19:11:20,475 - transform - INFO - 1224 row was removed because is duplicated
2026-05-08 19:11:20,835 - transform - INFO - 148767 unique rows
2026-05-08 19:11:20,835 - transform - INFO - updating Cancelled Rides by Customer row...
2026-05-08 19:11:21,621 - transform - INFO - 138271 row have null in Cancelled Rides by Customer before cleaning
2026-05-08 19:11:21,621 - transform - INFO - 0 row have null in Cancelled Rides by Customer after cleaning
2026-05-08 19:11:21,621 - transform - INFO - terminate updating Cancelled Rides by Customer row
2026-05-08 19:11:21,621 - transform - INFO - updating Reason for cancelling by Customer...
2026-05-08 19:11:22,605 - transform - INFO - 138271 row have null value in Reason for cancelling by Customer before cleaning
2026-05-08 19:11:22,605 - transform - INFO - 0 row have null value in Reason for cancelling by Customer have updated to other
2026-05-08 19:11:22,605 - transform - INFO - terminate updating Reason for cancelling by Customer row
2026-05-08 19:11:22,605 - transform - INFO - updating Cancelled Rides by Driver row...
2026-05-08 19:11:23,150 - transform - INFO - 121836 row have null in Cancelled Rides by Driver before cleaning
2026-05-08 19:11:23,150 - transform - INFO - 0 row have null in Cancelled Rides by Driver after cleaning
2026-05-08 19:11:23,150 - transform - INFO - terminate updating Cancelled Rides by Driver row
2026-05-08 19:11:23,150 - transform - INFO - updating Incomplete Rides row...
2026-05-08 19:11:23,645 - transform - INFO - 139819 row have null in Incomplete Rides before cleaning
2026-05-08 19:11:23,645 - transform - INFO - 0 row have null in Incomplete Rides after cleaning
2026-05-08 19:11:23,645 - transform - INFO - terminate updating Incomplete Rides row
2026-05-08 19:11:23,645 - transform - INFO - updating Driver Cancellation Reason...
2026-05-08 19:11:24,223 - transform - INFO - 121836 row have null value in Driver Cancellation Reason before cleaning
2026-05-08 19:11:24,225 - transform - INFO - 0 row have null value in Driver Cancellation Reason have updated to other
2026-05-08 19:11:24,225 - transform - INFO - terminate updating Driver Cancellation Reason row
2026-05-08 19:11:24,225 - transform - INFO - updating Incomplete Rides Reason row...
2026-05-08 19:11:24,746 - transform - INFO - 139819 row have null in Incomplete Rides Reason before cleaning
2026-05-08 19:11:24,746 - transform - INFO - 0 row have null in Incomplete Rides Reason after cleaning
2026-05-08 19:11:24,746 - transform - INFO - terminate updating Incomplete Rides Reason row
2026-05-08 19:11:24,746 - transform - INFO - updating Book value row...
2026-05-08 19:11:25,248 - transform - INFO - 47869 row have null value in Booking Value before cleaning
2026-05-08 19:11:25,248 - transform - INFO - 0 row have null value in Booking Value before cleaning
2026-05-08 19:11:25,248 - transform - INFO - terminate updating book value row
2026-05-08 19:11:25,248 - transform - INFO - updating Ride Distance row...
2026-05-08 19:11:25,876 - transform - INFO - 47869 row have null value in Ride Distance before cleaning
2026-05-08 19:11:25,876 - transform - INFO - 0 row have null value in Ride Distance before cleaning
2026-05-08 19:11:25,876 - transform - INFO - terminate updating book value row
2026-05-08 19:11:25,876 - transform - INFO - updating Driver Ratings row...
2026-05-08 19:11:26,467 - transform - INFO - round the Driver Ratings value to 2 number after the comma...
2026-05-08 19:11:26,764 - transform - INFO - 56817 row have null value in Driver Ratings before cleaning
2026-05-08 19:11:26,764 - transform - INFO - 0 row have null value in Driver Ratings after cleaning
2026-05-08 19:11:26,764 - transform - INFO - terminate updating Driver Ratings row
2026-05-08 19:11:26,764 - transform - INFO - updating Customer Rating row...
2026-05-08 19:11:27,260 - transform - INFO - round the Customer Rating value to 2 number after the comma...
2026-05-08 19:11:27,499 - transform - INFO - 56817 row have null value in Customer Rating before cleaning
2026-05-08 19:11:27,499 - transform - INFO - 0 row have null value in Customer Rating after cleaning
2026-05-08 19:11:27,499 - transform - INFO - terminate updating Customer Rating row
2026-05-08 19:11:27,499 - transform - INFO - updating Payment Method row...
2026-05-08 19:11:28,056 - transform - INFO - 47869 row have null value in Payment Method before cleaning
2026-05-08 19:11:28,056 - transform - INFO - 0 row have null value in Payment Method after cleaning
2026-05-08 19:11:28,056 - transform - INFO - terminate updating Payment Method row
2026-05-08 19:11:28,056 - transform - INFO - updating Type of Date row...
2026-05-08 19:11:28,062 - transform - INFO - date was updated
2026-05-08 19:11:28,063 - transform - INFO - updating Type of Time row...
2026-05-08 19:11:28,068 - transform - INFO - Time was updated
2026-05-08 19:11:28,068 - transform - INFO - removing empty date row...
2026-05-08 19:11:28,272 - transform - INFO - 148767 rows have null value in Date before cleaning
2026-05-08 19:11:28,869 - transform - INFO - 148384 rows have null value in Date after cleaning
2026-05-08 19:11:28,869 - transform - INFO - verifying data...
2026-05-08 19:11:30,314 - transform - INFO - 148384 after remove duplicates data
2026-05-08 19:11:30,929 - transform - INFO - Row(Date=0, Time=0, Booking ID=0, Booking Status=0, Customer ID=0, Vehicle Type=0, Pickup Location=0, Drop Location=0, Cancelled Rides by Customer=0, Reason for cancelling by Customer=0, Cancelled Rides by Driver=0, Driver Cancellation Reason=0, Incomplete Rides=0, Incomplete Rides Reason=0, Booking Value=0, Ride Distance=0, Driver Ratings=0, Customer Rating=0, Payment Method=0) after update null values
2026-05-08 19:11:30,930 - load - INFO - saving in csv file in progress...
2026-05-08 19:13:09,104 - spark session - INFO - Start to connecting to Spark...
2026-05-08 19:13:15,397 - spark session - INFO - Connected To Spark
2026-05-08 19:13:15,398 - transform - INFO - get information about dataset...
2026-05-08 19:13:15,745 - transform - INFO - count of rows before cleaning and duplicating : 150000
2026-05-08 19:13:15,745 - transform - INFO - type of columns [('Date', 'string'), ('Time', 'timestamp'), ('Booking ID', 'string'), ('Booking Status', 'string'), ('Customer ID', 'string'), ('Vehicle Type', 'string'), ('Pickup Location', 'string'), ('Drop Location', 'string'), ('Cancelled Rides by Customer', 'int'), ('Reason for cancelling by Customer', 'string'), ('Cancelled Rides by Driver', 'int'), ('Driver Cancellation Reason', 'string'), ('Incomplete Rides', 'int'), ('Incomplete Rides Reason', 'string'), ('Booking Value', 'int'), ('Ride Distance', 'double'), ('Driver Ratings', 'double'), ('Customer Rating', 'double'), ('Payment Method', 'string')]
2026-05-08 19:13:15,745 - transform - INFO - remove duplicate rows...
2026-05-08 19:13:16,682 - transform - INFO - 1224 row was removed because is duplicated
2026-05-08 19:13:17,158 - transform - INFO - 148767 unique rows
2026-05-08 19:13:17,158 - transform - INFO - updating Cancelled Rides by Customer row...
2026-05-08 19:13:17,932 - transform - INFO - 138271 row have null in Cancelled Rides by Customer before cleaning
2026-05-08 19:13:17,932 - transform - INFO - 0 row have null in Cancelled Rides by Customer after cleaning
2026-05-08 19:13:17,932 - transform - INFO - terminate updating Cancelled Rides by Customer row
2026-05-08 19:13:17,932 - transform - INFO - updating Reason for cancelling by Customer...
2026-05-08 19:13:18,872 - transform - INFO - 138271 row have null value in Reason for cancelling by Customer before cleaning
2026-05-08 19:13:18,872 - transform - INFO - 0 row have null value in Reason for cancelling by Customer have updated to other
2026-05-08 19:13:18,872 - transform - INFO - terminate updating Reason for cancelling by Customer row
2026-05-08 19:13:18,872 - transform - INFO - updating Cancelled Rides by Driver row...
2026-05-08 19:13:19,406 - transform - INFO - 121836 row have null in Cancelled Rides by Driver before cleaning
2026-05-08 19:13:19,406 - transform - INFO - 0 row have null in Cancelled Rides by Driver after cleaning
2026-05-08 19:13:19,406 - transform - INFO - terminate updating Cancelled Rides by Driver row
2026-05-08 19:13:19,406 - transform - INFO - updating Incomplete Rides row...
2026-05-08 19:13:19,906 - transform - INFO - 139819 row have null in Incomplete Rides before cleaning
2026-05-08 19:13:19,906 - transform - INFO - 0 row have null in Incomplete Rides after cleaning
2026-05-08 19:13:19,907 - transform - INFO - terminate updating Incomplete Rides row
2026-05-08 19:13:19,907 - transform - INFO - updating Driver Cancellation Reason...
2026-05-08 19:13:20,484 - transform - INFO - 121836 row have null value in Driver Cancellation Reason before cleaning
2026-05-08 19:13:20,484 - transform - INFO - 0 row have null value in Driver Cancellation Reason have updated to other
2026-05-08 19:13:20,484 - transform - INFO - terminate updating Driver Cancellation Reason row
2026-05-08 19:13:20,484 - transform - INFO - updating Incomplete Rides Reason row...
2026-05-08 19:13:21,119 - transform - INFO - 139819 row have null in Incomplete Rides Reason before cleaning
2026-05-08 19:13:21,119 - transform - INFO - 0 row have null in Incomplete Rides Reason after cleaning
2026-05-08 19:13:21,119 - transform - INFO - terminate updating Incomplete Rides Reason row
2026-05-08 19:13:21,119 - transform - INFO - updating Book value row...
2026-05-08 19:13:21,593 - transform - INFO - 47869 row have null value in Booking Value before cleaning
2026-05-08 19:13:21,593 - transform - INFO - 0 row have null value in Booking Value before cleaning
2026-05-08 19:13:21,593 - transform - INFO - terminate updating book value row
2026-05-08 19:13:21,593 - transform - INFO - updating Ride Distance row...
2026-05-08 19:13:22,184 - transform - INFO - 47869 row have null value in Ride Distance before cleaning
2026-05-08 19:13:22,184 - transform - INFO - 0 row have null value in Ride Distance before cleaning
2026-05-08 19:13:22,184 - transform - INFO - terminate updating book value row
2026-05-08 19:13:22,184 - transform - INFO - updating Driver Ratings row...
2026-05-08 19:13:22,739 - transform - INFO - round the Driver Ratings value to 2 number after the comma...
2026-05-08 19:13:23,017 - transform - INFO - 56817 row have null value in Driver Ratings before cleaning
2026-05-08 19:13:23,017 - transform - INFO - 0 row have null value in Driver Ratings after cleaning
2026-05-08 19:13:23,017 - transform - INFO - terminate updating Driver Ratings row
2026-05-08 19:13:23,017 - transform - INFO - updating Customer Rating row...
2026-05-08 19:13:23,459 - transform - INFO - round the Customer Rating value to 2 number after the comma...
2026-05-08 19:13:23,705 - transform - INFO - 56817 row have null value in Customer Rating before cleaning
2026-05-08 19:13:23,705 - transform - INFO - 0 row have null value in Customer Rating after cleaning
2026-05-08 19:13:23,705 - transform - INFO - terminate updating Customer Rating row
2026-05-08 19:13:23,705 - transform - INFO - updating Payment Method row...
2026-05-08 19:13:24,230 - transform - INFO - 47869 row have null value in Payment Method before cleaning
2026-05-08 19:13:24,230 - transform - INFO - 0 row have null value in Payment Method after cleaning
2026-05-08 19:13:24,230 - transform - INFO - terminate updating Payment Method row
2026-05-08 19:13:24,230 - transform - INFO - updating Type of Date row...
2026-05-08 19:13:24,236 - transform - INFO - date was updated
2026-05-08 19:13:24,236 - transform - INFO - updating Type of Time row...
2026-05-08 19:13:24,242 - transform - INFO - Time was updated
2026-05-08 19:13:24,242 - transform - INFO - removing empty date row...
2026-05-08 19:13:24,435 - transform - INFO - 148767 rows have null value in Date before cleaning
2026-05-08 19:13:25,012 - transform - INFO - 148384 rows have null value in Date after cleaning
2026-05-08 19:13:25,012 - transform - INFO - verifying data...
2026-05-08 19:13:26,415 - transform - INFO - 148384 after remove duplicates data
2026-05-08 19:13:26,997 - transform - INFO - Row(Date=0, Time=0, Booking ID=0, Booking Status=0, Customer ID=0, Vehicle Type=0, Pickup Location=0, Drop Location=0, Cancelled Rides by Customer=0, Reason for cancelling by Customer=0, Cancelled Rides by Driver=0, Driver Cancellation Reason=0, Incomplete Rides=0, Incomplete Rides Reason=0, Booking Value=0, Ride Distance=0, Driver Ratings=0, Customer Rating=0, Payment Method=0) after update null values
2026-05-08 19:13:26,997 - load - INFO - saving in csv file in progress...
2026-05-08 19:14:18,571 - spark session - INFO - Start to connecting to Spark...
2026-05-08 19:14:24,193 - spark session - INFO - Connected To Spark
2026-05-08 19:14:24,193 - transform - INFO - get information about dataset...
2026-05-08 19:14:24,553 - transform - INFO - count of rows before cleaning and duplicating : 150000
2026-05-08 19:14:24,553 - transform - INFO - type of columns [('Date', 'string'), ('Time', 'timestamp'), ('Booking ID', 'string'), ('Booking Status', 'string'), ('Customer ID', 'string'), ('Vehicle Type', 'string'), ('Pickup Location', 'string'), ('Drop Location', 'string'), ('Cancelled Rides by Customer', 'int'), ('Reason for cancelling by Customer', 'string'), ('Cancelled Rides by Driver', 'int'), ('Driver Cancellation Reason', 'string'), ('Incomplete Rides', 'int'), ('Incomplete Rides Reason', 'string'), ('Booking Value', 'int'), ('Ride Distance', 'double'), ('Driver Ratings', 'double'), ('Customer Rating', 'double'), ('Payment Method', 'string')]
2026-05-08 19:14:24,553 - transform - INFO - remove duplicate rows...
2026-05-08 19:14:25,393 - transform - INFO - 1224 row was removed because is duplicated
2026-05-08 19:14:25,761 - transform - INFO - 148767 unique rows
2026-05-08 19:14:25,761 - transform - INFO - updating Cancelled Rides by Customer row...
2026-05-08 19:14:26,557 - transform - INFO - 138271 row have null in Cancelled Rides by Customer before cleaning
2026-05-08 19:14:26,557 - transform - INFO - 0 row have null in Cancelled Rides by Customer after cleaning
2026-05-08 19:14:26,557 - transform - INFO - terminate updating Cancelled Rides by Customer row
2026-05-08 19:14:26,557 - transform - INFO - updating Reason for cancelling by Customer...
2026-05-08 19:14:27,583 - transform - INFO - 138271 row have null value in Reason for cancelling by Customer before cleaning
2026-05-08 19:14:27,583 - transform - INFO - 0 row have null value in Reason for cancelling by Customer have updated to other
2026-05-08 19:14:27,583 - transform - INFO - terminate updating Reason for cancelling by Customer row
2026-05-08 19:14:27,583 - transform - INFO - updating Cancelled Rides by Driver row...
2026-05-08 19:14:28,104 - transform - INFO - 121836 row have null in Cancelled Rides by Driver before cleaning
2026-05-08 19:14:28,104 - transform - INFO - 0 row have null in Cancelled Rides by Driver after cleaning
2026-05-08 19:14:28,104 - transform - INFO - terminate updating Cancelled Rides by Driver row
2026-05-08 19:14:28,104 - transform - INFO - updating Incomplete Rides row...
2026-05-08 19:14:28,606 - transform - INFO - 139819 row have null in Incomplete Rides before cleaning
2026-05-08 19:14:28,606 - transform - INFO - 0 row have null in Incomplete Rides after cleaning
2026-05-08 19:14:28,606 - transform - INFO - terminate updating Incomplete Rides row
2026-05-08 19:14:28,606 - transform - INFO - updating Driver Cancellation Reason...
2026-05-08 19:14:29,184 - transform - INFO - 121836 row have null value in Driver Cancellation Reason before cleaning
2026-05-08 19:14:29,184 - transform - INFO - 0 row have null value in Driver Cancellation Reason have updated to other
2026-05-08 19:14:29,184 - transform - INFO - terminate updating Driver Cancellation Reason row
2026-05-08 19:14:29,184 - transform - INFO - updating Incomplete Rides Reason row...
2026-05-08 19:14:29,739 - transform - INFO - 139819 row have null in Incomplete Rides Reason before cleaning
2026-05-08 19:14:29,740 - transform - INFO - 0 row have null in Incomplete Rides Reason after cleaning
2026-05-08 19:14:29,740 - transform - INFO - terminate updating Incomplete Rides Reason row
2026-05-08 19:14:29,740 - transform - INFO - updating Book value row...
2026-05-08 19:14:30,198 - transform - INFO - 47869 row have null value in Booking Value before cleaning
2026-05-08 19:14:30,198 - transform - INFO - 0 row have null value in Booking Value before cleaning
2026-05-08 19:14:30,198 - transform - INFO - terminate updating book value row
2026-05-08 19:14:30,198 - transform - INFO - updating Ride Distance row...
2026-05-08 19:14:30,807 - transform - INFO - 47869 row have null value in Ride Distance before cleaning
2026-05-08 19:14:30,807 - transform - INFO - 0 row have null value in Ride Distance before cleaning
2026-05-08 19:14:30,807 - transform - INFO - terminate updating book value row
2026-05-08 19:14:30,807 - transform - INFO - updating Driver Ratings row...
2026-05-08 19:14:31,445 - transform - INFO - round the Driver Ratings value to 2 number after the comma...
2026-05-08 19:14:31,730 - transform - INFO - 56817 row have null value in Driver Ratings before cleaning
2026-05-08 19:14:31,731 - transform - INFO - 0 row have null value in Driver Ratings after cleaning
2026-05-08 19:14:31,731 - transform - INFO - terminate updating Driver Ratings row
2026-05-08 19:14:31,731 - transform - INFO - updating Customer Rating row...
2026-05-08 19:14:32,196 - transform - INFO - round the Customer Rating value to 2 number after the comma...
2026-05-08 19:14:32,437 - transform - INFO - 56817 row have null value in Customer Rating before cleaning
2026-05-08 19:14:32,437 - transform - INFO - 0 row have null value in Customer Rating after cleaning
2026-05-08 19:14:32,437 - transform - INFO - terminate updating Customer Rating row
2026-05-08 19:14:32,437 - transform - INFO - updating Payment Method row...
2026-05-08 19:14:33,082 - transform - INFO - 47869 row have null value in Payment Method before cleaning
2026-05-08 19:14:33,083 - transform - INFO - 0 row have null value in Payment Method after cleaning
2026-05-08 19:14:33,083 - transform - INFO - terminate updating Payment Method row
2026-05-08 19:14:33,083 - transform - INFO - updating Type of Date row...
2026-05-08 19:14:33,089 - transform - INFO - date was updated
2026-05-08 19:14:33,089 - transform - INFO - updating Type of Time row...
2026-05-08 19:14:33,095 - transform - INFO - Time was updated
2026-05-08 19:14:33,095 - transform - INFO - removing empty date row...
2026-05-08 19:14:33,341 - transform - INFO - 148767 rows have null value in Date before cleaning
2026-05-08 19:14:34,001 - transform - INFO - 148384 rows have null value in Date after cleaning
2026-05-08 19:14:34,001 - transform - INFO - verifying data...
2026-05-08 19:14:35,419 - transform - INFO - 148384 after remove duplicates data
2026-05-08 19:14:36,042 - transform - INFO - Row(Date=0, Time=0, Booking ID=0, Booking Status=0, Customer ID=0, Vehicle Type=0, Pickup Location=0, Drop Location=0, Cancelled Rides by Customer=0, Reason for cancelling by Customer=0, Cancelled Rides by Driver=0, Driver Cancellation Reason=0, Incomplete Rides=0, Incomplete Rides Reason=0, Booking Value=0, Ride Distance=0, Driver Ratings=0, Customer Rating=0, Payment Method=0) after update null values
2026-05-08 19:14:36,042 - load - INFO - saving in csv file in progress...
2026-05-08 19:15:27,756 - spark session - INFO - Start to connecting to Spark...
2026-05-08 19:15:32,996 - spark session - INFO - Connected To Spark
2026-05-08 19:15:32,996 - transform - INFO - get information about dataset...
2026-05-08 19:15:33,295 - transform - INFO - count of rows before cleaning and duplicating : 150000
2026-05-08 19:15:33,295 - transform - INFO - type of columns [('Date', 'string'), ('Time', 'timestamp'), ('Booking ID', 'string'), ('Booking Status', 'string'), ('Customer ID', 'string'), ('Vehicle Type', 'string'), ('Pickup Location', 'string'), ('Drop Location', 'string'), ('Cancelled Rides by Customer', 'int'), ('Reason for cancelling by Customer', 'string'), ('Cancelled Rides by Driver', 'int'), ('Driver Cancellation Reason', 'string'), ('Incomplete Rides', 'int'), ('Incomplete Rides Reason', 'string'), ('Booking Value', 'int'), ('Ride Distance', 'double'), ('Driver Ratings', 'double'), ('Customer Rating', 'double'), ('Payment Method', 'string')]
2026-05-08 19:15:33,295 - transform - INFO - remove duplicate rows...
2026-05-08 19:15:34,134 - transform - INFO - 1224 row was removed because is duplicated
2026-05-08 19:15:34,514 - transform - INFO - 148767 unique rows
2026-05-08 19:15:34,514 - transform - INFO - updating Cancelled Rides by Customer row...
2026-05-08 19:15:35,289 - transform - INFO - 138271 row have null in Cancelled Rides by Customer before cleaning
2026-05-08 19:15:35,289 - transform - INFO - 0 row have null in Cancelled Rides by Customer after cleaning
2026-05-08 19:15:35,289 - transform - INFO - terminate updating Cancelled Rides by Customer row
2026-05-08 19:15:35,289 - transform - INFO - updating Reason for cancelling by Customer...
2026-05-08 19:15:36,284 - transform - INFO - 138271 row have null value in Reason for cancelling by Customer before cleaning
2026-05-08 19:15:36,285 - transform - INFO - 0 row have null value in Reason for cancelling by Customer have updated to other
2026-05-08 19:15:36,285 - transform - INFO - terminate updating Reason for cancelling by Customer row
2026-05-08 19:15:36,285 - transform - INFO - updating Cancelled Rides by Driver row...
2026-05-08 19:15:36,863 - transform - INFO - 121836 row have null in Cancelled Rides by Driver before cleaning
2026-05-08 19:15:36,864 - transform - INFO - 0 row have null in Cancelled Rides by Driver after cleaning
2026-05-08 19:15:36,864 - transform - INFO - terminate updating Cancelled Rides by Driver row
2026-05-08 19:15:36,864 - transform - INFO - updating Incomplete Rides row...
2026-05-08 19:15:37,430 - transform - INFO - 139819 row have null in Incomplete Rides before cleaning
2026-05-08 19:15:37,430 - transform - INFO - 0 row have null in Incomplete Rides after cleaning
2026-05-08 19:15:37,430 - transform - INFO - terminate updating Incomplete Rides row
2026-05-08 19:15:37,430 - transform - INFO - updating Driver Cancellation Reason...
2026-05-08 19:15:37,942 - transform - INFO - 121836 row have null value in Driver Cancellation Reason before cleaning
2026-05-08 19:15:37,942 - transform - INFO - 0 row have null value in Driver Cancellation Reason have updated to other
2026-05-08 19:15:37,942 - transform - INFO - terminate updating Driver Cancellation Reason row
2026-05-08 19:15:37,942 - transform - INFO - updating Incomplete Rides Reason row...
2026-05-08 19:15:38,440 - transform - INFO - 139819 row have null in Incomplete Rides Reason before cleaning
2026-05-08 19:15:38,440 - transform - INFO - 0 row have null in Incomplete Rides Reason after cleaning
2026-05-08 19:15:38,440 - transform - INFO - terminate updating Incomplete Rides Reason row
2026-05-08 19:15:38,440 - transform - INFO - updating Book value row...
2026-05-08 19:15:38,831 - transform - INFO - 47869 row have null value in Booking Value before cleaning
2026-05-08 19:15:38,831 - transform - INFO - 0 row have null value in Booking Value before cleaning
2026-05-08 19:15:38,831 - transform - INFO - terminate updating book value row
2026-05-08 19:15:38,831 - transform - INFO - updating Ride Distance row...
2026-05-08 19:15:39,411 - transform - INFO - 47869 row have null value in Ride Distance before cleaning
2026-05-08 19:15:39,411 - transform - INFO - 0 row have null value in Ride Distance before cleaning
2026-05-08 19:15:39,411 - transform - INFO - terminate updating book value row
2026-05-08 19:15:39,411 - transform - INFO - updating Driver Ratings row...
2026-05-08 19:15:39,974 - transform - INFO - round the Driver Ratings value to 2 number after the comma...
2026-05-08 19:15:40,264 - transform - INFO - 56817 row have null value in Driver Ratings before cleaning
2026-05-08 19:15:40,264 - transform - INFO - 0 row have null value in Driver Ratings after cleaning
2026-05-08 19:15:40,264 - transform - INFO - terminate updating Driver Ratings row
2026-05-08 19:15:40,264 - transform - INFO - updating Customer Rating row...
2026-05-08 19:15:40,709 - transform - INFO - round the Customer Rating value to 2 number after the comma...
2026-05-08 19:15:40,925 - transform - INFO - 56817 row have null value in Customer Rating before cleaning
2026-05-08 19:15:40,925 - transform - INFO - 0 row have null value in Customer Rating after cleaning
2026-05-08 19:15:40,925 - transform - INFO - terminate updating Customer Rating row
2026-05-08 19:15:40,925 - transform - INFO - updating Payment Method row...
2026-05-08 19:15:41,428 - transform - INFO - 47869 row have null value in Payment Method before cleaning
2026-05-08 19:15:41,429 - transform - INFO - 0 row have null value in Payment Method after cleaning
2026-05-08 19:15:41,430 - transform - INFO - terminate updating Payment Method row
2026-05-08 19:15:41,430 - transform - INFO - updating Type of Date row...
2026-05-08 19:15:41,436 - transform - INFO - date was updated
2026-05-08 19:15:41,436 - transform - INFO - updating Type of Time row...
2026-05-08 19:15:41,443 - transform - INFO - Time was updated
2026-05-08 19:15:41,443 - transform - INFO - removing empty date row...
2026-05-08 19:15:41,650 - transform - INFO - 148767 rows have null value in Date before cleaning
2026-05-08 19:15:42,121 - transform - INFO - 148384 rows have null value in Date after cleaning
2026-05-08 19:15:42,121 - transform - INFO - verifying data...
2026-05-08 19:15:43,560 - transform - INFO - 148384 after remove duplicates data
2026-05-08 19:15:44,182 - transform - INFO - Row(Date=0, Time=0, Booking ID=0, Booking Status=0, Customer ID=0, Vehicle Type=0, Pickup Location=0, Drop Location=0, Cancelled Rides by Customer=0, Reason for cancelling by Customer=0, Cancelled Rides by Driver=0, Driver Cancellation Reason=0, Incomplete Rides=0, Incomplete Rides Reason=0, Booking Value=0, Ride Distance=0, Driver Ratings=0, Customer Rating=0, Payment Method=0) after update null values
2026-05-08 19:15:44,182 - load - INFO - saving in csv file in progress...
2026-05-08 19:15:45,312 - load - INFO - data frame uber was saving
2026-05-08 19:24:37,035 - spark session - INFO - Start to connecting to Spark...
2026-05-08 19:24:43,516 - spark session - INFO - Connected To Spark
2026-05-08 19:24:43,517 - transform - INFO - get information about dataset...
2026-05-08 19:24:43,842 - transform - INFO - count of rows before cleaning and duplicating : 150000
2026-05-08 19:24:43,842 - transform - INFO - type of columns [('Date', 'string'), ('Time', 'timestamp'), ('Booking ID', 'string'), ('Booking Status', 'string'), ('Customer ID', 'string'), ('Vehicle Type', 'string'), ('Pickup Location', 'string'), ('Drop Location', 'string'), ('Cancelled Rides by Customer', 'int'), ('Reason for cancelling by Customer', 'string'), ('Cancelled Rides by Driver', 'int'), ('Driver Cancellation Reason', 'string'), ('Incomplete Rides', 'int'), ('Incomplete Rides Reason', 'string'), ('Booking Value', 'int'), ('Ride Distance', 'double'), ('Driver Ratings', 'double'), ('Customer Rating', 'double'), ('Payment Method', 'string')]
2026-05-08 19:24:43,842 - transform - INFO - remove duplicate rows...
2026-05-08 19:24:44,688 - transform - INFO - 1224 row was removed because is duplicated
2026-05-08 19:24:45,038 - transform - INFO - 148767 unique rows
2026-05-08 19:24:45,038 - transform - INFO - updating Cancelled Rides by Customer row...
2026-05-08 19:24:45,788 - transform - INFO - 138271 row have null in Cancelled Rides by Customer before cleaning
2026-05-08 19:24:45,788 - transform - INFO - 0 row have null in Cancelled Rides by Customer after cleaning
2026-05-08 19:24:45,789 - transform - INFO - terminate updating Cancelled Rides by Customer row
2026-05-08 19:24:45,789 - transform - INFO - updating Reason for cancelling by Customer...
2026-05-08 19:24:46,747 - transform - INFO - 138271 row have null value in Reason for cancelling by Customer before cleaning
2026-05-08 19:24:46,747 - transform - INFO - 0 row have null value in Reason for cancelling by Customer have updated to other
2026-05-08 19:24:46,747 - transform - INFO - terminate updating Reason for cancelling by Customer row
2026-05-08 19:24:46,747 - transform - INFO - updating Cancelled Rides by Driver row...
2026-05-08 19:24:47,267 - transform - INFO - 121836 row have null in Cancelled Rides by Driver before cleaning
2026-05-08 19:24:47,267 - transform - INFO - 0 row have null in Cancelled Rides by Driver after cleaning
2026-05-08 19:24:47,267 - transform - INFO - terminate updating Cancelled Rides by Driver row
2026-05-08 19:24:47,267 - transform - INFO - updating Incomplete Rides row...
2026-05-08 19:24:47,741 - transform - INFO - 139819 row have null in Incomplete Rides before cleaning
2026-05-08 19:24:47,741 - transform - INFO - 0 row have null in Incomplete Rides after cleaning
2026-05-08 19:24:47,741 - transform - INFO - terminate updating Incomplete Rides row
2026-05-08 19:24:47,741 - transform - INFO - updating Driver Cancellation Reason...
2026-05-08 19:24:48,312 - transform - INFO - 121836 row have null value in Driver Cancellation Reason before cleaning
2026-05-08 19:24:48,313 - transform - INFO - 0 row have null value in Driver Cancellation Reason have updated to other
2026-05-08 19:24:48,313 - transform - INFO - terminate updating Driver Cancellation Reason row
2026-05-08 19:24:48,313 - transform - INFO - updating Incomplete Rides Reason row...
2026-05-08 19:24:48,841 - transform - INFO - 139819 row have null in Incomplete Rides Reason before cleaning
2026-05-08 19:24:48,841 - transform - INFO - 0 row have null in Incomplete Rides Reason after cleaning
2026-05-08 19:24:48,841 - transform - INFO - terminate updating Incomplete Rides Reason row
2026-05-08 19:24:48,841 - transform - INFO - updating Book value row...
2026-05-08 19:24:49,266 - transform - INFO - 47869 row have null value in Booking Value before cleaning
2026-05-08 19:24:49,266 - transform - INFO - 0 row have null value in Booking Value before cleaning
2026-05-08 19:24:49,266 - transform - INFO - terminate updating book value row
2026-05-08 19:24:49,266 - transform - INFO - updating Ride Distance row...
2026-05-08 19:24:49,827 - transform - INFO - 47869 row have null value in Ride Distance before cleaning
2026-05-08 19:24:49,828 - transform - INFO - 0 row have null value in Ride Distance before cleaning
2026-05-08 19:24:49,828 - transform - INFO - terminate updating book value row
2026-05-08 19:24:49,828 - transform - INFO - updating Driver Ratings row...
2026-05-08 19:24:50,381 - transform - INFO - round the Driver Ratings value to 2 number after the comma...
2026-05-08 19:24:50,647 - transform - INFO - 56817 row have null value in Driver Ratings before cleaning
2026-05-08 19:24:50,647 - transform - INFO - 0 row have null value in Driver Ratings after cleaning
2026-05-08 19:24:50,647 - transform - INFO - terminate updating Driver Ratings row
2026-05-08 19:24:50,647 - transform - INFO - updating Customer Rating row...
2026-05-08 19:24:51,109 - transform - INFO - round the Customer Rating value to 2 number after the comma...
2026-05-08 19:24:51,361 - transform - INFO - 56817 row have null value in Customer Rating before cleaning
2026-05-08 19:24:51,361 - transform - INFO - 0 row have null value in Customer Rating after cleaning
2026-05-08 19:24:51,361 - transform - INFO - terminate updating Customer Rating row
2026-05-08 19:24:51,361 - transform - INFO - updating Payment Method row...
2026-05-08 19:24:51,907 - transform - INFO - 47869 row have null value in Payment Method before cleaning
2026-05-08 19:24:51,907 - transform - INFO - 0 row have null value in Payment Method after cleaning
2026-05-08 19:24:51,907 - transform - INFO - terminate updating Payment Method row
2026-05-08 19:24:51,907 - transform - INFO - updating Type of Date row...
2026-05-08 19:24:51,913 - transform - INFO - date was updated
2026-05-08 19:24:51,913 - transform - INFO - updating Type of Time row...
2026-05-08 19:24:51,919 - transform - INFO - Time was updated
2026-05-08 19:24:51,919 - transform - INFO - removing empty date row...
2026-05-08 19:24:52,124 - transform - INFO - 148767 rows have null value in Date before cleaning
2026-05-08 19:24:52,716 - transform - INFO - 148384 rows have null value in Date after cleaning
2026-05-08 19:24:52,717 - transform - INFO - verifying data...
2026-05-08 19:24:54,141 - transform - INFO - 148384 after remove duplicates data
2026-05-08 19:24:54,786 - transform - INFO - Row(Date=0, Time=0, Booking ID=0, Booking Status=0, Customer ID=0, Vehicle Type=0, Pickup Location=0, Drop Location=0, Cancelled Rides by Customer=0, Reason for cancelling by Customer=0, Cancelled Rides by Driver=0, Driver Cancellation Reason=0, Incomplete Rides=0, Incomplete Rides Reason=0, Booking Value=0, Ride Distance=0, Driver Ratings=0, Customer Rating=0, Payment Method=0) after update null values
2026-05-08 19:24:54,786 - load - INFO - saving in csv file in progress...
2026-05-08 19:24:55,853 - load - INFO - data frame uber was saving
2026-05-08 19:24:55,853 - load - INFO - creating data warehouse using Hive in progress...
2026-05-08 19:27:02,307 - spark session - INFO - Start to connecting to Spark...
2026-05-08 19:27:07,708 - spark session - INFO - Connected To Spark
2026-05-08 19:27:07,708 - transform - INFO - get information about dataset...
2026-05-08 19:27:08,057 - transform - INFO - count of rows before cleaning and duplicating : 150000
2026-05-08 19:27:08,057 - transform - INFO - type of columns [('Date', 'string'), ('Time', 'timestamp'), ('Booking ID', 'string'), ('Booking Status', 'string'), ('Customer ID', 'string'), ('Vehicle Type', 'string'), ('Pickup Location', 'string'), ('Drop Location', 'string'), ('Cancelled Rides by Customer', 'int'), ('Reason for cancelling by Customer', 'string'), ('Cancelled Rides by Driver', 'int'), ('Driver Cancellation Reason', 'string'), ('Incomplete Rides', 'int'), ('Incomplete Rides Reason', 'string'), ('Booking Value', 'int'), ('Ride Distance', 'double'), ('Driver Ratings', 'double'), ('Customer Rating', 'double'), ('Payment Method', 'string')]
2026-05-08 19:27:08,057 - transform - INFO - remove duplicate rows...
2026-05-08 19:27:08,932 - transform - INFO - 1224 row was removed because is duplicated
2026-05-08 19:27:09,288 - transform - INFO - 148767 unique rows
2026-05-08 19:27:09,288 - transform - INFO - updating Cancelled Rides by Customer row...
2026-05-08 19:27:10,047 - transform - INFO - 138271 row have null in Cancelled Rides by Customer before cleaning
2026-05-08 19:27:10,048 - transform - INFO - 0 row have null in Cancelled Rides by Customer after cleaning
2026-05-08 19:27:10,048 - transform - INFO - terminate updating Cancelled Rides by Customer row
2026-05-08 19:27:10,048 - transform - INFO - updating Reason for cancelling by Customer...
2026-05-08 19:27:10,976 - transform - INFO - 138271 row have null value in Reason for cancelling by Customer before cleaning
2026-05-08 19:27:10,976 - transform - INFO - 0 row have null value in Reason for cancelling by Customer have updated to other
2026-05-08 19:27:10,976 - transform - INFO - terminate updating Reason for cancelling by Customer row
2026-05-08 19:27:10,976 - transform - INFO - updating Cancelled Rides by Driver row...
2026-05-08 19:27:11,495 - transform - INFO - 121836 row have null in Cancelled Rides by Driver before cleaning
2026-05-08 19:27:11,495 - transform - INFO - 0 row have null in Cancelled Rides by Driver after cleaning
2026-05-08 19:27:11,495 - transform - INFO - terminate updating Cancelled Rides by Driver row
2026-05-08 19:27:11,495 - transform - INFO - updating Incomplete Rides row...
2026-05-08 19:27:11,975 - transform - INFO - 139819 row have null in Incomplete Rides before cleaning
2026-05-08 19:27:11,975 - transform - INFO - 0 row have null in Incomplete Rides after cleaning
2026-05-08 19:27:11,975 - transform - INFO - terminate updating Incomplete Rides row
2026-05-08 19:27:11,975 - transform - INFO - updating Driver Cancellation Reason...
2026-05-08 19:27:12,529 - transform - INFO - 121836 row have null value in Driver Cancellation Reason before cleaning
2026-05-08 19:27:12,529 - transform - INFO - 0 row have null value in Driver Cancellation Reason have updated to other
2026-05-08 19:27:12,529 - transform - INFO - terminate updating Driver Cancellation Reason row
2026-05-08 19:27:12,529 - transform - INFO - updating Incomplete Rides Reason row...
2026-05-08 19:27:13,062 - transform - INFO - 139819 row have null in Incomplete Rides Reason before cleaning
2026-05-08 19:27:13,063 - transform - INFO - 0 row have null in Incomplete Rides Reason after cleaning
2026-05-08 19:27:13,063 - transform - INFO - terminate updating Incomplete Rides Reason row
2026-05-08 19:27:13,063 - transform - INFO - updating Book value row...
2026-05-08 19:27:13,503 - transform - INFO - 47869 row have null value in Booking Value before cleaning
2026-05-08 19:27:13,503 - transform - INFO - 0 row have null value in Booking Value before cleaning
2026-05-08 19:27:13,503 - transform - INFO - terminate updating book value row
2026-05-08 19:27:13,503 - transform - INFO - updating Ride Distance row...
2026-05-08 19:27:14,106 - transform - INFO - 47869 row have null value in Ride Distance before cleaning
2026-05-08 19:27:14,106 - transform - INFO - 0 row have null value in Ride Distance before cleaning
2026-05-08 19:27:14,106 - transform - INFO - terminate updating book value row
2026-05-08 19:27:14,106 - transform - INFO - updating Driver Ratings row...
2026-05-08 19:27:14,643 - transform - INFO - round the Driver Ratings value to 2 number after the comma...
2026-05-08 19:27:14,943 - transform - INFO - 56817 row have null value in Driver Ratings before cleaning
2026-05-08 19:27:14,943 - transform - INFO - 0 row have null value in Driver Ratings after cleaning
2026-05-08 19:27:14,943 - transform - INFO - terminate updating Driver Ratings row
2026-05-08 19:27:14,943 - transform - INFO - updating Customer Rating row...
2026-05-08 19:27:15,412 - transform - INFO - round the Customer Rating value to 2 number after the comma...
2026-05-08 19:27:15,641 - transform - INFO - 56817 row have null value in Customer Rating before cleaning
2026-05-08 19:27:15,641 - transform - INFO - 0 row have null value in Customer Rating after cleaning
2026-05-08 19:27:15,641 - transform - INFO - terminate updating Customer Rating row
2026-05-08 19:27:15,641 - transform - INFO - updating Payment Method row...
2026-05-08 19:27:16,210 - transform - INFO - 47869 row have null value in Payment Method before cleaning
2026-05-08 19:27:16,210 - transform - INFO - 0 row have null value in Payment Method after cleaning
2026-05-08 19:27:16,210 - transform - INFO - terminate updating Payment Method row
2026-05-08 19:27:16,210 - transform - INFO - updating Type of Date row...
2026-05-08 19:27:16,216 - transform - INFO - date was updated
2026-05-08 19:27:16,216 - transform - INFO - updating Type of Time row...
2026-05-08 19:27:16,222 - transform - INFO - Time was updated
2026-05-08 19:27:16,222 - transform - INFO - removing empty date row...
2026-05-08 19:27:16,443 - transform - INFO - 148767 rows have null value in Date before cleaning
2026-05-08 19:27:16,978 - transform - INFO - 148384 rows have null value in Date after cleaning
2026-05-08 19:27:16,978 - transform - INFO - verifying data...
2026-05-08 19:27:18,681 - transform - INFO - 148384 after remove duplicates data
2026-05-08 19:27:19,286 - transform - INFO - Row(Date=0, Time=0, Booking ID=0, Booking Status=0, Customer ID=0, Vehicle Type=0, Pickup Location=0, Drop Location=0, Cancelled Rides by Customer=0, Reason for cancelling by Customer=0, Cancelled Rides by Driver=0, Driver Cancellation Reason=0, Incomplete Rides=0, Incomplete Rides Reason=0, Booking Value=0, Ride Distance=0, Driver Ratings=0, Customer Rating=0, Payment Method=0) after update null values
2026-05-08 19:27:19,287 - load - INFO - saving in csv file in progress...
2026-05-08 19:27:20,348 - load - INFO - data frame uber was saving
2026-05-08 19:27:20,348 - load - INFO - creating data warehouse using Hive in progress...
2026-05-08 19:27:22,025 - load - INFO - data warehouse was created
2026-05-08 19:27:22,025 - load - INFO - saving data to Hive in progress...
2026-05-08 19:28:17,178 - spark session - INFO - Start to connecting to Spark...
2026-05-08 19:28:22,529 - spark session - INFO - Connected To Spark
2026-05-08 19:28:22,529 - transform - INFO - get information about dataset...
2026-05-08 19:28:22,872 - transform - INFO - count of rows before cleaning and duplicating : 150000
2026-05-08 19:28:22,872 - transform - INFO - type of columns [('Date', 'string'), ('Time', 'timestamp'), ('Booking ID', 'string'), ('Booking Status', 'string'), ('Customer ID', 'string'), ('Vehicle Type', 'string'), ('Pickup Location', 'string'), ('Drop Location', 'string'), ('Cancelled Rides by Customer', 'int'), ('Reason for cancelling by Customer', 'string'), ('Cancelled Rides by Driver', 'int'), ('Driver Cancellation Reason', 'string'), ('Incomplete Rides', 'int'), ('Incomplete Rides Reason', 'string'), ('Booking Value', 'int'), ('Ride Distance', 'double'), ('Driver Ratings', 'double'), ('Customer Rating', 'double'), ('Payment Method', 'string')]
2026-05-08 19:28:22,872 - transform - INFO - remove duplicate rows...
2026-05-08 19:28:23,739 - transform - INFO - 1224 row was removed because is duplicated
2026-05-08 19:28:24,065 - transform - INFO - 148767 unique rows
2026-05-08 19:28:24,065 - transform - INFO - updating Cancelled Rides by Customer row...
2026-05-08 19:28:24,828 - transform - INFO - 138271 row have null in Cancelled Rides by Customer before cleaning
2026-05-08 19:28:24,829 - transform - INFO - 0 row have null in Cancelled Rides by Customer after cleaning
2026-05-08 19:28:24,829 - transform - INFO - terminate updating Cancelled Rides by Customer row
2026-05-08 19:28:24,829 - transform - INFO - updating Reason for cancelling by Customer...
2026-05-08 19:28:25,744 - transform - INFO - 138271 row have null value in Reason for cancelling by Customer before cleaning
2026-05-08 19:28:25,744 - transform - INFO - 0 row have null value in Reason for cancelling by Customer have updated to other
2026-05-08 19:28:25,744 - transform - INFO - terminate updating Reason for cancelling by Customer row
2026-05-08 19:28:25,744 - transform - INFO - updating Cancelled Rides by Driver row...
2026-05-08 19:28:26,264 - transform - INFO - 121836 row have null in Cancelled Rides by Driver before cleaning
2026-05-08 19:28:26,264 - transform - INFO - 0 row have null in Cancelled Rides by Driver after cleaning
2026-05-08 19:28:26,264 - transform - INFO - terminate updating Cancelled Rides by Driver row
2026-05-08 19:28:26,264 - transform - INFO - updating Incomplete Rides row...
2026-05-08 19:28:26,867 - transform - INFO - 139819 row have null in Incomplete Rides before cleaning
2026-05-08 19:28:26,868 - transform - INFO - 0 row have null in Incomplete Rides after cleaning
2026-05-08 19:28:26,868 - transform - INFO - terminate updating Incomplete Rides row
2026-05-08 19:28:26,868 - transform - INFO - updating Driver Cancellation Reason...
2026-05-08 19:28:27,482 - transform - INFO - 121836 row have null value in Driver Cancellation Reason before cleaning
2026-05-08 19:28:27,482 - transform - INFO - 0 row have null value in Driver Cancellation Reason have updated to other
2026-05-08 19:28:27,482 - transform - INFO - terminate updating Driver Cancellation Reason row
2026-05-08 19:28:27,482 - transform - INFO - updating Incomplete Rides Reason row...
2026-05-08 19:28:28,124 - transform - INFO - 139819 row have null in Incomplete Rides Reason before cleaning
2026-05-08 19:28:28,124 - transform - INFO - 0 row have null in Incomplete Rides Reason after cleaning
2026-05-08 19:28:28,125 - transform - INFO - terminate updating Incomplete Rides Reason row
2026-05-08 19:28:28,125 - transform - INFO - updating Book value row...
2026-05-08 19:28:28,616 - transform - INFO - 47869 row have null value in Booking Value before cleaning
2026-05-08 19:28:28,617 - transform - INFO - 0 row have null value in Booking Value before cleaning
2026-05-08 19:28:28,617 - transform - INFO - terminate updating book value row
2026-05-08 19:28:28,617 - transform - INFO - updating Ride Distance row...
2026-05-08 19:28:29,257 - transform - INFO - 47869 row have null value in Ride Distance before cleaning
2026-05-08 19:28:29,257 - transform - INFO - 0 row have null value in Ride Distance before cleaning
2026-05-08 19:28:29,257 - transform - INFO - terminate updating book value row
2026-05-08 19:28:29,257 - transform - INFO - updating Driver Ratings row...
2026-05-08 19:28:29,848 - transform - INFO - round the Driver Ratings value to 2 number after the comma...
2026-05-08 19:28:30,134 - transform - INFO - 56817 row have null value in Driver Ratings before cleaning
2026-05-08 19:28:30,134 - transform - INFO - 0 row have null value in Driver Ratings after cleaning
2026-05-08 19:28:30,134 - transform - INFO - terminate updating Driver Ratings row
2026-05-08 19:28:30,134 - transform - INFO - updating Customer Rating row...
2026-05-08 19:28:30,567 - transform - INFO - round the Customer Rating value to 2 number after the comma...
2026-05-08 19:28:30,834 - transform - INFO - 56817 row have null value in Customer Rating before cleaning
2026-05-08 19:28:30,834 - transform - INFO - 0 row have null value in Customer Rating after cleaning
2026-05-08 19:28:30,834 - transform - INFO - terminate updating Customer Rating row
2026-05-08 19:28:30,834 - transform - INFO - updating Payment Method row...
2026-05-08 19:28:31,393 - transform - INFO - 47869 row have null value in Payment Method before cleaning
2026-05-08 19:28:31,393 - transform - INFO - 0 row have null value in Payment Method after cleaning
2026-05-08 19:28:31,393 - transform - INFO - terminate updating Payment Method row
2026-05-08 19:28:31,393 - transform - INFO - updating Type of Date row...
2026-05-08 19:28:31,399 - transform - INFO - date was updated
2026-05-08 19:28:31,400 - transform - INFO - updating Type of Time row...
2026-05-08 19:28:31,405 - transform - INFO - Time was updated
2026-05-08 19:28:31,405 - transform - INFO - removing empty date row...
2026-05-08 19:28:31,639 - transform - INFO - 148767 rows have null value in Date before cleaning
2026-05-08 19:28:32,181 - transform - INFO - 148384 rows have null value in Date after cleaning
2026-05-08 19:28:32,181 - transform - INFO - verifying data...
2026-05-08 19:28:33,658 - transform - INFO - 148384 after remove duplicates data
2026-05-08 19:28:34,340 - transform - INFO - Row(Date=0, Time=0, Booking ID=0, Booking Status=0, Customer ID=0, Vehicle Type=0, Pickup Location=0, Drop Location=0, Cancelled Rides by Customer=0, Reason for cancelling by Customer=0, Cancelled Rides by Driver=0, Driver Cancellation Reason=0, Incomplete Rides=0, Incomplete Rides Reason=0, Booking Value=0, Ride Distance=0, Driver Ratings=0, Customer Rating=0, Payment Method=0) after update null values
2026-05-08 19:28:34,340 - load - INFO - saving in csv file in progress...
2026-05-08 19:28:35,577 - load - INFO - data frame uber was saving
2026-05-08 19:28:35,577 - load - INFO - creating data warehouse using Hive in progress...
2026-05-08 19:28:36,939 - load - INFO - data warehouse was created
2026-05-08 19:28:36,939 - load - INFO - saving data to Hive in progress...
2026-05-08 19:28:52,400 - load - INFO - data was saved
2026-05-08 19:33:56,954 - spark session - INFO - Start to connecting to Spark...
2026-05-08 19:34:03,328 - spark session - INFO - Connected To Spark
2026-05-08 19:34:03,328 - transform - INFO - get information about dataset...
2026-05-08 19:34:03,727 - transform - INFO - count of rows before cleaning and duplicating : 150000
2026-05-08 19:34:03,727 - transform - INFO - type of columns [('Date', 'string'), ('Time', 'timestamp'), ('Booking ID', 'string'), ('Booking Status', 'string'), ('Customer ID', 'string'), ('Vehicle Type', 'string'), ('Pickup Location', 'string'), ('Drop Location', 'string'), ('Cancelled Rides by Customer', 'int'), ('Reason for cancelling by Customer', 'string'), ('Cancelled Rides by Driver', 'int'), ('Driver Cancellation Reason', 'string'), ('Incomplete Rides', 'int'), ('Incomplete Rides Reason', 'string'), ('Booking Value', 'int'), ('Ride Distance', 'double'), ('Driver Ratings', 'double'), ('Customer Rating', 'double'), ('Payment Method', 'string')]
2026-05-08 19:34:03,727 - transform - INFO - remove duplicate rows...
2026-05-08 19:34:04,604 - transform - INFO - 1224 row was removed because is duplicated
2026-05-08 19:34:04,995 - transform - INFO - 148767 unique rows
2026-05-08 19:34:04,995 - transform - INFO - updating Cancelled Rides by Customer row...
2026-05-08 19:34:05,885 - transform - INFO - 138271 row have null in Cancelled Rides by Customer before cleaning
2026-05-08 19:34:05,885 - transform - INFO - 0 row have null in Cancelled Rides by Customer after cleaning
2026-05-08 19:34:05,885 - transform - INFO - terminate updating Cancelled Rides by Customer row
2026-05-08 19:34:05,885 - transform - INFO - updating Reason for cancelling by Customer...
2026-05-08 19:34:06,842 - transform - INFO - 138271 row have null value in Reason for cancelling by Customer before cleaning
2026-05-08 19:34:06,842 - transform - INFO - 0 row have null value in Reason for cancelling by Customer have updated to other
2026-05-08 19:34:06,842 - transform - INFO - terminate updating Reason for cancelling by Customer row
2026-05-08 19:34:06,842 - transform - INFO - updating Cancelled Rides by Driver row...
2026-05-08 19:34:07,411 - transform - INFO - 121836 row have null in Cancelled Rides by Driver before cleaning
2026-05-08 19:34:07,411 - transform - INFO - 0 row have null in Cancelled Rides by Driver after cleaning
2026-05-08 19:34:07,411 - transform - INFO - terminate updating Cancelled Rides by Driver row
2026-05-08 19:34:07,411 - transform - INFO - updating Incomplete Rides row...
2026-05-08 19:34:07,911 - transform - INFO - 139819 row have null in Incomplete Rides before cleaning
2026-05-08 19:34:07,911 - transform - INFO - 0 row have null in Incomplete Rides after cleaning
2026-05-08 19:34:07,912 - transform - INFO - terminate updating Incomplete Rides row
2026-05-08 19:34:07,912 - transform - INFO - updating Driver Cancellation Reason...
2026-05-08 19:34:08,487 - transform - INFO - 121836 row have null value in Driver Cancellation Reason before cleaning
2026-05-08 19:34:08,487 - transform - INFO - 0 row have null value in Driver Cancellation Reason have updated to other
2026-05-08 19:34:08,487 - transform - INFO - terminate updating Driver Cancellation Reason row
2026-05-08 19:34:08,487 - transform - INFO - updating Incomplete Rides Reason row...
2026-05-08 19:34:09,015 - transform - INFO - 139819 row have null in Incomplete Rides Reason before cleaning
2026-05-08 19:34:09,016 - transform - INFO - 0 row have null in Incomplete Rides Reason after cleaning
2026-05-08 19:34:09,016 - transform - INFO - terminate updating Incomplete Rides Reason row
2026-05-08 19:34:09,016 - transform - INFO - updating Book value row...
2026-05-08 19:34:09,505 - transform - INFO - 47869 row have null value in Booking Value before cleaning
2026-05-08 19:34:09,506 - transform - INFO - 0 row have null value in Booking Value before cleaning
2026-05-08 19:34:09,506 - transform - INFO - terminate updating book value row
2026-05-08 19:34:09,506 - transform - INFO - updating Ride Distance row...
2026-05-08 19:34:10,100 - transform - INFO - 47869 row have null value in Ride Distance before cleaning
2026-05-08 19:34:10,101 - transform - INFO - 0 row have null value in Ride Distance before cleaning
2026-05-08 19:34:10,101 - transform - INFO - terminate updating book value row
2026-05-08 19:34:10,101 - transform - INFO - updating Driver Ratings row...
2026-05-08 19:34:10,683 - transform - INFO - round the Driver Ratings value to 2 number after the comma...
2026-05-08 19:34:10,966 - transform - INFO - 56817 row have null value in Driver Ratings before cleaning
2026-05-08 19:34:10,966 - transform - INFO - 0 row have null value in Driver Ratings after cleaning
2026-05-08 19:34:10,966 - transform - INFO - terminate updating Driver Ratings row
2026-05-08 19:34:10,966 - transform - INFO - updating Customer Rating row...
2026-05-08 19:34:11,422 - transform - INFO - round the Customer Rating value to 2 number after the comma...
2026-05-08 19:34:11,674 - transform - INFO - 56817 row have null value in Customer Rating before cleaning
2026-05-08 19:34:11,674 - transform - INFO - 0 row have null value in Customer Rating after cleaning
2026-05-08 19:34:11,674 - transform - INFO - terminate updating Customer Rating row
2026-05-08 19:34:11,674 - transform - INFO - updating Payment Method row...
2026-05-08 19:34:12,194 - transform - INFO - 47869 row have null value in Payment Method before cleaning
2026-05-08 19:34:12,194 - transform - INFO - 0 row have null value in Payment Method after cleaning
2026-05-08 19:34:12,194 - transform - INFO - terminate updating Payment Method row
2026-05-08 19:34:12,194 - transform - INFO - updating Type of Date row...
2026-05-08 19:34:12,199 - transform - INFO - date was updated
2026-05-08 19:34:12,199 - transform - INFO - updating Type of Time row...
2026-05-08 19:34:12,205 - transform - INFO - Time was updated
2026-05-08 19:34:12,205 - transform - INFO - removing empty date row...
2026-05-08 19:34:12,427 - transform - INFO - 148767 rows have null value in Date before cleaning
2026-05-08 19:34:13,004 - transform - INFO - 148384 rows have null value in Date after cleaning
2026-05-08 19:34:13,005 - transform - INFO - verifying data...
2026-05-08 19:34:14,570 - transform - INFO - 148384 after remove duplicates data
2026-05-08 19:34:15,359 - transform - INFO - Row(Date=0, Time=0, Booking ID=0, Booking Status=0, Customer ID=0, Vehicle Type=0, Pickup Location=0, Drop Location=0, Cancelled Rides by Customer=0, Reason for cancelling by Customer=0, Cancelled Rides by Driver=0, Driver Cancellation Reason=0, Incomplete Rides=0, Incomplete Rides Reason=0, Booking Value=0, Ride Distance=0, Driver Ratings=0, Customer Rating=0, Payment Method=0) after update null values
2026-05-08 19:34:15,359 - load - INFO - saving in csv file in progress...
2026-05-08 19:34:16,708 - load - INFO - data frame uber was saving
2026-05-08 19:34:16,708 - load - INFO - creating data warehouse using Hive in progress...
2026-05-08 19:34:18,020 - load - INFO - data warehouse was created
2026-05-08 19:34:18,020 - load - INFO - saving data to Hive in progress...
2026-05-08 19:34:34,167 - load - INFO - data was saved
2026-05-08 19:34:44,717 - spark session - INFO - Start to connecting to Spark...
2026-05-08 19:34:49,791 - spark session - INFO - Connected To Spark
2026-05-08 19:34:49,791 - transform - INFO - get information about dataset...
2026-05-08 19:34:50,162 - transform - INFO - count of rows before cleaning and duplicating : 150000
2026-05-08 19:34:50,162 - transform - INFO - type of columns [('Date', 'string'), ('Time', 'timestamp'), ('Booking ID', 'string'), ('Booking Status', 'string'), ('Customer ID', 'string'), ('Vehicle Type', 'string'), ('Pickup Location', 'string'), ('Drop Location', 'string'), ('Cancelled Rides by Customer', 'int'), ('Reason for cancelling by Customer', 'string'), ('Cancelled Rides by Driver', 'int'), ('Driver Cancellation Reason', 'string'), ('Incomplete Rides', 'int'), ('Incomplete Rides Reason', 'string'), ('Booking Value', 'int'), ('Ride Distance', 'double'), ('Driver Ratings', 'double'), ('Customer Rating', 'double'), ('Payment Method', 'string')]
2026-05-08 19:34:50,162 - transform - INFO - remove duplicate rows...
2026-05-08 19:34:51,046 - transform - INFO - 1224 row was removed because is duplicated
2026-05-08 19:34:51,449 - transform - INFO - 148767 unique rows
2026-05-08 19:34:51,449 - transform - INFO - updating Cancelled Rides by Customer row...
2026-05-08 19:34:52,258 - transform - INFO - 138271 row have null in Cancelled Rides by Customer before cleaning
2026-05-08 19:34:52,258 - transform - INFO - 0 row have null in Cancelled Rides by Customer after cleaning
2026-05-08 19:34:52,259 - transform - INFO - terminate updating Cancelled Rides by Customer row
2026-05-08 19:34:52,259 - transform - INFO - updating Reason for cancelling by Customer...
2026-05-08 19:34:53,243 - transform - INFO - 138271 row have null value in Reason for cancelling by Customer before cleaning
2026-05-08 19:34:53,243 - transform - INFO - 0 row have null value in Reason for cancelling by Customer have updated to other
2026-05-08 19:34:53,243 - transform - INFO - terminate updating Reason for cancelling by Customer row
2026-05-08 19:34:53,243 - transform - INFO - updating Cancelled Rides by Driver row...
2026-05-08 19:34:53,830 - transform - INFO - 121836 row have null in Cancelled Rides by Driver before cleaning
2026-05-08 19:34:53,831 - transform - INFO - 0 row have null in Cancelled Rides by Driver after cleaning
2026-05-08 19:34:53,831 - transform - INFO - terminate updating Cancelled Rides by Driver row
2026-05-08 19:34:53,831 - transform - INFO - updating Incomplete Rides row...
2026-05-08 19:34:54,338 - transform - INFO - 139819 row have null in Incomplete Rides before cleaning
2026-05-08 19:34:54,338 - transform - INFO - 0 row have null in Incomplete Rides after cleaning
2026-05-08 19:34:54,338 - transform - INFO - terminate updating Incomplete Rides row
2026-05-08 19:34:54,338 - transform - INFO - updating Driver Cancellation Reason...
2026-05-08 19:34:54,881 - transform - INFO - 121836 row have null value in Driver Cancellation Reason before cleaning
2026-05-08 19:34:54,881 - transform - INFO - 0 row have null value in Driver Cancellation Reason have updated to other
2026-05-08 19:34:54,881 - transform - INFO - terminate updating Driver Cancellation Reason row
2026-05-08 19:34:54,881 - transform - INFO - updating Incomplete Rides Reason row...
2026-05-08 19:34:55,368 - transform - INFO - 139819 row have null in Incomplete Rides Reason before cleaning
2026-05-08 19:34:55,368 - transform - INFO - 0 row have null in Incomplete Rides Reason after cleaning
2026-05-08 19:34:55,368 - transform - INFO - terminate updating Incomplete Rides Reason row
2026-05-08 19:34:55,368 - transform - INFO - updating Book value row...
2026-05-08 19:34:55,785 - transform - INFO - 47869 row have null value in Booking Value before cleaning
2026-05-08 19:34:55,785 - transform - INFO - 0 row have null value in Booking Value before cleaning
2026-05-08 19:34:55,785 - transform - INFO - terminate updating book value row
2026-05-08 19:34:55,785 - transform - INFO - updating Ride Distance row...
2026-05-08 19:34:56,348 - transform - INFO - 47869 row have null value in Ride Distance before cleaning
2026-05-08 19:34:56,348 - transform - INFO - 0 row have null value in Ride Distance before cleaning
2026-05-08 19:34:56,348 - transform - INFO - terminate updating book value row
2026-05-08 19:34:56,348 - transform - INFO - updating Driver Ratings row...
2026-05-08 19:34:56,880 - transform - INFO - round the Driver Ratings value to 2 number after the comma...
2026-05-08 19:34:57,167 - transform - INFO - 56817 row have null value in Driver Ratings before cleaning
2026-05-08 19:34:57,167 - transform - INFO - 0 row have null value in Driver Ratings after cleaning
2026-05-08 19:34:57,167 - transform - INFO - terminate updating Driver Ratings row
2026-05-08 19:34:57,167 - transform - INFO - updating Customer Rating row...
2026-05-08 19:34:57,626 - transform - INFO - round the Customer Rating value to 2 number after the comma...
2026-05-08 19:34:57,842 - transform - INFO - 56817 row have null value in Customer Rating before cleaning
2026-05-08 19:34:57,842 - transform - INFO - 0 row have null value in Customer Rating after cleaning
2026-05-08 19:34:57,842 - transform - INFO - terminate updating Customer Rating row
2026-05-08 19:34:57,842 - transform - INFO - updating Payment Method row...
2026-05-08 19:34:58,409 - transform - INFO - 47869 row have null value in Payment Method before cleaning
2026-05-08 19:34:58,409 - transform - INFO - 0 row have null value in Payment Method after cleaning
2026-05-08 19:34:58,409 - transform - INFO - terminate updating Payment Method row
2026-05-08 19:34:58,409 - transform - INFO - updating Type of Date row...
2026-05-08 19:34:58,416 - transform - INFO - date was updated
2026-05-08 19:34:58,416 - transform - INFO - updating Type of Time row...
2026-05-08 19:34:58,421 - transform - INFO - Time was updated
2026-05-08 19:34:58,421 - transform - INFO - removing empty date row...
2026-05-08 19:34:58,631 - transform - INFO - 148767 rows have null value in Date before cleaning
2026-05-08 19:34:59,110 - transform - INFO - 148384 rows have null value in Date after cleaning
2026-05-08 19:34:59,110 - transform - INFO - verifying data...
2026-05-08 19:35:00,613 - transform - INFO - 148384 after remove duplicates data
2026-05-08 19:35:01,391 - transform - INFO - Row(Date=0, Time=0, Booking ID=0, Booking Status=0, Customer ID=0, Vehicle Type=0, Pickup Location=0, Drop Location=0, Cancelled Rides by Customer=0, Reason for cancelling by Customer=0, Cancelled Rides by Driver=0, Driver Cancellation Reason=0, Incomplete Rides=0, Incomplete Rides Reason=0, Booking Value=0, Ride Distance=0, Driver Ratings=0, Customer Rating=0, Payment Method=0) after update null values
2026-05-08 19:35:01,391 - load - INFO - saving in csv file in progress...
2026-05-08 19:35:02,456 - load - INFO - data frame uber was saving
2026-05-08 19:35:02,456 - load - INFO - creating data warehouse using Hive in progress...
2026-05-08 19:35:03,813 - load - INFO - data warehouse was created
2026-05-08 19:35:03,813 - load - INFO - saving data to Hive in progress...
2026-05-08 19:35:19,427 - load - INFO - data was saved
2026-05-08 19:35:19,427 - load - INFO - verifying if data exist in data warehouse...
2026-05-08 19:35:21,211 - load - INFO - exist 148384 in data warehouse
2026-05-08 19:37:22,749 - spark session - INFO - Start to connecting to Spark...
2026-05-08 19:37:28,678 - spark session - INFO - Connected To Spark
2026-05-08 19:37:28,678 - transform - INFO - get information about dataset...
2026-05-08 19:37:29,074 - transform - INFO - count of rows before cleaning and duplicating : 150000
2026-05-08 19:37:29,074 - transform - INFO - type of columns [('Date', 'string'), ('Time', 'timestamp'), ('Booking ID', 'string'), ('Booking Status', 'string'), ('Customer ID', 'string'), ('Vehicle Type', 'string'), ('Pickup Location', 'string'), ('Drop Location', 'string'), ('Cancelled Rides by Customer', 'int'), ('Reason for cancelling by Customer', 'string'), ('Cancelled Rides by Driver', 'int'), ('Driver Cancellation Reason', 'string'), ('Incomplete Rides', 'int'), ('Incomplete Rides Reason', 'string'), ('Booking Value', 'int'), ('Ride Distance', 'double'), ('Driver Ratings', 'double'), ('Customer Rating', 'double'), ('Payment Method', 'string')]
2026-05-08 19:37:29,074 - transform - INFO - remove duplicate rows...
2026-05-08 19:37:30,021 - transform - INFO - 1224 row was removed because is duplicated
2026-05-08 19:37:30,376 - transform - INFO - 148767 unique rows
2026-05-08 19:37:30,376 - transform - INFO - updating Cancelled Rides by Customer row...
2026-05-08 19:37:31,230 - transform - INFO - 138271 row have null in Cancelled Rides by Customer before cleaning
2026-05-08 19:37:31,230 - transform - INFO - 0 row have null in Cancelled Rides by Customer after cleaning
2026-05-08 19:37:31,230 - transform - INFO - terminate updating Cancelled Rides by Customer row
2026-05-08 19:37:31,230 - transform - INFO - updating Reason for cancelling by Customer...
2026-05-08 19:37:32,362 - transform - INFO - 138271 row have null value in Reason for cancelling by Customer before cleaning
2026-05-08 19:37:32,362 - transform - INFO - 0 row have null value in Reason for cancelling by Customer have updated to other
2026-05-08 19:37:32,362 - transform - INFO - terminate updating Reason for cancelling by Customer row
2026-05-08 19:37:32,362 - transform - INFO - updating Cancelled Rides by Driver row...
2026-05-08 19:37:32,964 - transform - INFO - 121836 row have null in Cancelled Rides by Driver before cleaning
2026-05-08 19:37:32,964 - transform - INFO - 0 row have null in Cancelled Rides by Driver after cleaning
2026-05-08 19:37:32,965 - transform - INFO - terminate updating Cancelled Rides by Driver row
2026-05-08 19:37:32,965 - transform - INFO - updating Incomplete Rides row...
2026-05-08 19:37:33,510 - transform - INFO - 139819 row have null in Incomplete Rides before cleaning
2026-05-08 19:37:33,510 - transform - INFO - 0 row have null in Incomplete Rides after cleaning
2026-05-08 19:37:33,510 - transform - INFO - terminate updating Incomplete Rides row
2026-05-08 19:37:33,510 - transform - INFO - updating Driver Cancellation Reason...
2026-05-08 19:37:34,071 - transform - INFO - 121836 row have null value in Driver Cancellation Reason before cleaning
2026-05-08 19:37:34,071 - transform - INFO - 0 row have null value in Driver Cancellation Reason have updated to other
2026-05-08 19:37:34,071 - transform - INFO - terminate updating Driver Cancellation Reason row
2026-05-08 19:37:34,071 - transform - INFO - updating Incomplete Rides Reason row...
2026-05-08 19:37:34,641 - transform - INFO - 139819 row have null in Incomplete Rides Reason before cleaning
2026-05-08 19:37:34,641 - transform - INFO - 0 row have null in Incomplete Rides Reason after cleaning
2026-05-08 19:37:34,641 - transform - INFO - terminate updating Incomplete Rides Reason row
2026-05-08 19:37:34,641 - transform - INFO - updating Book value row...
2026-05-08 19:37:35,142 - transform - INFO - 47869 row have null value in Booking Value before cleaning
2026-05-08 19:37:35,142 - transform - INFO - 0 row have null value in Booking Value before cleaning
2026-05-08 19:37:35,142 - transform - INFO - terminate updating book value row
2026-05-08 19:37:35,142 - transform - INFO - updating Ride Distance row...
2026-05-08 19:37:35,801 - transform - INFO - 47869 row have null value in Ride Distance before cleaning
2026-05-08 19:37:35,801 - transform - INFO - 0 row have null value in Ride Distance before cleaning
2026-05-08 19:37:35,801 - transform - INFO - terminate updating book value row
2026-05-08 19:37:35,801 - transform - INFO - updating Driver Ratings row...
2026-05-08 19:37:36,436 - transform - INFO - round the Driver Ratings value to 2 number after the comma...
2026-05-08 19:37:36,731 - transform - INFO - 56817 row have null value in Driver Ratings before cleaning
2026-05-08 19:37:36,731 - transform - INFO - 0 row have null value in Driver Ratings after cleaning
2026-05-08 19:37:36,731 - transform - INFO - terminate updating Driver Ratings row
2026-05-08 19:37:36,731 - transform - INFO - updating Customer Rating row...
2026-05-08 19:37:37,203 - transform - INFO - round the Customer Rating value to 2 number after the comma...
2026-05-08 19:37:37,454 - transform - INFO - 56817 row have null value in Customer Rating before cleaning
2026-05-08 19:37:37,454 - transform - INFO - 0 row have null value in Customer Rating after cleaning
2026-05-08 19:37:37,454 - transform - INFO - terminate updating Customer Rating row
2026-05-08 19:37:37,454 - transform - INFO - updating Payment Method row...
2026-05-08 19:37:38,124 - transform - INFO - 47869 row have null value in Payment Method before cleaning
2026-05-08 19:37:38,124 - transform - INFO - 0 row have null value in Payment Method after cleaning
2026-05-08 19:37:38,124 - transform - INFO - terminate updating Payment Method row
2026-05-08 19:37:38,124 - transform - INFO - updating Type of Date row...
2026-05-08 19:37:38,131 - transform - INFO - date was updated
2026-05-08 19:37:38,131 - transform - INFO - updating Type of Time row...
2026-05-08 19:37:38,136 - transform - INFO - Time was updated
2026-05-08 19:37:38,136 - transform - INFO - removing empty date row...
2026-05-08 19:37:38,414 - transform - INFO - 148767 rows have null value in Date before cleaning
2026-05-08 19:37:39,041 - transform - INFO - 148384 rows have null value in Date after cleaning
2026-05-08 19:37:39,041 - transform - INFO - verifying data...
2026-05-08 19:37:40,452 - transform - INFO - 148384 after remove duplicates data
2026-05-08 19:37:41,275 - transform - INFO - Row(Date=0, Time=0, Booking ID=0, Booking Status=0, Customer ID=0, Vehicle Type=0, Pickup Location=0, Drop Location=0, Cancelled Rides by Customer=0, Reason for cancelling by Customer=0, Cancelled Rides by Driver=0, Driver Cancellation Reason=0, Incomplete Rides=0, Incomplete Rides Reason=0, Booking Value=0, Ride Distance=0, Driver Ratings=0, Customer Rating=0, Payment Method=0) after update null values
2026-05-08 19:37:41,275 - load - INFO - saving in csv file in progress...
2026-05-08 19:37:42,490 - load - INFO - data frame uber was saving
2026-05-08 19:37:42,490 - load - INFO - creating data warehouse using Hive in progress...
2026-05-08 19:37:43,934 - load - INFO - data warehouse was created
2026-05-08 19:37:43,934 - load - INFO - saving data to Hive in progress...
2026-05-08 19:38:01,007 - load - INFO - data was saved
2026-05-08 19:38:01,008 - load - INFO - verifying if data exist in data warehouse...
2026-05-08 19:38:02,796 - load - INFO - exist 148384 in data warehouse
2026-05-08 19:38:02,796 - load - INFO - data warehouse exist in file:/Volumes/NVME/projects/uber_dashboard/spark-warehouse
2026-05-08 19:46:29,981 - spark session - INFO - Start to connecting to Spark...
2026-05-08 19:46:36,483 - spark session - INFO - Connected To Spark
2026-05-08 19:46:36,483 - transform - INFO - get information about dataset...
2026-05-08 19:46:36,867 - transform - INFO - count of rows before cleaning and duplicating : 150000
2026-05-08 19:46:36,867 - transform - INFO - type of columns [('Date', 'string'), ('Time', 'timestamp'), ('Booking ID', 'string'), ('Booking Status', 'string'), ('Customer ID', 'string'), ('Vehicle Type', 'string'), ('Pickup Location', 'string'), ('Drop Location', 'string'), ('Cancelled Rides by Customer', 'int'), ('Reason for cancelling by Customer', 'string'), ('Cancelled Rides by Driver', 'int'), ('Driver Cancellation Reason', 'string'), ('Incomplete Rides', 'int'), ('Incomplete Rides Reason', 'string'), ('Booking Value', 'int'), ('Ride Distance', 'double'), ('Driver Ratings', 'double'), ('Customer Rating', 'double'), ('Payment Method', 'string')]
2026-05-08 19:46:36,867 - transform - INFO - remove duplicate rows...
2026-05-08 19:46:37,790 - transform - INFO - 1224 row was removed because is duplicated
2026-05-08 19:46:38,150 - transform - INFO - 148767 unique rows
2026-05-08 19:46:38,150 - transform - INFO - updating Cancelled Rides by Customer row...
2026-05-08 19:46:38,883 - transform - INFO - 138271 row have null in Cancelled Rides by Customer before cleaning
2026-05-08 19:46:38,884 - transform - INFO - 0 row have null in Cancelled Rides by Customer after cleaning
2026-05-08 19:46:38,884 - transform - INFO - terminate updating Cancelled Rides by Customer row
2026-05-08 19:46:38,884 - transform - INFO - updating Reason for cancelling by Customer...
2026-05-08 19:46:39,909 - transform - INFO - 138271 row have null value in Reason for cancelling by Customer before cleaning
2026-05-08 19:46:39,909 - transform - INFO - 0 row have null value in Reason for cancelling by Customer have updated to other
2026-05-08 19:46:39,909 - transform - INFO - terminate updating Reason for cancelling by Customer row
2026-05-08 19:46:39,909 - transform - INFO - updating Cancelled Rides by Driver row...
2026-05-08 19:46:40,393 - transform - INFO - 121836 row have null in Cancelled Rides by Driver before cleaning
2026-05-08 19:46:40,393 - transform - INFO - 0 row have null in Cancelled Rides by Driver after cleaning
2026-05-08 19:46:40,393 - transform - INFO - terminate updating Cancelled Rides by Driver row
2026-05-08 19:46:40,393 - transform - INFO - updating Incomplete Rides row...
2026-05-08 19:46:40,877 - transform - INFO - 139819 row have null in Incomplete Rides before cleaning
2026-05-08 19:46:40,877 - transform - INFO - 0 row have null in Incomplete Rides after cleaning
2026-05-08 19:46:40,877 - transform - INFO - terminate updating Incomplete Rides row
2026-05-08 19:46:40,877 - transform - INFO - updating Driver Cancellation Reason...
2026-05-08 19:46:41,463 - transform - INFO - 121836 row have null value in Driver Cancellation Reason before cleaning
2026-05-08 19:46:41,464 - transform - INFO - 0 row have null value in Driver Cancellation Reason have updated to other
2026-05-08 19:46:41,464 - transform - INFO - terminate updating Driver Cancellation Reason row
2026-05-08 19:46:41,464 - transform - INFO - updating Incomplete Rides Reason row...
2026-05-08 19:46:41,980 - transform - INFO - 139819 row have null in Incomplete Rides Reason before cleaning
2026-05-08 19:46:41,980 - transform - INFO - 0 row have null in Incomplete Rides Reason after cleaning
2026-05-08 19:46:41,980 - transform - INFO - terminate updating Incomplete Rides Reason row
2026-05-08 19:46:41,980 - transform - INFO - updating Book value row...
2026-05-08 19:46:42,424 - transform - INFO - 47869 row have null value in Booking Value before cleaning
2026-05-08 19:46:42,425 - transform - INFO - 0 row have null value in Booking Value before cleaning
2026-05-08 19:46:42,425 - transform - INFO - terminate updating book value row
2026-05-08 19:46:42,425 - transform - INFO - updating Ride Distance row...
2026-05-08 19:46:43,008 - transform - INFO - 47869 row have null value in Ride Distance before cleaning
2026-05-08 19:46:43,008 - transform - INFO - 0 row have null value in Ride Distance before cleaning
2026-05-08 19:46:43,009 - transform - INFO - terminate updating book value row
2026-05-08 19:46:43,009 - transform - INFO - updating Driver Ratings row...
2026-05-08 19:46:43,572 - transform - INFO - round the Driver Ratings value to 2 number after the comma...
2026-05-08 19:46:43,848 - transform - INFO - 56817 row have null value in Driver Ratings before cleaning
2026-05-08 19:46:43,848 - transform - INFO - 0 row have null value in Driver Ratings after cleaning
2026-05-08 19:46:43,848 - transform - INFO - terminate updating Driver Ratings row
2026-05-08 19:46:43,848 - transform - INFO - updating Customer Rating row...
2026-05-08 19:46:44,267 - transform - INFO - round the Customer Rating value to 2 number after the comma...
2026-05-08 19:46:44,507 - transform - INFO - 56817 row have null value in Customer Rating before cleaning
2026-05-08 19:46:44,508 - transform - INFO - 0 row have null value in Customer Rating after cleaning
2026-05-08 19:46:44,508 - transform - INFO - terminate updating Customer Rating row
2026-05-08 19:46:44,508 - transform - INFO - updating Payment Method row...
2026-05-08 19:46:45,031 - transform - INFO - 47869 row have null value in Payment Method before cleaning
2026-05-08 19:46:45,031 - transform - INFO - 0 row have null value in Payment Method after cleaning
2026-05-08 19:46:45,031 - transform - INFO - terminate updating Payment Method row
2026-05-08 19:46:45,032 - transform - INFO - updating Type of Date row...
2026-05-08 19:46:45,038 - transform - INFO - date was updated
2026-05-08 19:46:45,038 - transform - INFO - updating Type of Time row...
2026-05-08 19:46:45,044 - transform - INFO - Time was updated
2026-05-08 19:46:45,044 - transform - INFO - removing empty date row...
2026-05-08 19:46:45,240 - transform - INFO - 148767 rows have null value in Date before cleaning
2026-05-08 19:46:45,815 - transform - INFO - 148384 rows have null value in Date after cleaning
2026-05-08 19:46:45,815 - transform - INFO - verifying data...
2026-05-08 19:46:47,353 - transform - INFO - 148384 after remove duplicates data
2026-05-08 19:46:47,976 - transform - INFO - Row(Date=0, Time=0, Booking ID=0, Booking Status=0, Customer ID=0, Vehicle Type=0, Pickup Location=0, Drop Location=0, Cancelled Rides by Customer=0, Reason for cancelling by Customer=0, Cancelled Rides by Driver=0, Driver Cancellation Reason=0, Incomplete Rides=0, Incomplete Rides Reason=0, Booking Value=0, Ride Distance=0, Driver Ratings=0, Customer Rating=0, Payment Method=0) after update null values
2026-05-08 19:46:47,976 - load - INFO - saving in csv file in progress...
2026-05-08 19:46:49,194 - load - INFO - data frame uber was saving
2026-05-08 19:46:49,194 - load - INFO - creating data warehouse using Hive in progress...
2026-05-08 19:46:50,674 - load - INFO - data warehouse was created
2026-05-08 19:46:50,674 - load - INFO - saving data to Hive in progress...
2026-05-08 19:47:06,515 - load - INFO - data was saved
2026-05-08 19:47:06,515 - load - INFO - verifying if data exist in data warehouse...
2026-05-08 19:47:08,347 - load - INFO - exist 148384 in data warehouse
2026-05-08 19:47:08,347 - load - INFO - data warehouse exist in file:/Volumes/NVME/projects/uber_dashboard/spark-warehouse
2026-05-08 19:49:51,830 - spark session - INFO - Start to connecting to Spark...
2026-05-08 19:49:57,172 - spark session - INFO - Connected To Spark
2026-05-08 19:49:57,172 - transform - INFO - get information about dataset...
2026-05-08 19:49:57,667 - transform - INFO - count of rows before cleaning and duplicating : 150000
2026-05-08 19:49:57,667 - transform - INFO - type of columns [('Date', 'string'), ('Time', 'timestamp'), ('Booking ID', 'string'), ('Booking Status', 'string'), ('Customer ID', 'string'), ('Vehicle Type', 'string'), ('Pickup Location', 'string'), ('Drop Location', 'string'), ('Cancelled Rides by Customer', 'int'), ('Reason for cancelling by Customer', 'string'), ('Cancelled Rides by Driver', 'int'), ('Driver Cancellation Reason', 'string'), ('Incomplete Rides', 'int'), ('Incomplete Rides Reason', 'string'), ('Booking Value', 'int'), ('Ride Distance', 'double'), ('Driver Ratings', 'double'), ('Customer Rating', 'double'), ('Payment Method', 'string')]
2026-05-08 19:49:57,667 - transform - INFO - remove duplicate rows...
2026-05-08 19:49:58,562 - transform - INFO - 1224 row was removed because is duplicated
2026-05-08 19:49:58,931 - transform - INFO - 148767 unique rows
2026-05-08 19:49:58,931 - transform - INFO - updating Cancelled Rides by Customer row...
2026-05-08 19:49:59,679 - transform - INFO - 138271 row have null in Cancelled Rides by Customer before cleaning
2026-05-08 19:49:59,680 - transform - INFO - 0 row have null in Cancelled Rides by Customer after cleaning
2026-05-08 19:49:59,680 - transform - INFO - terminate updating Cancelled Rides by Customer row
2026-05-08 19:49:59,680 - transform - INFO - updating Reason for cancelling by Customer...
2026-05-08 19:50:00,680 - transform - INFO - 138271 row have null value in Reason for cancelling by Customer before cleaning
2026-05-08 19:50:00,680 - transform - INFO - 0 row have null value in Reason for cancelling by Customer have updated to other
2026-05-08 19:50:00,680 - transform - INFO - terminate updating Reason for cancelling by Customer row
2026-05-08 19:50:00,680 - transform - INFO - updating Cancelled Rides by Driver row...
2026-05-08 19:50:01,595 - transform - INFO - 121836 row have null in Cancelled Rides by Driver before cleaning
2026-05-08 19:50:01,596 - transform - INFO - 0 row have null in Cancelled Rides by Driver after cleaning
2026-05-08 19:50:01,596 - transform - INFO - terminate updating Cancelled Rides by Driver row
2026-05-08 19:50:01,596 - transform - INFO - updating Incomplete Rides row...
2026-05-08 19:50:02,688 - transform - INFO - 139819 row have null in Incomplete Rides before cleaning
2026-05-08 19:50:02,688 - transform - INFO - 0 row have null in Incomplete Rides after cleaning
2026-05-08 19:50:02,690 - transform - INFO - terminate updating Incomplete Rides row
2026-05-08 19:50:02,690 - transform - INFO - updating Driver Cancellation Reason...
2026-05-08 19:50:03,512 - transform - INFO - 121836 row have null value in Driver Cancellation Reason before cleaning
2026-05-08 19:50:03,513 - transform - INFO - 0 row have null value in Driver Cancellation Reason have updated to other
2026-05-08 19:50:03,513 - transform - INFO - terminate updating Driver Cancellation Reason row
2026-05-08 19:50:03,513 - transform - INFO - updating Incomplete Rides Reason row...
2026-05-08 19:50:04,362 - transform - INFO - 139819 row have null in Incomplete Rides Reason before cleaning
2026-05-08 19:50:04,362 - transform - INFO - 0 row have null in Incomplete Rides Reason after cleaning
2026-05-08 19:50:04,362 - transform - INFO - terminate updating Incomplete Rides Reason row
2026-05-08 19:50:04,362 - transform - INFO - updating Book value row...
2026-05-08 19:50:04,892 - transform - INFO - 47869 row have null value in Booking Value before cleaning
2026-05-08 19:50:04,892 - transform - INFO - 0 row have null value in Booking Value before cleaning
2026-05-08 19:50:04,892 - transform - INFO - terminate updating book value row
2026-05-08 19:50:04,892 - transform - INFO - updating Ride Distance row...
2026-05-08 19:50:05,566 - transform - INFO - 47869 row have null value in Ride Distance before cleaning
2026-05-08 19:50:05,566 - transform - INFO - 0 row have null value in Ride Distance before cleaning
2026-05-08 19:50:05,566 - transform - INFO - terminate updating book value row
2026-05-08 19:50:05,566 - transform - INFO - updating Driver Ratings row...
2026-05-08 19:50:06,381 - transform - INFO - round the Driver Ratings value to 2 number after the comma...
2026-05-08 19:50:06,693 - transform - INFO - 56817 row have null value in Driver Ratings before cleaning
2026-05-08 19:50:06,693 - transform - INFO - 0 row have null value in Driver Ratings after cleaning
2026-05-08 19:50:06,693 - transform - INFO - terminate updating Driver Ratings row
2026-05-08 19:50:06,693 - transform - INFO - updating Customer Rating row...
2026-05-08 19:50:07,169 - transform - INFO - round the Customer Rating value to 2 number after the comma...
2026-05-08 19:50:07,404 - transform - INFO - 56817 row have null value in Customer Rating before cleaning
2026-05-08 19:50:07,404 - transform - INFO - 0 row have null value in Customer Rating after cleaning
2026-05-08 19:50:07,404 - transform - INFO - terminate updating Customer Rating row
2026-05-08 19:50:07,404 - transform - INFO - updating Payment Method row...
2026-05-08 19:50:07,988 - transform - INFO - 47869 row have null value in Payment Method before cleaning
2026-05-08 19:50:07,988 - transform - INFO - 0 row have null value in Payment Method after cleaning
2026-05-08 19:50:07,988 - transform - INFO - terminate updating Payment Method row
2026-05-08 19:50:07,988 - transform - INFO - updating Type of Date row...
2026-05-08 19:50:07,995 - transform - INFO - date was updated
2026-05-08 19:50:07,995 - transform - INFO - updating Type of Time row...
2026-05-08 19:50:08,001 - transform - INFO - Time was updated
2026-05-08 19:50:08,001 - transform - INFO - removing empty date row...
2026-05-08 19:50:08,212 - transform - INFO - 148767 rows have null value in Date before cleaning
2026-05-08 19:50:08,737 - transform - INFO - 148384 rows have null value in Date after cleaning
2026-05-08 19:50:08,737 - transform - INFO - verifying data...
2026-05-08 19:50:10,183 - transform - INFO - 148384 after remove duplicates data
2026-05-08 19:50:10,820 - transform - INFO - Row(Date=0, Time=0, Booking ID=0, Booking Status=0, Customer ID=0, Vehicle Type=0, Pickup Location=0, Drop Location=0, Cancelled Rides by Customer=0, Reason for cancelling by Customer=0, Cancelled Rides by Driver=0, Driver Cancellation Reason=0, Incomplete Rides=0, Incomplete Rides Reason=0, Booking Value=0, Ride Distance=0, Driver Ratings=0, Customer Rating=0, Payment Method=0) after update null values
2026-05-08 19:50:10,820 - load - INFO - saving in csv file in progress...
2026-05-08 19:50:12,046 - load - INFO - data frame uber was saving
2026-05-08 19:50:12,046 - load - INFO - creating data warehouse using Hive in progress...
2026-05-08 19:50:13,798 - load - INFO - data warehouse was created
2026-05-08 19:50:13,798 - load - INFO - saving data to Hive in progress...
2026-05-08 19:50:29,971 - load - INFO - data was saved
2026-05-08 19:50:29,971 - load - INFO - verifying if data exist in data warehouse...
2026-05-08 19:50:31,696 - load - INFO - exist 148384 in data warehouse
2026-05-08 19:50:31,696 - load - INFO - data warehouse exist in file:/Volumes/NVME/projects/uber_dashboard/spark-warehouse
2026-05-08 19:50:31,696 - load - INFO - downloading data from data warehouse...
2026-05-08 19:50:33,793 - load - INFO - download data from data warehouse in success in path file:/Volumes/NVME/projects/uber_dashboard/data/loaded
2026-05-08 19:50:57,665 - spark session - INFO - Start to connecting to Spark...
2026-05-08 19:51:03,154 - spark session - INFO - Connected To Spark
2026-05-08 19:51:03,155 - transform - INFO - get information about dataset...
2026-05-08 19:51:03,531 - transform - INFO - count of rows before cleaning and duplicating : 150000
2026-05-08 19:51:03,531 - transform - INFO - type of columns [('Date', 'string'), ('Time', 'timestamp'), ('Booking ID', 'string'), ('Booking Status', 'string'), ('Customer ID', 'string'), ('Vehicle Type', 'string'), ('Pickup Location', 'string'), ('Drop Location', 'string'), ('Cancelled Rides by Customer', 'int'), ('Reason for cancelling by Customer', 'string'), ('Cancelled Rides by Driver', 'int'), ('Driver Cancellation Reason', 'string'), ('Incomplete Rides', 'int'), ('Incomplete Rides Reason', 'string'), ('Booking Value', 'int'), ('Ride Distance', 'double'), ('Driver Ratings', 'double'), ('Customer Rating', 'double'), ('Payment Method', 'string')]
2026-05-08 19:51:03,531 - transform - INFO - remove duplicate rows...
2026-05-08 19:51:04,480 - transform - INFO - 1224 row was removed because is duplicated
2026-05-08 19:51:04,841 - transform - INFO - 148767 unique rows
2026-05-08 19:51:04,842 - transform - INFO - updating Cancelled Rides by Customer row...
2026-05-08 19:51:05,621 - transform - INFO - 138271 row have null in Cancelled Rides by Customer before cleaning
2026-05-08 19:51:05,621 - transform - INFO - 0 row have null in Cancelled Rides by Customer after cleaning
2026-05-08 19:51:05,621 - transform - INFO - terminate updating Cancelled Rides by Customer row
2026-05-08 19:51:05,621 - transform - INFO - updating Reason for cancelling by Customer...
2026-05-08 19:51:06,656 - transform - INFO - 138271 row have null value in Reason for cancelling by Customer before cleaning
2026-05-08 19:51:06,656 - transform - INFO - 0 row have null value in Reason for cancelling by Customer have updated to other
2026-05-08 19:51:06,656 - transform - INFO - terminate updating Reason for cancelling by Customer row
2026-05-08 19:51:06,657 - transform - INFO - updating Cancelled Rides by Driver row...
2026-05-08 19:51:07,176 - transform - INFO - 121836 row have null in Cancelled Rides by Driver before cleaning
2026-05-08 19:51:07,176 - transform - INFO - 0 row have null in Cancelled Rides by Driver after cleaning
2026-05-08 19:51:07,177 - transform - INFO - terminate updating Cancelled Rides by Driver row
2026-05-08 19:51:07,177 - transform - INFO - updating Incomplete Rides row...
2026-05-08 19:51:07,671 - transform - INFO - 139819 row have null in Incomplete Rides before cleaning
2026-05-08 19:51:07,671 - transform - INFO - 0 row have null in Incomplete Rides after cleaning
2026-05-08 19:51:07,671 - transform - INFO - terminate updating Incomplete Rides row
2026-05-08 19:51:07,671 - transform - INFO - updating Driver Cancellation Reason...
2026-05-08 19:51:08,223 - transform - INFO - 121836 row have null value in Driver Cancellation Reason before cleaning
2026-05-08 19:51:08,223 - transform - INFO - 0 row have null value in Driver Cancellation Reason have updated to other
2026-05-08 19:51:08,223 - transform - INFO - terminate updating Driver Cancellation Reason row
2026-05-08 19:51:08,223 - transform - INFO - updating Incomplete Rides Reason row...
2026-05-08 19:51:08,760 - transform - INFO - 139819 row have null in Incomplete Rides Reason before cleaning
2026-05-08 19:51:08,760 - transform - INFO - 0 row have null in Incomplete Rides Reason after cleaning
2026-05-08 19:51:08,760 - transform - INFO - terminate updating Incomplete Rides Reason row
2026-05-08 19:51:08,760 - transform - INFO - updating Book value row...
2026-05-08 19:51:09,197 - transform - INFO - 47869 row have null value in Booking Value before cleaning
2026-05-08 19:51:09,197 - transform - INFO - 0 row have null value in Booking Value before cleaning
2026-05-08 19:51:09,197 - transform - INFO - terminate updating book value row
2026-05-08 19:51:09,197 - transform - INFO - updating Ride Distance row...
2026-05-08 19:51:09,780 - transform - INFO - 47869 row have null value in Ride Distance before cleaning
2026-05-08 19:51:09,781 - transform - INFO - 0 row have null value in Ride Distance before cleaning
2026-05-08 19:51:09,781 - transform - INFO - terminate updating book value row
2026-05-08 19:51:09,781 - transform - INFO - updating Driver Ratings row...
2026-05-08 19:51:10,356 - transform - INFO - round the Driver Ratings value to 2 number after the comma...
2026-05-08 19:51:10,639 - transform - INFO - 56817 row have null value in Driver Ratings before cleaning
2026-05-08 19:51:10,639 - transform - INFO - 0 row have null value in Driver Ratings after cleaning
2026-05-08 19:51:10,639 - transform - INFO - terminate updating Driver Ratings row
2026-05-08 19:51:10,639 - transform - INFO - updating Customer Rating row...
2026-05-08 19:51:11,111 - transform - INFO - round the Customer Rating value to 2 number after the comma...
2026-05-08 19:51:11,362 - transform - INFO - 56817 row have null value in Customer Rating before cleaning
2026-05-08 19:51:11,362 - transform - INFO - 0 row have null value in Customer Rating after cleaning
2026-05-08 19:51:11,362 - transform - INFO - terminate updating Customer Rating row
2026-05-08 19:51:11,362 - transform - INFO - updating Payment Method row...
2026-05-08 19:51:11,924 - transform - INFO - 47869 row have null value in Payment Method before cleaning
2026-05-08 19:51:11,924 - transform - INFO - 0 row have null value in Payment Method after cleaning
2026-05-08 19:51:11,924 - transform - INFO - terminate updating Payment Method row
2026-05-08 19:51:11,925 - transform - INFO - updating Type of Date row...
2026-05-08 19:51:11,931 - transform - INFO - date was updated
2026-05-08 19:51:11,931 - transform - INFO - updating Type of Time row...
2026-05-08 19:51:11,936 - transform - INFO - Time was updated
2026-05-08 19:51:11,936 - transform - INFO - removing empty date row...
2026-05-08 19:51:12,162 - transform - INFO - 148767 rows have null value in Date before cleaning
2026-05-08 19:51:12,734 - transform - INFO - 148384 rows have null value in Date after cleaning
2026-05-08 19:51:12,734 - transform - INFO - verifying data...
2026-05-08 19:51:14,203 - transform - INFO - 148384 after remove duplicates data
2026-05-08 19:51:15,080 - transform - INFO - Row(Date=0, Time=0, Booking ID=0, Booking Status=0, Customer ID=0, Vehicle Type=0, Pickup Location=0, Drop Location=0, Cancelled Rides by Customer=0, Reason for cancelling by Customer=0, Cancelled Rides by Driver=0, Driver Cancellation Reason=0, Incomplete Rides=0, Incomplete Rides Reason=0, Booking Value=0, Ride Distance=0, Driver Ratings=0, Customer Rating=0, Payment Method=0) after update null values
2026-05-08 19:51:15,080 - load - INFO - saving in csv file in progress...
2026-05-08 19:51:16,267 - load - INFO - data frame uber was saving
2026-05-08 19:51:16,267 - load - INFO - creating data warehouse using Hive in progress...
2026-05-08 19:51:17,649 - load - INFO - data warehouse was created
2026-05-08 19:51:17,649 - load - INFO - saving data to Hive in progress...
2026-05-08 19:51:36,549 - load - INFO - data was saved
2026-05-08 19:51:36,550 - load - INFO - verifying if data exist in data warehouse...
2026-05-08 19:51:38,648 - load - INFO - exist 148384 in data warehouse
2026-05-08 19:51:38,648 - load - INFO - data warehouse exist in file:/Volumes/NVME/projects/uber_dashboard/spark-warehouse
2026-05-08 19:51:38,648 - load - INFO - downloading data from data warehouse...
2026-05-08 19:51:41,628 - load - INFO - download data from data warehouse in success in path file:/Volumes/NVME/projects/uber_dashboard/data/loaded
2026-05-08 20:50:42,022 - spark session - INFO - Start to connecting to Spark...
2026-05-08 20:50:50,018 - spark session - INFO - Connected To Spark
2026-05-08 20:50:50,018 - transform - INFO - get information about dataset...
2026-05-08 20:50:50,434 - transform - INFO - count of rows before cleaning and duplicating : 150000
2026-05-08 20:50:50,434 - transform - INFO - type of columns [('Date', 'string'), ('Time', 'timestamp'), ('Booking ID', 'string'), ('Booking Status', 'string'), ('Customer ID', 'string'), ('Vehicle Type', 'string'), ('Pickup Location', 'string'), ('Drop Location', 'string'), ('Cancelled Rides by Customer', 'int'), ('Reason for cancelling by Customer', 'string'), ('Cancelled Rides by Driver', 'int'), ('Driver Cancellation Reason', 'string'), ('Incomplete Rides', 'int'), ('Incomplete Rides Reason', 'string'), ('Booking Value', 'int'), ('Ride Distance', 'double'), ('Driver Ratings', 'double'), ('Customer Rating', 'double'), ('Payment Method', 'string')]
2026-05-08 20:50:50,434 - transform - INFO - remove duplicate rows...
2026-05-08 20:50:51,610 - transform - INFO - 1224 row was removed because is duplicated
2026-05-08 20:50:51,995 - transform - INFO - 148767 unique rows
2026-05-08 20:50:51,995 - transform - INFO - updating Cancelled Rides by Customer row...
2026-05-08 20:50:52,806 - transform - INFO - 138271 row have null in Cancelled Rides by Customer before cleaning
2026-05-08 20:50:52,807 - transform - INFO - 0 row have null in Cancelled Rides by Customer after cleaning
2026-05-08 20:50:52,807 - transform - INFO - terminate updating Cancelled Rides by Customer row
2026-05-08 20:50:52,807 - transform - INFO - updating Reason for cancelling by Customer...
2026-05-08 20:50:53,804 - transform - INFO - 138271 row have null value in Reason for cancelling by Customer before cleaning
2026-05-08 20:50:53,804 - transform - INFO - 0 row have null value in Reason for cancelling by Customer have updated to other
2026-05-08 20:50:53,804 - transform - INFO - terminate updating Reason for cancelling by Customer row
2026-05-08 20:50:53,804 - transform - INFO - updating Cancelled Rides by Driver row...
2026-05-08 20:50:54,363 - transform - INFO - 121836 row have null in Cancelled Rides by Driver before cleaning
2026-05-08 20:50:54,363 - transform - INFO - 0 row have null in Cancelled Rides by Driver after cleaning
2026-05-08 20:50:54,363 - transform - INFO - terminate updating Cancelled Rides by Driver row
2026-05-08 20:50:54,363 - transform - INFO - updating Incomplete Rides row...
2026-05-08 20:50:54,921 - transform - INFO - 139819 row have null in Incomplete Rides before cleaning
2026-05-08 20:50:54,921 - transform - INFO - 0 row have null in Incomplete Rides after cleaning
2026-05-08 20:50:54,921 - transform - INFO - terminate updating Incomplete Rides row
2026-05-08 20:50:54,921 - transform - INFO - updating Driver Cancellation Reason...
2026-05-08 20:50:55,622 - transform - INFO - 121836 row have null value in Driver Cancellation Reason before cleaning
2026-05-08 20:50:55,623 - transform - INFO - 0 row have null value in Driver Cancellation Reason have updated to other
2026-05-08 20:50:55,623 - transform - INFO - terminate updating Driver Cancellation Reason row
2026-05-08 20:50:55,623 - transform - INFO - updating Incomplete Rides Reason row...
2026-05-08 20:50:56,201 - transform - INFO - 139819 row have null in Incomplete Rides Reason before cleaning
2026-05-08 20:50:56,201 - transform - INFO - 0 row have null in Incomplete Rides Reason after cleaning
2026-05-08 20:50:56,201 - transform - INFO - terminate updating Incomplete Rides Reason row
2026-05-08 20:50:56,201 - transform - INFO - updating Book value row...
2026-05-08 20:50:56,685 - transform - INFO - 47869 row have null value in Booking Value before cleaning
2026-05-08 20:50:56,685 - transform - INFO - 0 row have null value in Booking Value before cleaning
2026-05-08 20:50:56,685 - transform - INFO - terminate updating book value row
2026-05-08 20:50:56,685 - transform - INFO - updating Ride Distance row...
2026-05-08 20:50:57,335 - transform - INFO - 47869 row have null value in Ride Distance before cleaning
2026-05-08 20:50:57,335 - transform - INFO - 0 row have null value in Ride Distance before cleaning
2026-05-08 20:50:57,335 - transform - INFO - terminate updating book value row
2026-05-08 20:50:57,335 - transform - INFO - updating Driver Ratings row...
2026-05-08 20:50:58,058 - transform - INFO - round the Driver Ratings value to 2 number after the comma...
2026-05-08 20:50:58,412 - transform - INFO - 56817 row have null value in Driver Ratings before cleaning
2026-05-08 20:50:58,412 - transform - INFO - 0 row have null value in Driver Ratings after cleaning
2026-05-08 20:50:58,412 - transform - INFO - terminate updating Driver Ratings row
2026-05-08 20:50:58,412 - transform - INFO - updating Customer Rating row...
2026-05-08 20:50:58,913 - transform - INFO - round the Customer Rating value to 2 number after the comma...
2026-05-08 20:50:59,352 - transform - INFO - 56817 row have null value in Customer Rating before cleaning
2026-05-08 20:50:59,352 - transform - INFO - 0 row have null value in Customer Rating after cleaning
2026-05-08 20:50:59,352 - transform - INFO - terminate updating Customer Rating row
2026-05-08 20:50:59,352 - transform - INFO - updating Payment Method row...
2026-05-08 20:51:00,031 - transform - INFO - 47869 row have null value in Payment Method before cleaning
2026-05-08 20:51:00,031 - transform - INFO - 0 row have null value in Payment Method after cleaning
2026-05-08 20:51:00,031 - transform - INFO - terminate updating Payment Method row
2026-05-08 20:51:00,032 - transform - INFO - updating Type of Date row...
2026-05-08 20:51:00,039 - transform - INFO - date was updated
2026-05-08 20:51:00,039 - transform - INFO - updating Type of Time row...
2026-05-08 20:51:00,046 - transform - INFO - Time was updated
2026-05-08 20:51:00,046 - transform - INFO - removing empty date row...
2026-05-08 20:51:00,283 - transform - INFO - 148767 rows have null value in Date before cleaning
2026-05-08 20:51:00,820 - transform - INFO - 148384 rows have null value in Date after cleaning
2026-05-08 20:51:00,820 - transform - INFO - verifying data...
2026-05-08 20:51:02,258 - transform - INFO - 148384 after remove duplicates data
2026-05-08 20:51:02,878 - transform - INFO - Row(Date=0, Time=0, Booking ID=0, Booking Status=0, Customer ID=0, Vehicle Type=0, Pickup Location=0, Drop Location=0, Cancelled Rides by Customer=0, Reason for cancelling by Customer=0, Cancelled Rides by Driver=0, Driver Cancellation Reason=0, Incomplete Rides=0, Incomplete Rides Reason=0, Booking Value=0, Ride Distance=0, Driver Ratings=0, Customer Rating=0, Payment Method=0) after update null values
2026-05-08 20:51:02,879 - load - INFO - saving in csv file in progress...
2026-05-08 20:51:03,840 - load - INFO - data frame uber was saving
2026-05-08 20:51:03,840 - load - INFO - creating data warehouse using Hive in progress...
2026-05-08 20:55:24,395 - spark session - INFO - Start to connecting to Spark...
2026-05-08 20:55:29,540 - spark session - INFO - Connected To Spark
2026-05-08 20:55:29,541 - transform - INFO - get information about dataset...
2026-05-08 20:55:29,867 - transform - INFO - count of rows before cleaning and duplicating : 150000
2026-05-08 20:55:29,867 - transform - INFO - type of columns [('Date', 'string'), ('Time', 'timestamp'), ('Booking ID', 'string'), ('Booking Status', 'string'), ('Customer ID', 'string'), ('Vehicle Type', 'string'), ('Pickup Location', 'string'), ('Drop Location', 'string'), ('Cancelled Rides by Customer', 'int'), ('Reason for cancelling by Customer', 'string'), ('Cancelled Rides by Driver', 'int'), ('Driver Cancellation Reason', 'string'), ('Incomplete Rides', 'int'), ('Incomplete Rides Reason', 'string'), ('Booking Value', 'int'), ('Ride Distance', 'double'), ('Driver Ratings', 'double'), ('Customer Rating', 'double'), ('Payment Method', 'string')]
2026-05-08 20:55:29,867 - transform - INFO - remove duplicate rows...
2026-05-08 20:55:30,759 - transform - INFO - 1224 row was removed because is duplicated
2026-05-08 20:55:31,128 - transform - INFO - 148767 unique rows
2026-05-08 20:55:31,128 - transform - INFO - updating Cancelled Rides by Customer row...
2026-05-08 20:55:31,846 - transform - INFO - 138271 row have null in Cancelled Rides by Customer before cleaning
2026-05-08 20:55:31,846 - transform - INFO - 0 row have null in Cancelled Rides by Customer after cleaning
2026-05-08 20:55:31,846 - transform - INFO - terminate updating Cancelled Rides by Customer row
2026-05-08 20:55:31,846 - transform - INFO - updating Reason for cancelling by Customer...
2026-05-08 20:55:32,850 - transform - INFO - 138271 row have null value in Reason for cancelling by Customer before cleaning
2026-05-08 20:55:32,850 - transform - INFO - 0 row have null value in Reason for cancelling by Customer have updated to other
2026-05-08 20:55:32,850 - transform - INFO - terminate updating Reason for cancelling by Customer row
2026-05-08 20:55:32,850 - transform - INFO - updating Cancelled Rides by Driver row...
2026-05-08 20:55:33,385 - transform - INFO - 121836 row have null in Cancelled Rides by Driver before cleaning
2026-05-08 20:55:33,385 - transform - INFO - 0 row have null in Cancelled Rides by Driver after cleaning
2026-05-08 20:55:33,385 - transform - INFO - terminate updating Cancelled Rides by Driver row
2026-05-08 20:55:33,385 - transform - INFO - updating Incomplete Rides row...
2026-05-08 20:55:33,867 - transform - INFO - 139819 row have null in Incomplete Rides before cleaning
2026-05-08 20:55:33,867 - transform - INFO - 0 row have null in Incomplete Rides after cleaning
2026-05-08 20:55:33,867 - transform - INFO - terminate updating Incomplete Rides row
2026-05-08 20:55:33,867 - transform - INFO - updating Driver Cancellation Reason...
2026-05-08 20:55:34,384 - transform - INFO - 121836 row have null value in Driver Cancellation Reason before cleaning
2026-05-08 20:55:34,384 - transform - INFO - 0 row have null value in Driver Cancellation Reason have updated to other
2026-05-08 20:55:34,384 - transform - INFO - terminate updating Driver Cancellation Reason row
2026-05-08 20:55:34,384 - transform - INFO - updating Incomplete Rides Reason row...
2026-05-08 20:55:34,891 - transform - INFO - 139819 row have null in Incomplete Rides Reason before cleaning
2026-05-08 20:55:34,891 - transform - INFO - 0 row have null in Incomplete Rides Reason after cleaning
2026-05-08 20:55:34,891 - transform - INFO - terminate updating Incomplete Rides Reason row
2026-05-08 20:55:34,891 - transform - INFO - updating Book value row...
2026-05-08 20:55:35,282 - transform - INFO - 47869 row have null value in Booking Value before cleaning
2026-05-08 20:55:35,282 - transform - INFO - 0 row have null value in Booking Value before cleaning
2026-05-08 20:55:35,282 - transform - INFO - terminate updating book value row
2026-05-08 20:55:35,282 - transform - INFO - updating Ride Distance row...
2026-05-08 20:55:35,891 - transform - INFO - 47869 row have null value in Ride Distance before cleaning
2026-05-08 20:55:35,891 - transform - INFO - 0 row have null value in Ride Distance before cleaning
2026-05-08 20:55:35,891 - transform - INFO - terminate updating book value row
2026-05-08 20:55:35,891 - transform - INFO - updating Driver Ratings row...
2026-05-08 20:55:36,481 - transform - INFO - round the Driver Ratings value to 2 number after the comma...
2026-05-08 20:55:36,768 - transform - INFO - 56817 row have null value in Driver Ratings before cleaning
2026-05-08 20:55:36,768 - transform - INFO - 0 row have null value in Driver Ratings after cleaning
2026-05-08 20:55:36,768 - transform - INFO - terminate updating Driver Ratings row
2026-05-08 20:55:36,768 - transform - INFO - updating Customer Rating row...
2026-05-08 20:55:37,192 - transform - INFO - round the Customer Rating value to 2 number after the comma...
2026-05-08 20:55:37,443 - transform - INFO - 56817 row have null value in Customer Rating before cleaning
2026-05-08 20:55:37,443 - transform - INFO - 0 row have null value in Customer Rating after cleaning
2026-05-08 20:55:37,443 - transform - INFO - terminate updating Customer Rating row
2026-05-08 20:55:37,444 - transform - INFO - updating Payment Method row...
2026-05-08 20:55:37,987 - transform - INFO - 47869 row have null value in Payment Method before cleaning
2026-05-08 20:55:37,987 - transform - INFO - 0 row have null value in Payment Method after cleaning
2026-05-08 20:55:37,987 - transform - INFO - terminate updating Payment Method row
2026-05-08 20:55:37,987 - transform - INFO - updating Type of Date row...
2026-05-08 20:55:37,993 - transform - INFO - date was updated
2026-05-08 20:55:37,993 - transform - INFO - updating Type of Time row...
2026-05-08 20:55:37,997 - transform - INFO - Time was updated
2026-05-08 20:55:37,997 - transform - INFO - removing empty date row...
2026-05-08 20:55:38,221 - transform - INFO - 148767 rows have null value in Date before cleaning
2026-05-08 20:55:38,717 - transform - INFO - 148384 rows have null value in Date after cleaning
2026-05-08 20:55:38,717 - transform - INFO - verifying data...
2026-05-08 20:55:38,717 - transform - INFO - change the attribute name with add _ and lowercase in every name
2026-05-08 20:55:40,285 - transform - INFO - 148384 after remove duplicates data
2026-05-08 20:55:40,889 - transform - INFO - Row(date=0, time=0, booking_id=0, booking_status=0, customer_id=0, vehicle_type=0, pickup_location=0, drop_location=0, cancelled_rides_by_customer=0, reason_for_cancelling_by_customer=0, cancelled_rides_by_driver=0, driver_cancellation_reason=0, incomplete_rides=0, incomplete_rides_reason=0, booking_value=0, ride_distance=0, driver_ratings=0, customer_rating=0, payment_method=0) after update null values
2026-05-08 20:55:40,889 - load - INFO - saving in csv file in progress...
2026-05-08 20:55:41,842 - load - INFO - data frame uber was saving
2026-05-08 20:55:41,842 - load - INFO - creating data warehouse using Hive in progress...
2026-05-08 20:57:05,897 - spark session - INFO - Start to connecting to Spark...
2026-05-08 21:00:58,665 - spark session - INFO - Start to connecting to Spark...
2026-05-08 21:01:11,488 - spark session - INFO - Start to connecting to Spark...
2026-05-08 21:02:01,200 - spark session - INFO - Start to connecting to Spark...
2026-05-08 21:03:29,155 - spark session - INFO - Start to connecting to Spark...
2026-05-08 21:03:37,450 - spark session - INFO - Start to connecting to Spark...
2026-05-08 21:03:44,878 - spark session - INFO - Connected To Spark
2026-05-08 21:03:44,879 - transform - INFO - get information about dataset...
2026-05-08 21:03:45,228 - transform - INFO - count of rows before cleaning and duplicating : 150000
2026-05-08 21:03:45,228 - transform - INFO - type of columns [('Date', 'string'), ('Time', 'timestamp'), ('Booking ID', 'string'), ('Booking Status', 'string'), ('Customer ID', 'string'), ('Vehicle Type', 'string'), ('Pickup Location', 'string'), ('Drop Location', 'string'), ('Cancelled Rides by Customer', 'int'), ('Reason for cancelling by Customer', 'string'), ('Cancelled Rides by Driver', 'int'), ('Driver Cancellation Reason', 'string'), ('Incomplete Rides', 'int'), ('Incomplete Rides Reason', 'string'), ('Booking Value', 'int'), ('Ride Distance', 'double'), ('Driver Ratings', 'double'), ('Customer Rating', 'double'), ('Payment Method', 'string')]
2026-05-08 21:03:45,228 - transform - INFO - remove duplicate rows...
2026-05-08 21:03:46,047 - transform - INFO - 1224 row was removed because is duplicated
2026-05-08 21:03:46,383 - transform - INFO - 148767 unique rows
2026-05-08 21:03:46,383 - transform - INFO - updating Cancelled Rides by Customer row...
2026-05-08 21:03:47,182 - transform - INFO - 138271 row have null in Cancelled Rides by Customer before cleaning
2026-05-08 21:03:47,182 - transform - INFO - 0 row have null in Cancelled Rides by Customer after cleaning
2026-05-08 21:03:47,182 - transform - INFO - terminate updating Cancelled Rides by Customer row
2026-05-08 21:03:47,182 - transform - INFO - updating Reason for cancelling by Customer...
2026-05-08 21:03:48,071 - transform - INFO - 138271 row have null value in Reason for cancelling by Customer before cleaning
2026-05-08 21:03:48,071 - transform - INFO - 0 row have null value in Reason for cancelling by Customer have updated to other
2026-05-08 21:03:48,071 - transform - INFO - terminate updating Reason for cancelling by Customer row
2026-05-08 21:03:48,071 - transform - INFO - updating Cancelled Rides by Driver row...
2026-05-08 21:03:48,607 - transform - INFO - 121836 row have null in Cancelled Rides by Driver before cleaning
2026-05-08 21:03:48,607 - transform - INFO - 0 row have null in Cancelled Rides by Driver after cleaning
2026-05-08 21:03:48,607 - transform - INFO - terminate updating Cancelled Rides by Driver row
2026-05-08 21:03:48,607 - transform - INFO - updating Incomplete Rides row...
2026-05-08 21:03:49,102 - transform - INFO - 139819 row have null in Incomplete Rides before cleaning
2026-05-08 21:03:49,102 - transform - INFO - 0 row have null in Incomplete Rides after cleaning
2026-05-08 21:03:49,102 - transform - INFO - terminate updating Incomplete Rides row
2026-05-08 21:03:49,102 - transform - INFO - updating Driver Cancellation Reason...
2026-05-08 21:03:49,739 - transform - INFO - 121836 row have null value in Driver Cancellation Reason before cleaning
2026-05-08 21:03:49,739 - transform - INFO - 0 row have null value in Driver Cancellation Reason have updated to other
2026-05-08 21:03:49,739 - transform - INFO - terminate updating Driver Cancellation Reason row
2026-05-08 21:03:49,739 - transform - INFO - updating Incomplete Rides Reason row...
2026-05-08 21:03:50,328 - transform - INFO - 139819 row have null in Incomplete Rides Reason before cleaning
2026-05-08 21:03:50,328 - transform - INFO - 0 row have null in Incomplete Rides Reason after cleaning
2026-05-08 21:03:50,328 - transform - INFO - terminate updating Incomplete Rides Reason row
2026-05-08 21:03:50,328 - transform - INFO - updating Book value row...
2026-05-08 21:03:50,812 - transform - INFO - 47869 row have null value in Booking Value before cleaning
2026-05-08 21:03:50,812 - transform - INFO - 0 row have null value in Booking Value before cleaning
2026-05-08 21:03:50,812 - transform - INFO - terminate updating book value row
2026-05-08 21:03:50,812 - transform - INFO - updating Ride Distance row...
2026-05-08 21:03:51,417 - transform - INFO - 47869 row have null value in Ride Distance before cleaning
2026-05-08 21:03:51,417 - transform - INFO - 0 row have null value in Ride Distance before cleaning
2026-05-08 21:03:51,417 - transform - INFO - terminate updating book value row
2026-05-08 21:03:51,417 - transform - INFO - updating Driver Ratings row...
2026-05-08 21:03:51,988 - transform - INFO - round the Driver Ratings value to 2 number after the comma...
2026-05-08 21:03:52,334 - transform - INFO - 56817 row have null value in Driver Ratings before cleaning
2026-05-08 21:03:52,335 - transform - INFO - 0 row have null value in Driver Ratings after cleaning
2026-05-08 21:03:52,335 - transform - INFO - terminate updating Driver Ratings row
2026-05-08 21:03:52,335 - transform - INFO - updating Customer Rating row...
2026-05-08 21:03:52,793 - transform - INFO - round the Customer Rating value to 2 number after the comma...
2026-05-08 21:03:53,039 - transform - INFO - 56817 row have null value in Customer Rating before cleaning
2026-05-08 21:03:53,039 - transform - INFO - 0 row have null value in Customer Rating after cleaning
2026-05-08 21:03:53,039 - transform - INFO - terminate updating Customer Rating row
2026-05-08 21:03:53,039 - transform - INFO - updating Payment Method row...
2026-05-08 21:03:53,570 - transform - INFO - 47869 row have null value in Payment Method before cleaning
2026-05-08 21:03:53,570 - transform - INFO - 0 row have null value in Payment Method after cleaning
2026-05-08 21:03:53,570 - transform - INFO - terminate updating Payment Method row
2026-05-08 21:03:53,570 - transform - INFO - updating Type of Date row...
2026-05-08 21:03:53,577 - transform - INFO - date was updated
2026-05-08 21:03:53,577 - transform - INFO - updating Type of Time row...
2026-05-08 21:03:53,582 - transform - INFO - Time was updated
2026-05-08 21:03:53,582 - transform - INFO - removing empty date row...
2026-05-08 21:03:53,816 - transform - INFO - 148767 rows have null value in Date before cleaning
2026-05-08 21:03:54,319 - transform - INFO - 148384 rows have null value in Date after cleaning
2026-05-08 21:03:54,319 - transform - INFO - verifying data...
2026-05-08 21:03:54,319 - transform - INFO - change the attribute name with add _ and lowercase in every name
2026-05-08 21:03:55,770 - transform - INFO - 148384 after remove duplicates data
2026-05-08 21:03:56,411 - transform - INFO - Row(date=0, time=0, booking_id=0, booking_status=0, customer_id=0, vehicle_type=0, pickup_location=0, drop_location=0, cancelled_rides_by_customer=0, reason_for_cancelling_by_customer=0, cancelled_rides_by_driver=0, driver_cancellation_reason=0, incomplete_rides=0, incomplete_rides_reason=0, booking_value=0, ride_distance=0, driver_ratings=0, customer_rating=0, payment_method=0) after update null values
2026-05-08 21:03:56,412 - load - INFO - saving in csv file in progress...
2026-05-08 21:03:57,666 - load - INFO - data frame uber was saving
2026-05-08 21:03:57,666 - load - INFO - creating data warehouse using Hive in progress...
